{"mean":{"confidence_interval":{"confidence_level":0.95,"lower_bound":20.012988476478014,"upper_bound":20.025022817525457},"point_estimate":20.018163564952076,"standard_error":0.003099012219478388},"median":{"confidence_interval":{"confidence_level":0.95,"lower_bound":20.006624559139606,"upper_bound":20.01358591852014},"point_estimate":20.009343801603897,"standard_error":0.0018737494478582627},"median_abs_dev":{"confidence_interval":{"confidence_level":0.95,"lower_bound":0.005185697622985053,"upper_bound":0.012923814979810582},"point_estimate":0.008652985029886753,"standard_error":0.002001718459424462},"slope":{"confidence_interval":{"confidence_level":0.95,"lower_bound":20.007485828284015,"upper_bound":20.011155894021233},"point_estimate":20.00925781021088,"standard_error":0.000937838130938886},"std_dev":{"confidence_interval":{"confidence_level":0.95,"lower_bound":0.012924336332068383,"upper_bound":0.04781156619689287},"point_estimate":0.031064331898543046,"standard_error":0.009828723994649432}}