{"mean":{"confidence_interval":{"confidence_level":0.95,"lower_bound":21.005045443668163,"upper_bound":21.00996397544836},"point_estimate":21.00721135694364,"standard_error":0.0012668210967517},"median":{"confidence_interval":{"confidence_level":0.95,"lower_bound":21.00245951798155,"upper_bound":21.005106363765616},"point_estimate":21.00345301785587,"standard_error":0.0007051537128274585},"median_abs_dev":{"confidence_interval":{"confidence_level":0.95,"lower_bound":0.0018958907299416077,"upper_bound":0.004885272019211735},"point_estimate":0.003166916898388869,"standard_error":0.000738614077807665},"slope":{"confidence_interval":{"confidence_level":0.95,"lower_bound":21.00277897018515,"upper_bound":21.004111928378332},"point_estimate":21.003422034624432,"standard_error":0.0003398890328972064},"std_dev":{"confidence_interval":{"confidence_level":0.95,"lower_bound":0.005530632520757489,"upper_bound":0.018957373863996582},"point_estimate":0.012712391218922195,"standard_error":0.0035215415150228703}}