{"mean":{"confidence_interval":{"confidence_level":0.95,"lower_bound":59.01364871550224,"upper_bound":59.02640392661137},"point_estimate":59.01920134665019,"standard_error":0.0032952417315680925},"median":{"confidence_interval":{"confidence_level":0.95,"lower_bound":59.00678043083312,"upper_bound":59.0141015658794},"point_estimate":59.00951932407605,"standard_error":0.0019621443154021908},"median_abs_dev":{"confidence_interval":{"confidence_level":0.95,"lower_bound":0.005253704400230934,"upper_bound":0.013498122728592304},"point_estimate":0.008856828825108454,"standard_error":0.002084068046400518},"slope":{"confidence_interval":{"confidence_level":0.95,"lower_bound":59.007608114676266,"upper_bound":59.01129289727372},"point_estimate":59.00939451394074,"standard_error":0.0009427867075987408},"std_dev":{"confidence_interval":{"confidence_level":0.95,"lower_bound":0.014547622526530047,"upper_bound":0.05019300783383645},"point_estimate":0.03310716613638256,"standard_error":0.009929055178524705}}