{"mean":{"confidence_interval":{"confidence_level":0.95,"lower_bound":35.00739565498887,"upper_bound":35.01431012235106},"point_estimate":35.01042178390144,"standard_error":0.0017805854450668216},"median":{"confidence_interval":{"confidence_level":0.95,"lower_bound":35.00360493997516,"upper_bound":35.007589347316134},"point_estimate":35.00506112262523,"standard_error":0.0010379359299407809},"median_abs_dev":{"confidence_interval":{"confidence_level":0.95,"lower_bound":0.002771901198144402,"upper_bound":0.007099511049622763},"point_estimate":0.004678658442304484,"standard_error":0.0011073129866284958},"slope":{"confidence_interval":{"confidence_level":0.95,"lower_bound":35.004048737959515,"upper_bound":35.00605995353415},"point_estimate":35.00502131210096,"standard_error":0.0005149314999497427},"std_dev":{"confidence_interval":{"confidence_level":0.95,"lower_bound":0.008147407410202914,"upper_bound":0.026972367936063727},"point_estimate":0.017957883757476516,"standard_error":0.0051704498494672705}}