{"mean":{"confidence_interval":{"confidence_level":0.95,"lower_bound":-0.00012935002295448028,"upper_bound":0.00015642360178823585},"point_estimate":0.000018012656096688673,"standard_error":0.00007261266616260131},"median":{"confidence_interval":{"confidence_level":0.95,"lower_bound":-0.00007695495832182875,"upper_bound":0.00009177435929252908},"point_estimate":0.00001572903218249877,"standard_error":0.00004322750216181854}}