{"mean":{"confidence_interval":{"confidence_level":0.95,"lower_bound":58.0149440813866,"upper_bound":58.03308572213256},"point_estimate":58.02300466157389,"standard_error":0.004677090286121968},"median":{"confidence_interval":{"confidence_level":0.95,"lower_bound":58.00692651044157,"upper_bound":58.01424014050065},"point_estimate":58.009589008017,"standard_error":0.0019770959828170217},"median_abs_dev":{"confidence_interval":{"confidence_level":0.95,"lower_bound":0.005446265829316318,"upper_bound":0.013537680248249147},"point_estimate":0.008886132409291786,"standard_error":0.0021152330656053586},"slope":{"confidence_interval":{"confidence_level":0.95,"lower_bound":58.00785263767788,"upper_bound":58.01161922157933},"point_estimate":58.00967570920393,"standard_error":0.0009611816929017366},"std_dev":{"confidence_interval":{"confidence_level":0.95,"lower_bound":0.018422451826987353,"upper_bound":0.06655737950579588},"point_estimate":0.047114478853066764,"standard_error":0.01170835929451356}}