{"mean":{"confidence_interval":{"confidence_level":0.95,"lower_bound":-0.0001504420118704469,"upper_bound":0.00014553573380349794},"point_estimate":-6.54342061090496e-6,"standard_error":0.00007461354737701817},"median":{"confidence_interval":{"confidence_level":0.95,"lower_bound":-0.00007891859608533114,"upper_bound":0.00008906085543203268},"point_estimate":1.7196178765388481e-6,"standard_error":0.00004195120984128152}}