{"mean":{"confidence_interval":{"confidence_level":0.95,"lower_bound":46.02788005872156,"upper_bound":46.05283704473097},"point_estimate":46.03885258570573,"standard_error":0.00642048392872076},"median":{"confidence_interval":{"confidence_level":0.95,"lower_bound":46.013250816311036,"upper_bound":46.028944375295076},"point_estimate":46.018798281076165,"standard_error":0.004131588458358001},"median_abs_dev":{"confidence_interval":{"confidence_level":0.95,"lower_bound":0.010496832615162198,"upper_bound":0.02867024367408775},"point_estimate":0.018238627076948514,"standard_error":0.004546618177740034},"slope":{"confidence_interval":{"confidence_level":0.95,"lower_bound":46.01622259680435,"upper_bound":46.02796816925011},"point_estimate":46.02159298266908,"standard_error":0.003010725265001821},"std_dev":{"confidence_interval":{"confidence_level":0.95,"lower_bound":0.029844991240629174,"upper_bound":0.09683586299166437},"point_estimate":0.06464869489570117,"standard_error":0.018317111772138402}}