{"mean":{"confidence_interval":{"confidence_level":0.95,"lower_bound":20.012970299930192,"upper_bound":20.024984593684106},"point_estimate":20.018127982136846,"standard_error":0.0031060000284325396},"median":{"confidence_interval":{"confidence_level":0.95,"lower_bound":20.00667285280855,"upper_bound":20.013584921147945},"point_estimate":20.00941191881016,"standard_error":0.0018722848745987902},"median_abs_dev":{"confidence_interval":{"confidence_level":0.95,"lower_bound":0.0052044022700167,"upper_bound":0.012811887495441966},"point_estimate":0.00867994831511446,"standard_error":0.0019655925991803685},"slope":{"confidence_interval":{"confidence_level":0.95,"lower_bound":20.007475941480266,"upper_bound":20.010995543482267},"point_estimate":20.009193016890666,"standard_error":0.0008997006800371567},"std_dev":{"confidence_interval":{"confidence_level":0.95,"lower_bound":0.012871635951978768,"upper_bound":0.04810940082884877},"point_estimate":0.03121666247819844,"standard_error":0.009931095326531386}}