{"mean":{"confidence_interval":{"confidence_level":0.95,"lower_bound":21.004813084996023,"upper_bound":21.009358586788675},"point_estimate":21.006786387971456,"standard_error":0.0011717302777954108},"median":{"confidence_interval":{"confidence_level":0.95,"lower_bound":21.002401112094024,"upper_bound":21.00500569163134},"point_estimate":21.003338097790483,"standard_error":0.0006815918980285112},"median_abs_dev":{"confidence_interval":{"confidence_level":0.95,"lower_bound":0.0018241782183109707,"upper_bound":0.004758078333223175},"point_estimate":0.0031012304289905787,"standard_error":0.0007387712478245746},"slope":{"confidence_interval":{"confidence_level":0.95,"lower_bound":21.002642903009455,"upper_bound":21.00391615673455},"point_estimate":21.00325739226154,"standard_error":0.00032456701426846466},"std_dev":{"confidence_interval":{"confidence_level":0.95,"lower_bound":0.005035020114790347,"upper_bound":0.018045535020410782},"point_estimate":0.011802883267772228,"standard_error":0.003654258817019532}}