{"mean":{"confidence_interval":{"confidence_level":0.95,"lower_bound":21.00494715319785,"upper_bound":21.009660874263208},"point_estimate":21.006993289812367,"standard_error":0.001211065825619502},"median":{"confidence_interval":{"confidence_level":0.95,"lower_bound":21.002420494290412,"upper_bound":21.005102305102305},"point_estimate":21.003365043499144,"standard_error":0.0006820260058345623},"median_abs_dev":{"confidence_interval":{"confidence_level":0.95,"lower_bound":0.0018312084195304405,"upper_bound":0.00486293143619428},"point_estimate":0.0031262641029240774,"standard_error":0.0007543354179472419},"slope":{"confidence_interval":{"confidence_level":0.95,"lower_bound":21.00268830816339,"upper_bound":21.004066667298886},"point_estimate":21.00335046692576,"standard_error":0.00035069545797635973},"std_dev":{"confidence_interval":{"confidence_level":0.95,"lower_bound":0.005372778243503059,"upper_bound":0.018467737744831438},"point_estimate":0.012186328257681336,"standard_error":0.003611311868419126}}