{"mean":{"confidence_interval":{"confidence_level":0.95,"lower_bound":40.010117315786275,"upper_bound":40.02258154873223},"point_estimate":40.01570583420612,"standard_error":0.003197056244830547},"median":{"confidence_interval":{"confidence_level":0.95,"lower_bound":40.00440928270042,"upper_bound":40.00935675536037},"point_estimate":40.00619037226414,"standard_error":0.0012811570684939236},"median_abs_dev":{"confidence_interval":{"confidence_level":0.95,"lower_bound":0.0033794457841688553,"upper_bound":0.008923400723343158},"point_estimate":0.0057595546773224135,"standard_error":0.0013797748353295137},"slope":{"confidence_interval":{"confidence_level":0.95,"lower_bound":40.00507938931398,"upper_bound":40.00762465862637},"point_estimate":40.00631163321131,"standard_error":0.000650230173542294},"std_dev":{"confidence_interval":{"confidence_level":0.95,"lower_bound":0.015760552508939853,"upper_bound":0.04456088181477014},"point_estimate":0.0321995571104215,"standard_error":0.007307641783962964}}