{"mean":{"confidence_interval":{"confidence_level":0.95,"lower_bound":49.01160515827479,"upper_bound":49.02208246906499},"point_estimate":49.016176687538206,"standard_error":0.0026957187327705905},"median":{"confidence_interval":{"confidence_level":0.95,"lower_bound":49.0057483277592,"upper_bound":49.011394317865104},"point_estimate":49.00794577051371,"standard_error":0.0016178742701903651},"median_abs_dev":{"confidence_interval":{"confidence_level":0.95,"lower_bound":0.0045730329965519775,"upper_bound":0.011080825864100087},"point_estimate":0.007343211954520947,"standard_error":0.0016998906782847226},"slope":{"confidence_interval":{"confidence_level":0.95,"lower_bound":49.00661047685518,"upper_bound":49.01057306627108},"point_estimate":49.00843194372849,"standard_error":0.0010116326065637829},"std_dev":{"confidence_interval":{"confidence_level":0.95,"lower_bound":0.01290160489314927,"upper_bound":0.04053530058183233},"point_estimate":0.02702405231090018,"standard_error":0.007747930558820721}}