{"mean":{"confidence_interval":{"confidence_level":0.95,"lower_bound":62.01299409892996,"upper_bound":62.02503603592659},"point_estimate":62.01820493854981,"standard_error":0.0030918512547003334},"median":{"confidence_interval":{"confidence_level":0.95,"lower_bound":62.0064094700687,"upper_bound":62.01349362119725},"point_estimate":62.00899851709152,"standard_error":0.0018462936622051676},"median_abs_dev":{"confidence_interval":{"confidence_level":0.95,"lower_bound":0.0049890556536875555,"upper_bound":0.012902644337986498},"point_estimate":0.008372267287325773,"standard_error":0.002018397190703558},"slope":{"confidence_interval":{"confidence_level":0.95,"lower_bound":62.00727777634393,"upper_bound":62.0112489427446},"point_estimate":62.00916748397849,"standard_error":0.0010127211735953703},"std_dev":{"confidence_interval":{"confidence_level":0.95,"lower_bound":0.013671506550184426,"upper_bound":0.047281151090713416},"point_estimate":0.031144630051206993,"standard_error":0.00937035033368067}}