{"mean":{"confidence_interval":{"confidence_level":0.95,"lower_bound":20.013832670520312,"upper_bound":20.026409008575992},"point_estimate":20.019313072559594,"standard_error":0.003242914772276386},"median":{"confidence_interval":{"confidence_level":0.95,"lower_bound":20.006648463296926,"upper_bound":20.0143025853062},"point_estimate":20.009334049456278,"standard_error":0.0019995290019030523},"median_abs_dev":{"confidence_interval":{"confidence_level":0.95,"lower_bound":0.005123256127102187,"upper_bound":0.013743299168930604},"point_estimate":0.00887896264928318,"standard_error":0.002207166320942638},"slope":{"confidence_interval":{"confidence_level":0.95,"lower_bound":20.0079062191089,"upper_bound":20.01290115287609},"point_estimate":20.010203103190307,"standard_error":0.0012691755615129548},"std_dev":{"confidence_interval":{"confidence_level":0.95,"lower_bound":0.014876824163603567,"upper_bound":0.04922025915043908},"point_estimate":0.03255995486364971,"standard_error":0.00959146262578497}}