{"mean":{"confidence_interval":{"confidence_level":0.95,"lower_bound":-0.00013576804844510625,"upper_bound":0.00023755890661654732},"point_estimate":0.00003442042647971988,"standard_error":0.00009409157234373526},"median":{"confidence_interval":{"confidence_level":0.95,"lower_bound":-0.00008822941833652731,"upper_bound":0.00007017384492602474},"point_estimate":-8.348376947631131e-6,"standard_error":0.000040100520304403016}}