{"mean":{"confidence_interval":{"confidence_level":0.95,"lower_bound":21.00492375776626,"upper_bound":21.009499762672554},"point_estimate":21.006896751275576,"standard_error":0.0011831161380037223},"median":{"confidence_interval":{"confidence_level":0.95,"lower_bound":21.00241179077196,"upper_bound":21.00511561843964},"point_estimate":21.00335294360768,"standard_error":0.0006900307445316339},"median_abs_dev":{"confidence_interval":{"confidence_level":0.95,"lower_bound":0.001832291047257085,"upper_bound":0.004802563117899685},"point_estimate":0.003115022805048385,"standard_error":0.0007497983572831529},"slope":{"confidence_interval":{"confidence_level":0.95,"lower_bound":21.002702371370656,"upper_bound":21.004033558621533},"point_estimate":21.00334743926391,"standard_error":0.00034065941561059633},"std_dev":{"confidence_interval":{"confidence_level":0.95,"lower_bound":0.005209090303900334,"upper_bound":0.01818321727463248},"point_estimate":0.011902429548595885,"standard_error":0.003650393595318266}}