{"mean":{"confidence_interval":{"confidence_level":0.95,"lower_bound":47.00933669846185,"upper_bound":47.01817638102433},"point_estimate":47.01313384704909,"standard_error":0.0022809439232128604},"median":{"confidence_interval":{"confidence_level":0.95,"lower_bound":47.00468819265024,"upper_bound":47.00964383118297},"point_estimate":47.00651766552927,"standard_error":0.0013136903949792225},"median_abs_dev":{"confidence_interval":{"confidence_level":0.95,"lower_bound":0.0035923437206478678,"upper_bound":0.009229068091350899},"point_estimate":0.005947474425700505,"standard_error":0.0014182625937531202},"slope":{"confidence_interval":{"confidence_level":0.95,"lower_bound":47.00522200965081,"upper_bound":47.00767089136974},"point_estimate":47.00640789331503,"standard_error":0.0006256175570414322},"std_dev":{"confidence_interval":{"confidence_level":0.95,"lower_bound":0.009502677926646854,"upper_bound":0.035166882766511295},"point_estimate":0.022885392582712594,"standard_error":0.007252214876373649}}