{"mean":{"confidence_interval":{"confidence_level":0.95,"lower_bound":21.005746819497652,"upper_bound":21.010981951606766},"point_estimate":21.007998538635842,"standard_error":0.001351964624286915},"median":{"confidence_interval":{"confidence_level":0.95,"lower_bound":21.003016462205373,"upper_bound":21.005894138283633},"point_estimate":21.004263266583596,"standard_error":0.0008461805550143045},"median_abs_dev":{"confidence_interval":{"confidence_level":0.95,"lower_bound":0.002458236426914284,"upper_bound":0.005587846322594724},"point_estimate":0.00394195330495577,"standard_error":0.0008429975764285457},"slope":{"confidence_interval":{"confidence_level":0.95,"lower_bound":21.003312117175582,"upper_bound":21.004783548072723},"point_estimate":21.004031848189342,"standard_error":0.00037776462822120964},"std_dev":{"confidence_interval":{"confidence_level":0.95,"lower_bound":0.0058405856656414575,"upper_bound":0.020755053088637173},"point_estimate":0.013569287188810697,"standard_error":0.004183496839264961}}