{"mean":{"confidence_interval":{"confidence_level":0.95,"lower_bound":49.010814426130466,"upper_bound":49.02107944441249},"point_estimate":49.01533444825641,"standard_error":0.0026359922957885145},"median":{"confidence_interval":{"confidence_level":0.95,"lower_bound":49.00542941757157,"upper_bound":49.01099969042795},"point_estimate":49.00778835255637,"standard_error":0.0015839834988410062},"median_abs_dev":{"confidence_interval":{"confidence_level":0.95,"lower_bound":0.004317106290583451,"upper_bound":0.010395599154714455},"point_estimate":0.007081271680904119,"standard_error":0.0015692444515760008},"slope":{"confidence_interval":{"confidence_level":0.95,"lower_bound":49.00613779661178,"upper_bound":49.0089102866656},"point_estimate":49.0074845393219,"standard_error":0.0007076678210419384},"std_dev":{"confidence_interval":{"confidence_level":0.95,"lower_bound":0.011778396197439811,"upper_bound":0.03963945451798778},"point_estimate":0.026531097571044597,"standard_error":0.007329875109539506}}