{"mean":{"confidence_interval":{"confidence_level":0.95,"lower_bound":42.00882828811445,"upper_bound":42.01703681539813},"point_estimate":42.012392363002874,"standard_error":0.0021163364855369318},"median":{"confidence_interval":{"confidence_level":0.95,"lower_bound":42.004305372445614,"upper_bound":42.00891516516516},"point_estimate":42.005985457440204,"standard_error":0.001216631266192248},"median_abs_dev":{"confidence_interval":{"confidence_level":0.95,"lower_bound":0.0033037900655760676,"upper_bound":0.008670430381630389},"point_estimate":0.005474648186288914,"standard_error":0.0013589502653393128},"slope":{"confidence_interval":{"confidence_level":0.95,"lower_bound":42.00494109534483,"upper_bound":42.007541356686055},"point_estimate":42.00617745397977,"standard_error":0.0006637388367773612},"std_dev":{"confidence_interval":{"confidence_level":0.95,"lower_bound":0.009313167727003045,"upper_bound":0.032447034160357054},"point_estimate":0.021270936476079836,"standard_error":0.0065131452191041495}}