{"mean":{"confidence_interval":{"confidence_level":0.95,"lower_bound":21.00661428351178,"upper_bound":21.012509471920886},"point_estimate":21.009200745597198,"standard_error":0.0015182721380252585},"median":{"confidence_interval":{"confidence_level":0.95,"lower_bound":21.003487495077458,"upper_bound":21.006885895070738},"point_estimate":21.005048022766104,"standard_error":0.0009072884344189202},"median_abs_dev":{"confidence_interval":{"confidence_level":0.95,"lower_bound":0.00305705716324012,"upper_bound":0.006145630876312133},"point_estimate":0.004503697391203269,"standard_error":0.0008221966489583969},"slope":{"confidence_interval":{"confidence_level":0.95,"lower_bound":21.003899450613165,"upper_bound":21.005628151661156},"point_estimate":21.00473665870798,"standard_error":0.0004416514062555504},"std_dev":{"confidence_interval":{"confidence_level":0.95,"lower_bound":0.006758933571432303,"upper_bound":0.022724525076879734},"point_estimate":0.015208693346467924,"standard_error":0.004209376769680796}}