{"mean":{"confidence_interval":{"confidence_level":0.95,"lower_bound":67.01607513181587,"upper_bound":67.03897150617769},"point_estimate":67.02606117841641,"standard_error":0.005878307459686324},"median":{"confidence_interval":{"confidence_level":0.95,"lower_bound":67.00757559281732,"upper_bound":67.01537501930986},"point_estimate":67.01036979238481,"standard_error":0.002068395986849423},"median_abs_dev":{"confidence_interval":{"confidence_level":0.95,"lower_bound":0.006002669859736739,"upper_bound":0.01464756053370339},"point_estimate":0.009532797105548536,"standard_error":0.0022200126907821146},"slope":{"confidence_interval":{"confidence_level":0.95,"lower_bound":67.00845326571167,"upper_bound":67.01248505292125},"point_estimate":67.01040092327185,"standard_error":0.0010315709411259362},"std_dev":{"confidence_interval":{"confidence_level":0.95,"lower_bound":0.02010905164886653,"upper_bound":0.08771206473507527},"point_estimate":0.05904910346848264,"standard_error":0.01680946154285397}}