{"mean":{"confidence_interval":{"confidence_level":0.95,"lower_bound":68.01538890665837,"upper_bound":68.02989063521154},"point_estimate":68.02170840375952,"standard_error":0.0037316345042500663},"median":{"confidence_interval":{"confidence_level":0.95,"lower_bound":68.00772631827995,"upper_bound":68.01585928489042},"point_estimate":68.01096094755985,"standard_error":0.0022125110484871057},"median_abs_dev":{"confidence_interval":{"confidence_level":0.95,"lower_bound":0.006065218165610229,"upper_bound":0.015021977427666913},"point_estimate":0.009913551570524098,"standard_error":0.0023160864243230933},"slope":{"confidence_interval":{"confidence_level":0.95,"lower_bound":68.0086643427849,"upper_bound":68.01271501448625},"point_estimate":68.01063129059898,"standard_error":0.001036027639458173},"std_dev":{"confidence_interval":{"confidence_level":0.95,"lower_bound":0.01658709044791358,"upper_bound":0.0564122866904174},"point_estimate":0.03744896879187433,"standard_error":0.010906014019617773}}