{"mean":{"confidence_interval":{"confidence_level":0.95,"lower_bound":58.01377519501361,"upper_bound":58.02747289209678},"point_estimate":58.019854190215796,"standard_error":0.0035252502929121994},"median":{"confidence_interval":{"confidence_level":0.95,"lower_bound":58.00662902816544,"upper_bound":58.01360695255012},"point_estimate":58.00930676368054,"standard_error":0.0018649696088999675},"median_abs_dev":{"confidence_interval":{"confidence_level":0.95,"lower_bound":0.005062835531074187,"upper_bound":0.013138885587578064},"point_estimate":0.008659061523246907,"standard_error":0.002064087882353706},"slope":{"confidence_interval":{"confidence_level":0.95,"lower_bound":58.007599624092414,"upper_bound":58.01134844380911},"point_estimate":58.00942124052548,"standard_error":0.0009579031145185955},"std_dev":{"confidence_interval":{"confidence_level":0.95,"lower_bound":0.015629844605898162,"upper_bound":0.05220710719970032},"point_estimate":0.035468966797882466,"standard_error":0.00947794834807081}}