{"mean":{"confidence_interval":{"confidence_level":0.95,"lower_bound":40.00801698714879,"upper_bound":40.01555373502358},"point_estimate":40.01125541973644,"standard_error":0.0019437475364421212},"median":{"confidence_interval":{"confidence_level":0.95,"lower_bound":40.00406139984898,"upper_bound":40.00833744228787},"point_estimate":40.0056709175669,"standard_error":0.0011222009899709388},"median_abs_dev":{"confidence_interval":{"confidence_level":0.95,"lower_bound":0.003112352717196269,"upper_bound":0.007892287538998767},"point_estimate":0.0051626241796445035,"standard_error":0.001204879044387363},"slope":{"confidence_interval":{"confidence_level":0.95,"lower_bound":40.00455033878704,"upper_bound":40.00669313401028},"point_estimate":40.0055905987032,"standard_error":0.0005476959033567977},"std_dev":{"confidence_interval":{"confidence_level":0.95,"lower_bound":0.008121370587096517,"upper_bound":0.030072092320617486},"point_estimate":0.019532117345592834,"standard_error":0.006183660771056579}}