{"mean":{"confidence_interval":{"confidence_level":0.95,"lower_bound":40.009217117330664,"upper_bound":40.01769953471124},"point_estimate":40.01296511795574,"standard_error":0.0021799872152656117},"median":{"confidence_interval":{"confidence_level":0.95,"lower_bound":40.00460823408245,"upper_bound":40.00941284111289},"point_estimate":40.006610387066985,"standard_error":0.0013540709866135484},"median_abs_dev":{"confidence_interval":{"confidence_level":0.95,"lower_bound":0.0036538332911471736,"upper_bound":0.008869989704938394},"point_estimate":0.005964757582687021,"standard_error":0.0013503282736967354},"slope":{"confidence_interval":{"confidence_level":0.95,"lower_bound":40.00538496972666,"upper_bound":40.00779325865764},"point_estimate":40.006564965952826,"standard_error":0.0006145054248824297},"std_dev":{"confidence_interval":{"confidence_level":0.95,"lower_bound":0.010062149706836615,"upper_bound":0.03282527293225314},"point_estimate":0.02196109626770033,"standard_error":0.0062108537607064905}}