{"mean":{"confidence_interval":{"confidence_level":0.95,"lower_bound":46.02138451463582,"upper_bound":46.04124690727272},"point_estimate":46.030110440846045,"standard_error":0.00508563756051956},"median":{"confidence_interval":{"confidence_level":0.95,"lower_bound":46.011083587398375,"upper_bound":46.02216717479675},"point_estimate":46.01629287347561,"standard_error":0.003194347861378082},"median_abs_dev":{"confidence_interval":{"confidence_level":0.95,"lower_bound":0.009355826588339604,"upper_bound":0.02121680911397124},"point_estimate":0.014935045389413582,"standard_error":0.003127170827622606},"slope":{"confidence_interval":{"confidence_level":0.95,"lower_bound":46.012209542948575,"upper_bound":46.01762171149056},"point_estimate":46.01484198896546,"standard_error":0.001381634678749413},"std_dev":{"confidence_interval":{"confidence_level":0.95,"lower_bound":0.02230867400127665,"upper_bound":0.07647386210215161},"point_estimate":0.05123499458932361,"standard_error":0.014230597659829541}}