{"mean":{"confidence_interval":{"confidence_level":0.95,"lower_bound":49.014266444379714,"upper_bound":49.03339257654348},"point_estimate":49.022877696913376,"standard_error":0.004914372695609721},"median":{"confidence_interval":{"confidence_level":0.95,"lower_bound":49.00584965181977,"upper_bound":49.01240386660355},"point_estimate":49.00816784717056,"standard_error":0.0016903226097533808},"median_abs_dev":{"confidence_interval":{"confidence_level":0.95,"lower_bound":0.004528034613235193,"upper_bound":0.011764883778459946},"point_estimate":0.007641159468542547,"standard_error":0.0017981805292027336},"slope":{"confidence_interval":{"confidence_level":0.95,"lower_bound":49.00676463418414,"upper_bound":49.01105206052006},"point_estimate":49.00868420468909,"standard_error":0.0010981832895758821},"std_dev":{"confidence_interval":{"confidence_level":0.95,"lower_bound":0.025422480251811336,"upper_bound":0.06763322886997315},"point_estimate":0.04945875394359822,"standard_error":0.010732762398648356}}