{"mean":{"confidence_interval":{"confidence_level":0.95,"lower_bound":31.00599012619942,"upper_bound":31.012058568102937},"point_estimate":31.008664137895998,"standard_error":0.001562432755972134},"median":{"confidence_interval":{"confidence_level":0.95,"lower_bound":31.002929162936436,"upper_bound":31.006012492343213},"point_estimate":31.00411237161027,"standard_error":0.0008290333152963764},"median_abs_dev":{"confidence_interval":{"confidence_level":0.95,"lower_bound":0.002246156484550254,"upper_bound":0.005833605656860551},"point_estimate":0.003757479503408211,"standard_error":0.0008892578219289754},"slope":{"confidence_interval":{"confidence_level":0.95,"lower_bound":31.003284433984817,"upper_bound":31.00488864014562},"point_estimate":31.00405864093204,"standard_error":0.00040899279409023606},"std_dev":{"confidence_interval":{"confidence_level":0.95,"lower_bound":0.006571663759958635,"upper_bound":0.023180429859705722},"point_estimate":0.015754872234971937,"standard_error":0.004282450467300695}}