{"mean":{"confidence_interval":{"confidence_level":0.95,"lower_bound":20.014390260735375,"upper_bound":20.027302449648165},"point_estimate":20.020106317095294,"standard_error":0.0033098870316908037},"median":{"confidence_interval":{"confidence_level":0.95,"lower_bound":20.00702873254565,"upper_bound":20.014633325857815},"point_estimate":20.010082526600385,"standard_error":0.0020268101514596465},"median_abs_dev":{"confidence_interval":{"confidence_level":0.95,"lower_bound":0.005753705941810752,"upper_bound":0.013768085538204723},"point_estimate":0.00948407876119808,"standard_error":0.002062536919708054},"slope":{"confidence_interval":{"confidence_level":0.95,"lower_bound":20.00827166157694,"upper_bound":20.013226526843358},"point_estimate":20.0105691116553,"standard_error":0.0012619826225159438},"std_dev":{"confidence_interval":{"confidence_level":0.95,"lower_bound":0.015703593880600265,"upper_bound":0.0499838257964304},"point_estimate":0.033534600277623346,"standard_error":0.009378202536938529}}