{"mean":{"confidence_interval":{"confidence_level":0.95,"lower_bound":67.01588622825824,"upper_bound":67.03069586435124},"point_estimate":67.02229563918017,"standard_error":0.0038201121832449093},"median":{"confidence_interval":{"confidence_level":0.95,"lower_bound":67.00779920589903,"upper_bound":67.01614605450503},"point_estimate":67.01084268912055,"standard_error":0.0021942515106967903},"median_abs_dev":{"confidence_interval":{"confidence_level":0.95,"lower_bound":0.005932576159966631,"upper_bound":0.015546558890791994},"point_estimate":0.010072363859190686,"standard_error":0.0024321820100731994},"slope":{"confidence_interval":{"confidence_level":0.95,"lower_bound":67.00893720998226,"upper_bound":67.01348451524855},"point_estimate":67.01113493483659,"standard_error":0.0011649570051840508},"std_dev":{"confidence_interval":{"confidence_level":0.95,"lower_bound":0.01655598333177639,"upper_bound":0.05864402329087259},"point_estimate":0.03841975560411472,"standard_error":0.01184513719697801}}