{"mean":{"confidence_interval":{"confidence_level":0.95,"lower_bound":21.00559846785475,"upper_bound":21.011161830075622},"point_estimate":21.008074444185137,"standard_error":0.0014309402934139844},"median":{"confidence_interval":{"confidence_level":0.95,"lower_bound":21.00258772255652,"upper_bound":21.005654044343594},"point_estimate":21.003564379134303,"standard_error":0.0007636044349596254},"median_abs_dev":{"confidence_interval":{"confidence_level":0.95,"lower_bound":0.0019518682556701117,"upper_bound":0.00541449632244121},"point_estimate":0.0033313201751937463,"standard_error":0.0008670497380445562},"slope":{"confidence_interval":{"confidence_level":0.95,"lower_bound":21.003003985060694,"upper_bound":21.004522758211078},"point_estimate":21.003736548102385,"standard_error":0.00038891376148132527},"std_dev":{"confidence_interval":{"confidence_level":0.95,"lower_bound":0.006276230911299681,"upper_bound":0.021272871240153438},"point_estimate":0.01447079181052045,"standard_error":0.003890372213051707}}