{"mean":{"confidence_interval":{"confidence_level":0.95,"lower_bound":21.005660268172875,"upper_bound":21.011463269850395},"point_estimate":21.008213600933885,"standard_error":0.00149203225629735},"median":{"confidence_interval":{"confidence_level":0.95,"lower_bound":21.00266246786567,"upper_bound":21.00560169225948},"point_estimate":21.003701442394856,"standard_error":0.0007573256589017201},"median_abs_dev":{"confidence_interval":{"confidence_level":0.95,"lower_bound":0.0020141504929238477,"upper_bound":0.005427309399395029},"point_estimate":0.0033993828747948865,"standard_error":0.0008478965588145068},"slope":{"confidence_interval":{"confidence_level":0.95,"lower_bound":21.002975673197906,"upper_bound":21.009887525242444},"point_estimate":21.005430452202038,"standard_error":0.0019187740975770767},"std_dev":{"confidence_interval":{"confidence_level":0.95,"lower_bound":0.0063760856852554905,"upper_bound":0.022011145925347003},"point_estimate":0.015064340526486345,"standard_error":0.0040084305327131855}}