{"mean":{"confidence_interval":{"confidence_level":0.95,"lower_bound":52.017584212345454,"upper_bound":52.03407916217717},"point_estimate":52.02479025732458,"standard_error":0.004262329785592534},"median":{"confidence_interval":{"confidence_level":0.95,"lower_bound":52.00855008550086,"upper_bound":52.0179889298893},"point_estimate":52.011886584383085,"standard_error":0.0024178278830313885},"median_abs_dev":{"confidence_interval":{"confidence_level":0.95,"lower_bound":0.006453445233982745,"upper_bound":0.01725094565658528},"point_estimate":0.010916569023966139,"standard_error":0.002654709222484249},"slope":{"confidence_interval":{"confidence_level":0.95,"lower_bound":52.00947957097422,"upper_bound":52.014120036749425},"point_estimate":52.0117131012545,"standard_error":0.0011852030604142738},"std_dev":{"confidence_interval":{"confidence_level":0.95,"lower_bound":0.01932485466654509,"upper_bound":0.06499156846100751},"point_estimate":0.04301242692235306,"standard_error":0.012676849493237278}}