{"mean":{"confidence_interval":{"confidence_level":0.95,"lower_bound":22.004681310177602,"upper_bound":22.009009693399232},"point_estimate":22.00656505573176,"standard_error":0.0011195444928349745},"median":{"confidence_interval":{"confidence_level":0.95,"lower_bound":22.002386456116376,"upper_bound":22.00482837327715},"point_estimate":22.00340241138898,"standard_error":0.0006875269455662426},"median_abs_dev":{"confidence_interval":{"confidence_level":0.95,"lower_bound":0.0019135675090807686,"upper_bound":0.004721155721779287},"point_estimate":0.0032000481814560655,"standard_error":0.0007350606471080452},"slope":{"confidence_interval":{"confidence_level":0.95,"lower_bound":22.002684354179266,"upper_bound":22.003988221384407},"point_estimate":22.003311652129526,"standard_error":0.0003324213342496467},"std_dev":{"confidence_interval":{"confidence_level":0.95,"lower_bound":0.004861660195475682,"upper_bound":0.01694784568433265},"point_estimate":0.011194533231642368,"standard_error":0.0033544778590203677}}