{"mean":{"confidence_interval":{"confidence_level":0.95,"lower_bound":-0.0003623363892415021,"upper_bound":0.00011289855290196313},"point_estimate":-0.00010126975439717079,"standard_error":0.000121008856736665},"median":{"confidence_interval":{"confidence_level":0.95,"lower_bound":-0.00011472070411799873,"upper_bound":0.00009380870888531234},"point_estimate":-0.000010355317094590255,"standard_error":0.000052253310007953853}}