{"mean":{"confidence_interval":{"confidence_level":0.95,"lower_bound":20.00399613068878,"upper_bound":20.007686674983404},"point_estimate":20.005601728086322,"standard_error":0.0009508274015982191},"median":{"confidence_interval":{"confidence_level":0.95,"lower_bound":20.00199109995436,"upper_bound":20.004130692479336},"point_estimate":20.002795386635427,"standard_error":0.000566353505348068},"median_abs_dev":{"confidence_interval":{"confidence_level":0.95,"lower_bound":0.0015530934028341848,"upper_bound":0.003952137493340092},"point_estimate":0.002531016630732011,"standard_error":0.0006103881099500454},"slope":{"confidence_interval":{"confidence_level":0.95,"lower_bound":20.002249264625835,"upper_bound":20.003313899733374},"point_estimate":20.002767025593887,"standard_error":0.00027263832473005585},"std_dev":{"confidence_interval":{"confidence_level":0.95,"lower_bound":0.004181265770908525,"upper_bound":0.014609494251094169},"point_estimate":0.009603183117889031,"standard_error":0.002926541494685547}}