{"mean":{"confidence_interval":{"confidence_level":0.95,"lower_bound":50.011283462732756,"upper_bound":50.02185913692334},"point_estimate":50.01581504775909,"standard_error":0.002725044405658143},"median":{"confidence_interval":{"confidence_level":0.95,"lower_bound":50.005821191718624,"upper_bound":50.011804642413615},"point_estimate":50.00803812309117,"standard_error":0.0016237238085870136},"median_abs_dev":{"confidence_interval":{"confidence_level":0.95,"lower_bound":0.004545657220231731,"upper_bound":0.011084716410869505},"point_estimate":0.007265227380875481,"standard_error":0.0017041754464782884},"slope":{"confidence_interval":{"confidence_level":0.95,"lower_bound":50.00641100169052,"upper_bound":50.00935241744629},"point_estimate":50.00784794626538,"standard_error":0.0007527076622603955},"std_dev":{"confidence_interval":{"confidence_level":0.95,"lower_bound":0.0113941360558307,"upper_bound":0.04197519470906144},"point_estimate":0.02732101654330172,"standard_error":0.00860458793547993}}