{"mean":{"confidence_interval":{"confidence_level":0.95,"lower_bound":34.01491214535641,"upper_bound":34.02863615468241},"point_estimate":34.02084456993971,"standard_error":0.003554387959421839},"median":{"confidence_interval":{"confidence_level":0.95,"lower_bound":34.00748070877393,"upper_bound":34.01552099917859},"point_estimate":34.010502472909224,"standard_error":0.0021645537185962776},"median_abs_dev":{"confidence_interval":{"confidence_level":0.95,"lower_bound":0.005837315069133963,"upper_bound":0.015016084521464983},"point_estimate":0.009605753728614564,"standard_error":0.002354820866321597},"slope":{"confidence_interval":{"confidence_level":0.95,"lower_bound":34.008418960865434,"upper_bound":34.012473603654854},"point_estimate":34.01038741251116,"standard_error":0.0010334506168432486},"std_dev":{"confidence_interval":{"confidence_level":0.95,"lower_bound":0.01518221695540227,"upper_bound":0.0547823073702828},"point_estimate":0.035749124014998114,"standard_error":0.011159447981071168}}