{"mean":{"confidence_interval":{"confidence_level":0.95,"lower_bound":34.0144777105518,"upper_bound":34.02797033078703},"point_estimate":34.0202612983254,"standard_error":0.0034906503935511757},"median":{"confidence_interval":{"confidence_level":0.95,"lower_bound":34.007489270386266,"upper_bound":34.015379850449094},"point_estimate":34.01051449290682,"standard_error":0.0021494279053241223},"median_abs_dev":{"confidence_interval":{"confidence_level":0.95,"lower_bound":0.0058761624487696845,"upper_bound":0.014860469263561408},"point_estimate":0.0096268581877799,"standard_error":0.0023217651369092283},"slope":{"confidence_interval":{"confidence_level":0.95,"lower_bound":34.0085077617313,"upper_bound":34.012699445110506},"point_estimate":34.01054046471843,"standard_error":0.0010688177335532317},"std_dev":{"confidence_interval":{"confidence_level":0.95,"lower_bound":0.013706586693127227,"upper_bound":0.05450602382748657},"point_estimate":0.03513846004347534,"standard_error":0.01148216462528905}}