{"mean":{"confidence_interval":{"confidence_level":0.95,"lower_bound":40.008337918904544,"upper_bound":40.01607628428797},"point_estimate":40.01170803708891,"standard_error":0.0019873588630188823},"median":{"confidence_interval":{"confidence_level":0.95,"lower_bound":40.0039719997806,"upper_bound":40.00840232319343},"point_estimate":40.00539891458713,"standard_error":0.0010950224049400602},"median_abs_dev":{"confidence_interval":{"confidence_level":0.95,"lower_bound":0.003012285339865779,"upper_bound":0.008038681477623927},"point_estimate":0.004990767295280439,"standard_error":0.0012710455193400971},"slope":{"confidence_interval":{"confidence_level":0.95,"lower_bound":40.00449533551144,"upper_bound":40.006814665497785},"point_estimate":40.00560302401685,"standard_error":0.0005940723151829072},"std_dev":{"confidence_interval":{"confidence_level":0.95,"lower_bound":0.009067639572863063,"upper_bound":0.030363190144190328},"point_estimate":0.020003578331212003,"standard_error":0.00598573549780675}}