{"mean":{"confidence_interval":{"confidence_level":0.95,"lower_bound":58.012486826703736,"upper_bound":58.02584193619055},"point_estimate":58.01837772826987,"standard_error":0.0034468852839617484},"median":{"confidence_interval":{"confidence_level":0.95,"lower_bound":58.00615014097745,"upper_bound":58.01294766521567},"point_estimate":58.0086344343772,"standard_error":0.0017409581790379662},"median_abs_dev":{"confidence_interval":{"confidence_level":0.95,"lower_bound":0.0047315348196513085,"upper_bound":0.012008870033311421},"point_estimate":0.008033522828878738,"standard_error":0.0018327341542708965},"slope":{"confidence_interval":{"confidence_level":0.95,"lower_bound":58.00680968784649,"upper_bound":58.01008770925021},"point_estimate":58.00839581891221,"standard_error":0.0008393274514351914},"std_dev":{"confidence_interval":{"confidence_level":0.95,"lower_bound":0.013506613501762722,"upper_bound":0.05095396352670591},"point_estimate":0.034790821506344397,"standard_error":0.009548167021074108}}