{"mean":{"confidence_interval":{"confidence_level":0.95,"lower_bound":22.00550209699279,"upper_bound":22.01043266352771},"point_estimate":22.007653364288828,"standard_error":0.0012703034960833916},"median":{"confidence_interval":{"confidence_level":0.95,"lower_bound":22.00279200714754,"upper_bound":22.00551887477348},"point_estimate":22.003946036768518,"standard_error":0.0007925417921303743},"median_abs_dev":{"confidence_interval":{"confidence_level":0.95,"lower_bound":0.0022344541849303088,"upper_bound":0.005393647073081539},"point_estimate":0.003587788074368626,"standard_error":0.0008389775607835436},"slope":{"confidence_interval":{"confidence_level":0.95,"lower_bound":22.003290617563582,"upper_bound":22.00529151946756},"point_estimate":22.004226229904475,"standard_error":0.0005120065135352061},"std_dev":{"confidence_interval":{"confidence_level":0.95,"lower_bound":0.005714242113168743,"upper_bound":0.019325752012597435},"point_estimate":0.012760201644438128,"standard_error":0.003790353677575767}}