{"mean":{"confidence_interval":{"confidence_level":0.95,"lower_bound":-0.0002518629107484654,"upper_bound":0.00013374218584815689},"point_estimate":-0.00005215931208457647,"standard_error":0.00009783622893768525},"median":{"confidence_interval":{"confidence_level":0.95,"lower_bound":-0.00007441955160503166,"upper_bound":0.0000923907854450956},"point_estimate":0.000015960122680125366,"standard_error":0.00004305886277010219}}