{"mean":{"confidence_interval":{"confidence_level":0.95,"lower_bound":34.006525600136875,"upper_bound":34.0127246451566},"point_estimate":34.009190063978856,"standard_error":0.001603634300747625},"median":{"confidence_interval":{"confidence_level":0.95,"lower_bound":34.00322417421031,"upper_bound":34.00689936817966},"point_estimate":34.00444103996065,"standard_error":0.000914151661686073},"median_abs_dev":{"confidence_interval":{"confidence_level":0.95,"lower_bound":0.002457155116780495,"upper_bound":0.006471255150990593},"point_estimate":0.004179807355009507,"standard_error":0.0010303240372880442},"slope":{"confidence_interval":{"confidence_level":0.95,"lower_bound":34.003597795589926,"upper_bound":34.005429646221685},"point_estimate":34.004473439284574,"standard_error":0.00046804717984295024},"std_dev":{"confidence_interval":{"confidence_level":0.95,"lower_bound":0.006578390790536614,"upper_bound":0.02478302618706682},"point_estimate":0.016053672147859254,"standard_error":0.005132149588298106}}