{"mean":{"confidence_interval":{"confidence_level":0.95,"lower_bound":23.005315557727826,"upper_bound":23.010468482353254},"point_estimate":23.00759733620946,"standard_error":0.0013270505243344998},"median":{"confidence_interval":{"confidence_level":0.95,"lower_bound":23.00259299096735,"upper_bound":23.005492907278207},"point_estimate":23.003672202209152,"standard_error":0.000746302207262865},"median_abs_dev":{"confidence_interval":{"confidence_level":0.95,"lower_bound":0.0020000492089230024,"upper_bound":0.005226148347253096},"point_estimate":0.003413664503538226,"standard_error":0.0008054017810637269},"slope":{"confidence_interval":{"confidence_level":0.95,"lower_bound":23.002933773889048,"upper_bound":23.00440396720818},"point_estimate":23.00364480290491,"standard_error":0.00037548015219989486},"std_dev":{"confidence_interval":{"confidence_level":0.95,"lower_bound":0.0058073887361339985,"upper_bound":0.019996607198842806},"point_estimate":0.013362687654217676,"standard_error":0.00375180347645297}}