{"mean":{"confidence_interval":{"confidence_level":0.95,"lower_bound":-0.00011717912417255338,"upper_bound":0.0001688099911694662},"point_estimate":0.00002202881050328287,"standard_error":0.00007269434233494844},"median":{"confidence_interval":{"confidence_level":0.95,"lower_bound":-0.00007874348368692717,"upper_bound":0.00009379810983745074},"point_estimate":4.847216120706932e-6,"standard_error":0.00004384108932426737}}