{"mean":{"confidence_interval":{"confidence_level":0.95,"lower_bound":21.00489203368869,"upper_bound":21.00946783769897},"point_estimate":21.006873963867296,"standard_error":0.001185568787215113},"median":{"confidence_interval":{"confidence_level":0.95,"lower_bound":21.00243832439281,"upper_bound":21.005185307586533},"point_estimate":21.00338983144035,"standard_error":0.0006936392054789481},"median_abs_dev":{"confidence_interval":{"confidence_level":0.95,"lower_bound":0.0018695624587076307,"upper_bound":0.0048438190213466745},"point_estimate":0.0031375670581175463,"standard_error":0.0007514172961809507},"slope":{"confidence_interval":{"confidence_level":0.95,"lower_bound":21.002726545886247,"upper_bound":21.004029822218847},"point_estimate":21.003356593570032,"standard_error":0.00033237869237080927},"std_dev":{"confidence_interval":{"confidence_level":0.95,"lower_bound":0.005040961829045241,"upper_bound":0.018305026053030422},"point_estimate":0.011945204663569518,"standard_error":0.0037371028225904055}}