{"mean":{"confidence_interval":{"confidence_level":0.95,"lower_bound":58.01293393307408,"upper_bound":58.0250208845881},"point_estimate":58.01815766155935,"standard_error":0.003114196929684169},"median":{"confidence_interval":{"confidence_level":0.95,"lower_bound":58.00644902493212,"upper_bound":58.013576894593925},"point_estimate":58.00905404978154,"standard_error":0.0018746019756622147},"median_abs_dev":{"confidence_interval":{"confidence_level":0.95,"lower_bound":0.004967594684165468,"upper_bound":0.012775881037066278},"point_estimate":0.00839038668613073,"standard_error":0.0019965997426955573},"slope":{"confidence_interval":{"confidence_level":0.95,"lower_bound":58.00728292641057,"upper_bound":58.01080125780733},"point_estimate":58.008985490413224,"standard_error":0.0008954117991200871},"std_dev":{"confidence_interval":{"confidence_level":0.95,"lower_bound":0.013605796894257794,"upper_bound":0.04766212131663291},"point_estimate":0.03126572821864745,"standard_error":0.00949883534226416}}