{"mean":{"confidence_interval":{"confidence_level":0.95,"lower_bound":41.00936850783328,"upper_bound":41.01784675520418},"point_estimate":41.01308850506634,"standard_error":0.0021771087171917154},"median":{"confidence_interval":{"confidence_level":0.95,"lower_bound":41.00456549187167,"upper_bound":41.00926123132845},"point_estimate":41.00647683866716,"standard_error":0.0013218361119534078},"median_abs_dev":{"confidence_interval":{"confidence_level":0.95,"lower_bound":0.0036261418547050926,"upper_bound":0.009211014780110485},"point_estimate":0.005930993458425189,"standard_error":0.0014559321675930402},"slope":{"confidence_interval":{"confidence_level":0.95,"lower_bound":41.005369002611815,"upper_bound":41.00805747617503},"point_estimate":41.00665439455499,"standard_error":0.0006859097568267517},"std_dev":{"confidence_interval":{"confidence_level":0.95,"lower_bound":0.010270999747338557,"upper_bound":0.03299496551216783},"point_estimate":0.02197154183647371,"standard_error":0.006337194062701751}}