{"mean":{"confidence_interval":{"confidence_level":0.95,"lower_bound":20.01478340885695,"upper_bound":20.03183770171799},"point_estimate":20.02222128207078,"standard_error":0.00439254196834708},"median":{"confidence_interval":{"confidence_level":0.95,"lower_bound":20.006787902363122,"upper_bound":20.014201774006153},"point_estimate":20.009993300701268,"standard_error":0.0020406912468097756},"median_abs_dev":{"confidence_interval":{"confidence_level":0.95,"lower_bound":0.005376005702542977,"upper_bound":0.01393676106736464},"point_estimate":0.009363821018126967,"standard_error":0.0022375933427563584},"slope":{"confidence_interval":{"confidence_level":0.95,"lower_bound":20.008182890223022,"upper_bound":20.01287338428},"point_estimate":20.010374609285748,"standard_error":0.0011901903605395338},"std_dev":{"confidence_interval":{"confidence_level":0.95,"lower_bound":0.016584112932012274,"upper_bound":0.0657739134575198},"point_estimate":0.04415492958490116,"standard_error":0.012751506010069476}}