{"mean":{"confidence_interval":{"confidence_level":0.95,"lower_bound":49.012066524858334,"upper_bound":49.027548891317004},"point_estimate":49.018904702942955,"standard_error":0.003989107034889579},"median":{"confidence_interval":{"confidence_level":0.95,"lower_bound":49.005576489673544,"upper_bound":49.01128709745316},"point_estimate":49.00786552162306,"standard_error":0.0015014525151773271},"median_abs_dev":{"confidence_interval":{"confidence_level":0.95,"lower_bound":0.0043723049534224595,"upper_bound":0.010708889416396257},"point_estimate":0.007286435974837647,"standard_error":0.0016499015481574715},"slope":{"confidence_interval":{"confidence_level":0.95,"lower_bound":49.00633287865264,"upper_bound":49.009453556634874},"point_estimate":49.007842859305484,"standard_error":0.0007989795663432667},"std_dev":{"confidence_interval":{"confidence_level":0.95,"lower_bound":0.014917909472362711,"upper_bound":0.05787843641992441},"point_estimate":0.04025132154937106,"standard_error":0.010490650017347803}}