{"mean":{"confidence_interval":{"confidence_level":0.95,"lower_bound":21.005028469385735,"upper_bound":21.00963297622751},"point_estimate":21.007022169225863,"standard_error":0.0011818823064784637},"median":{"confidence_interval":{"confidence_level":0.95,"lower_bound":21.002440676382662,"upper_bound":21.005085162457714},"point_estimate":21.00355124870493,"standard_error":0.0007290967576451926},"median_abs_dev":{"confidence_interval":{"confidence_level":0.95,"lower_bound":0.0019481049800176913,"upper_bound":0.005040242036527461},"point_estimate":0.003278157377332692,"standard_error":0.0007933606411047201},"slope":{"confidence_interval":{"confidence_level":0.95,"lower_bound":21.002798172247527,"upper_bound":21.004137157147486},"point_estimate":21.00344115926384,"standard_error":0.0003413321456607526},"std_dev":{"confidence_interval":{"confidence_level":0.95,"lower_bound":0.0052565436139418685,"upper_bound":0.018027700295340128},"point_estimate":0.011848283090368388,"standard_error":0.0035741284967295323}}