{"mean":{"confidence_interval":{"confidence_level":0.95,"lower_bound":-0.00010956416795503963,"upper_bound":0.00019714503756063646},"point_estimate":0.00004373498323761993,"standard_error":0.00007799822389761808},"median":{"confidence_interval":{"confidence_level":0.95,"lower_bound":-0.00007589858152445839,"upper_bound":0.0000991485383584123},"point_estimate":7.3929857584698055e-6,"standard_error":0.00004194251179423089}}