{"mean":{"confidence_interval":{"confidence_level":0.95,"lower_bound":16.003529161868688,"upper_bound":16.00683137398966},"point_estimate":16.004945601985774,"standard_error":0.0008535639777701928},"median":{"confidence_interval":{"confidence_level":0.95,"lower_bound":16.001756057307514,"upper_bound":16.003669543391553},"point_estimate":16.002441323348776,"standard_error":0.0005003555725204407},"median_abs_dev":{"confidence_interval":{"confidence_level":0.95,"lower_bound":0.001359527570227726,"upper_bound":0.00354308143219433},"point_estimate":0.0022934330199327955,"standard_error":0.0005537373017967662},"slope":{"confidence_interval":{"confidence_level":0.95,"lower_bound":16.001978324864627,"upper_bound":16.00296870730681},"point_estimate":16.002455103572544,"standard_error":0.0002522417090171823},"std_dev":{"confidence_interval":{"confidence_level":0.95,"lower_bound":0.0035459258760774754,"upper_bound":0.013211614654786352},"point_estimate":0.008553876125683202,"standard_error":0.002720653738677733}}