{"mean":{"confidence_interval":{"confidence_level":0.95,"lower_bound":62.01189947633191,"upper_bound":62.023106931472284},"point_estimate":62.01669029902072,"standard_error":0.0028868363163136387},"median":{"confidence_interval":{"confidence_level":0.95,"lower_bound":62.00604421261671,"upper_bound":62.01267637854143},"point_estimate":62.00843951169074,"standard_error":0.0017069338567380016},"median_abs_dev":{"confidence_interval":{"confidence_level":0.95,"lower_bound":0.004659709610744902,"upper_bound":0.011939397883139984},"point_estimate":0.007804759418336177,"standard_error":0.0018305710335860357},"slope":{"confidence_interval":{"confidence_level":0.95,"lower_bound":62.0066724312089,"upper_bound":62.00986530829025},"point_estimate":62.00821553389409,"standard_error":0.0008167238657633457},"std_dev":{"confidence_interval":{"confidence_level":0.95,"lower_bound":0.011928379164349781,"upper_bound":0.04471565188305481},"point_estimate":0.029001642813178498,"standard_error":0.009224023420554084}}