{"mean":{"confidence_interval":{"confidence_level":0.95,"lower_bound":20.00688374351425,"upper_bound":20.013140932440432},"point_estimate":20.00957987196573,"standard_error":0.0016131204352682505},"median":{"confidence_interval":{"confidence_level":0.95,"lower_bound":20.00353729624224,"upper_bound":20.00715679895901},"point_estimate":20.00504318388183,"standard_error":0.0009970280890920751},"median_abs_dev":{"confidence_interval":{"confidence_level":0.95,"lower_bound":0.002820297250661577,"upper_bound":0.006732260067055022},"point_estimate":0.004676446152468604,"standard_error":0.0010478791535234802},"slope":{"confidence_interval":{"confidence_level":0.95,"lower_bound":20.004001127957178,"upper_bound":20.005860665156057},"point_estimate":20.004906571838784,"standard_error":0.0004758500255653526},"std_dev":{"confidence_interval":{"confidence_level":0.95,"lower_bound":0.00692021637095786,"upper_bound":0.02485541924036314},"point_estimate":0.01622117637678375,"standard_error":0.00507108648127367}}