{"mean":{"confidence_interval":{"confidence_level":0.95,"lower_bound":56.01273884540921,"upper_bound":56.02463242826174},"point_estimate":56.01787002882023,"standard_error":0.0030793731793770152},"median":{"confidence_interval":{"confidence_level":0.95,"lower_bound":56.00644658485227,"upper_bound":56.0134377709228},"point_estimate":56.00884079542065,"standard_error":0.0018032211709215185},"median_abs_dev":{"confidence_interval":{"confidence_level":0.95,"lower_bound":0.004983920970248521,"upper_bound":0.012657021704610147},"point_estimate":0.008213463324290295,"standard_error":0.0019759110487861057},"slope":{"confidence_interval":{"confidence_level":0.95,"lower_bound":56.00714387174762,"upper_bound":56.01067505858886},"point_estimate":56.008850749808204,"standard_error":0.0009031566924812289},"std_dev":{"confidence_interval":{"confidence_level":0.95,"lower_bound":0.012810919509607487,"upper_bound":0.04763748017741357},"point_estimate":0.030980422389140307,"standard_error":0.009819475377809106}}