{"mean":{"confidence_interval":{"confidence_level":0.95,"lower_bound":20.004044053313123,"upper_bound":20.007856084668223},"point_estimate":20.00569517014134,"standard_error":0.000984160420448182},"median":{"confidence_interval":{"confidence_level":0.95,"lower_bound":20.00196970381073,"upper_bound":20.00413321744627},"point_estimate":20.002713108152196,"standard_error":0.0005432514142412202},"median_abs_dev":{"confidence_interval":{"confidence_level":0.95,"lower_bound":0.0014765343357735663,"upper_bound":0.0039041214143566},"point_estimate":0.0024796021242276104,"standard_error":0.0006151792865638631},"slope":{"confidence_interval":{"confidence_level":0.95,"lower_bound":20.002249623037525,"upper_bound":20.00338432361861},"point_estimate":20.00279231432304,"standard_error":0.00029020389272222465},"std_dev":{"confidence_interval":{"confidence_level":0.95,"lower_bound":0.00419784632506222,"upper_bound":0.015142565186820181},"point_estimate":0.009885908336201486,"standard_error":0.003096411741372037}}