{"mean":{"confidence_interval":{"confidence_level":0.95,"lower_bound":20.005060923116112,"upper_bound":20.00983914251704},"point_estimate":20.007149393333947,"standard_error":0.0012328389524777395},"median":{"confidence_interval":{"confidence_level":0.95,"lower_bound":20.002469982036494,"upper_bound":20.005138902020107},"point_estimate":20.00346770877045,"standard_error":0.0007167890857949535},"median_abs_dev":{"confidence_interval":{"confidence_level":0.95,"lower_bound":0.0019025929909722251,"upper_bound":0.0049614129902035},"point_estimate":0.0031749643911042047,"standard_error":0.000777538982479432},"slope":{"confidence_interval":{"confidence_level":0.95,"lower_bound":20.002836270809798,"upper_bound":20.004508725564506},"point_estimate":20.003616585328874,"standard_error":0.00042802239398074903},"std_dev":{"confidence_interval":{"confidence_level":0.95,"lower_bound":0.005440422562326188,"upper_bound":0.018625269256625134},"point_estimate":0.012378302641762073,"standard_error":0.003568379421653846}}