{"mean":{"confidence_interval":{"confidence_level":0.95,"lower_bound":-0.00014642427454186475,"upper_bound":0.0001662539326572787},"point_estimate":2.9425705381225242e-6,"standard_error":0.0000782885997928715},"median":{"confidence_interval":{"confidence_level":0.95,"lower_bound":-0.00008867799417489053,"upper_bound":0.00008972560413633701},"point_estimate":5.308022232863863e-6,"standard_error":0.00004568456000732192}}