{"mean":{"confidence_interval":{"confidence_level":0.95,"lower_bound":21.004700954068074,"upper_bound":21.009212704587167},"point_estimate":21.006658118329455,"standard_error":0.0011658195669249011},"median":{"confidence_interval":{"confidence_level":0.95,"lower_bound":21.002293386706697,"upper_bound":21.004816112084065},"point_estimate":21.003158955237932,"standard_error":0.0006399824398002352},"median_abs_dev":{"confidence_interval":{"confidence_level":0.95,"lower_bound":0.0017179556352689654,"upper_bound":0.004468578608940878},"point_estimate":0.0029093941262220333,"standard_error":0.0006979783360778659},"slope":{"confidence_interval":{"confidence_level":0.95,"lower_bound":21.002567675547507,"upper_bound":21.003816024843026},"point_estimate":21.003168538856603,"standard_error":0.00031875117141761864},"std_dev":{"confidence_interval":{"confidence_level":0.95,"lower_bound":0.005039440638785469,"upper_bound":0.017800382361998338},"point_estimate":0.011690921141633023,"standard_error":0.003553491307161667}}