{"mean":{"confidence_interval":{"confidence_level":0.95,"lower_bound":21.004803817452945,"upper_bound":21.009380474881276},"point_estimate":21.006793523475856,"standard_error":0.001184211711709532},"median":{"confidence_interval":{"confidence_level":0.95,"lower_bound":21.00237914728629,"upper_bound":21.004878556855395},"point_estimate":21.003307561658357,"standard_error":0.0006628533364504655},"median_abs_dev":{"confidence_interval":{"confidence_level":0.95,"lower_bound":0.0018054097654505471,"upper_bound":0.004671497997933562},"point_estimate":0.0029624916827576775,"standard_error":0.0007275248355505596},"slope":{"confidence_interval":{"confidence_level":0.95,"lower_bound":21.002668991513236,"upper_bound":21.00390368072774},"point_estimate":21.003269973126788,"standard_error":0.0003158820730022805},"std_dev":{"confidence_interval":{"confidence_level":0.95,"lower_bound":0.00514930973305079,"upper_bound":0.01811226298613712},"point_estimate":0.011928054476600109,"standard_error":0.00357913947705473}}