{"mean":{"confidence_interval":{"confidence_level":0.95,"lower_bound":21.00515881496682,"upper_bound":21.009887574702777},"point_estimate":21.007217583197253,"standard_error":0.0012142190252342731},"median":{"confidence_interval":{"confidence_level":0.95,"lower_bound":21.002437857951033,"upper_bound":21.005147243710155},"point_estimate":21.00338918297905,"standard_error":0.0007004245179808669},"median_abs_dev":{"confidence_interval":{"confidence_level":0.95,"lower_bound":0.0018342242556612194,"upper_bound":0.005001957505897672},"point_estimate":0.0031721494497831595,"standard_error":0.0008012126479727298},"slope":{"confidence_interval":{"confidence_level":0.95,"lower_bound":21.002896315280044,"upper_bound":21.005227163916338},"point_estimate":21.003947598400174,"standard_error":0.0005994005793830946},"std_dev":{"confidence_interval":{"confidence_level":0.95,"lower_bound":0.005631997223940871,"upper_bound":0.01846887441392402},"point_estimate":0.012197163597889008,"standard_error":0.0036098615070087065}}