{"mean":{"confidence_interval":{"confidence_level":0.95,"lower_bound":21.004962790799443,"upper_bound":21.009642580342213},"point_estimate":21.00698869494834,"standard_error":0.0012049780262112847},"median":{"confidence_interval":{"confidence_level":0.95,"lower_bound":21.00244845360825,"upper_bound":21.005025773195875},"point_estimate":21.003437484129805,"standard_error":0.000700341302739067},"median_abs_dev":{"confidence_interval":{"confidence_level":0.95,"lower_bound":0.00192180560566248,"upper_bound":0.004779879261793827},"point_estimate":0.0031600284313235746,"standard_error":0.0007388421025686682},"slope":{"confidence_interval":{"confidence_level":0.95,"lower_bound":21.00275062519288,"upper_bound":21.004059386691672},"point_estimate":21.003383144315354,"standard_error":0.0003339232647738643},"std_dev":{"confidence_interval":{"confidence_level":0.95,"lower_bound":0.005359706908302376,"upper_bound":0.01825114558536413},"point_estimate":0.012081197543954437,"standard_error":0.0035527777103865057}}