{"mean":{"confidence_interval":{"confidence_level":0.95,"lower_bound":65.0149269924454,"upper_bound":65.02907813112029},"point_estimate":65.02111514338151,"standard_error":0.0036369372786785236},"median":{"confidence_interval":{"confidence_level":0.95,"lower_bound":65.00738620299688,"upper_bound":65.01532758647403},"point_estimate":65.01036979238481,"standard_error":0.002116794139556011},"median_abs_dev":{"confidence_interval":{"confidence_level":0.95,"lower_bound":0.005719782908670271,"upper_bound":0.014588510586508766},"point_estimate":0.009532797105548536,"standard_error":0.0022627289931632082},"slope":{"confidence_interval":{"confidence_level":0.95,"lower_bound":65.00821994607401,"upper_bound":65.01221361261108},"point_estimate":65.01015507870335,"standard_error":0.0010183957222966705},"std_dev":{"confidence_interval":{"confidence_level":0.95,"lower_bound":0.0162618360099549,"upper_bound":0.055258039600790704},"point_estimate":0.03662366787167016,"standard_error":0.010662743575745672}}