{"mean":{"confidence_interval":{"confidence_level":0.95,"lower_bound":21.004899010432997,"upper_bound":21.009476263007567},"point_estimate":21.00686701293341,"standard_error":0.00118182813038119},"median":{"confidence_interval":{"confidence_level":0.95,"lower_bound":21.002436459695826,"upper_bound":21.00513982188774},"point_estimate":21.003387239082876,"standard_error":0.0006903868282173928},"median_abs_dev":{"confidence_interval":{"confidence_level":0.95,"lower_bound":0.0018862904507984302,"upper_bound":0.004878031809646719},"point_estimate":0.0031505584072471673,"standard_error":0.0007470222001474651},"slope":{"confidence_interval":{"confidence_level":0.95,"lower_bound":21.002732338605316,"upper_bound":21.00407800478566},"point_estimate":21.00337898227885,"standard_error":0.000343245148906051},"std_dev":{"confidence_interval":{"confidence_level":0.95,"lower_bound":0.004959184901791843,"upper_bound":0.018265364906962185},"point_estimate":0.011882804380642684,"standard_error":0.003755549421588005}}