{"mean":{"confidence_interval":{"confidence_level":0.95,"lower_bound":21.004886744500133,"upper_bound":21.009526155074962},"point_estimate":21.006880581422028,"standard_error":0.0011918826358905531},"median":{"confidence_interval":{"confidence_level":0.95,"lower_bound":21.002447220823626,"upper_bound":21.005124448777785},"point_estimate":21.003402199524338,"standard_error":0.0006911983217431408},"median_abs_dev":{"confidence_interval":{"confidence_level":0.95,"lower_bound":0.001881058868336436,"upper_bound":0.00484905007380185},"point_estimate":0.0031390523465014194,"standard_error":0.0007477266664763551},"slope":{"confidence_interval":{"confidence_level":0.95,"lower_bound":21.002717458507618,"upper_bound":21.00401379672271},"point_estimate":21.003349153189767,"standard_error":0.0003318699320578734},"std_dev":{"confidence_interval":{"confidence_level":0.95,"lower_bound":0.005011858016720831,"upper_bound":0.018401733082169087},"point_estimate":0.011979034820706863,"standard_error":0.003759710282327992}}