{"mean":{"confidence_interval":{"confidence_level":0.95,"lower_bound":40.008367127444195,"upper_bound":40.016370395320045},"point_estimate":40.011807089182454,"standard_error":0.0020743730544272236},"median":{"confidence_interval":{"confidence_level":0.95,"lower_bound":40.0043755989988,"upper_bound":40.00898019665106},"point_estimate":40.0061096326761,"standard_error":0.0012085107536118035},"median_abs_dev":{"confidence_interval":{"confidence_level":0.95,"lower_bound":0.0033486244407896653,"upper_bound":0.008370941965709732},"point_estimate":0.0055153640384489775,"standard_error":0.0012607251844931613},"slope":{"confidence_interval":{"confidence_level":0.95,"lower_bound":40.004851623579285,"upper_bound":40.00716389981624},"point_estimate":40.005971054178225,"standard_error":0.0005903466832049897},"std_dev":{"confidence_interval":{"confidence_level":0.95,"lower_bound":0.008180768112566272,"upper_bound":0.03224482136344379},"point_estimate":0.02084969696155868,"standard_error":0.006792156586813361}}