{"mean":{"confidence_interval":{"confidence_level":0.95,"lower_bound":20.00483975668038,"upper_bound":20.009392235642107},"point_estimate":20.006798695664372,"standard_error":0.001176850842697145},"median":{"confidence_interval":{"confidence_level":0.95,"lower_bound":20.00246654249983,"upper_bound":20.00507045976185},"point_estimate":20.003374336543757,"standard_error":0.0006853362774024682},"median_abs_dev":{"confidence_interval":{"confidence_level":0.95,"lower_bound":0.0018913419573163954,"upper_bound":0.0047807815236944095},"point_estimate":0.0031140678403197425,"standard_error":0.0007345982158327348},"slope":{"confidence_interval":{"confidence_level":0.95,"lower_bound":20.002735840899806,"upper_bound":20.00402465114058},"point_estimate":20.0033593670567,"standard_error":0.000329703032192054},"std_dev":{"confidence_interval":{"confidence_level":0.95,"lower_bound":0.0048869046102704905,"upper_bound":0.018193822232031875},"point_estimate":0.011823348208994573,"standard_error":0.003760948528715044}}