{"mean":{"confidence_interval":{"confidence_level":0.95,"lower_bound":21.00508989545114,"upper_bound":21.012213132324337},"point_estimate":21.008129214429964,"standard_error":0.0018505108656090199},"median":{"confidence_interval":{"confidence_level":0.95,"lower_bound":21.002488095238096,"upper_bound":21.005238095238095},"point_estimate":21.003493138634767,"standard_error":0.0007086711266705543},"median_abs_dev":{"confidence_interval":{"confidence_level":0.95,"lower_bound":0.0019016061306261823,"upper_bound":0.00493862538187287},"point_estimate":0.0032111907964079934,"standard_error":0.0007578140450515374},"slope":{"confidence_interval":{"confidence_level":0.95,"lower_bound":21.002806176429278,"upper_bound":21.004192108321828},"point_estimate":21.003474767041737,"standard_error":0.000354713445184084},"std_dev":{"confidence_interval":{"confidence_level":0.95,"lower_bound":0.00547465040735167,"upper_bound":0.029076344813260203},"point_estimate":0.018609001464278765,"standard_error":0.006240100196984198}}