{"mean":{"confidence_interval":{"confidence_level":0.95,"lower_bound":19.005324631123717,"upper_bound":19.00988930878573},"point_estimate":19.0073374845411,"standard_error":0.001173113020193562},"median":{"confidence_interval":{"confidence_level":0.95,"lower_bound":19.002571307651426,"upper_bound":19.005347122696552},"point_estimate":19.003732351952493,"standard_error":0.0007489961269671571},"median_abs_dev":{"confidence_interval":{"confidence_level":0.95,"lower_bound":0.002123951508520855,"upper_bound":0.005409447763954826},"point_estimate":0.00364018198055258,"standard_error":0.00085087941577722},"slope":{"confidence_interval":{"confidence_level":0.95,"lower_bound":19.003107773671694,"upper_bound":19.00535362800523},"point_estimate":19.004126003071114,"standard_error":0.0005746488161653493},"std_dev":{"confidence_interval":{"confidence_level":0.95,"lower_bound":0.005764449056167489,"upper_bound":0.017628802397703137},"point_estimate":0.011792578235724514,"standard_error":0.0033354041061428113}}