{"mean":{"confidence_interval":{"confidence_level":0.95,"lower_bound":37.010014896958175,"upper_bound":37.02052248255258},"point_estimate":37.01450250781739,"standard_error":0.002701391154520883},"median":{"confidence_interval":{"confidence_level":0.95,"lower_bound":37.00473772806255,"upper_bound":37.00875953277343},"point_estimate":37.00623160628048,"standard_error":0.0010361616049067135},"median_abs_dev":{"confidence_interval":{"confidence_level":0.95,"lower_bound":0.0031341265685221422,"upper_bound":0.008303257275976205},"point_estimate":0.005224607233792619,"standard_error":0.0013310868759011266},"slope":{"confidence_interval":{"confidence_level":0.95,"lower_bound":37.00502197093648,"upper_bound":37.00769624981051},"point_estimate":37.00627799510503,"standard_error":0.0006837132200005451},"std_dev":{"confidence_interval":{"confidence_level":0.95,"lower_bound":0.010993527713023497,"upper_bound":0.04175256778069056},"point_estimate":0.027127497461777013,"standard_error":0.008639339252622108}}