{"mean":{"confidence_interval":{"confidence_level":0.95,"lower_bound":19.00495372010212,"upper_bound":19.009643541016317},"point_estimate":19.006966505467012,"standard_error":0.0012081482794051664},"median":{"confidence_interval":{"confidence_level":0.95,"lower_bound":19.002469030793186,"upper_bound":19.005166961316156},"point_estimate":19.003432520395812,"standard_error":0.0006995477491824153},"median_abs_dev":{"confidence_interval":{"confidence_level":0.95,"lower_bound":0.0019078552772065337,"upper_bound":0.0049165443214159756},"point_estimate":0.003142581879926151,"standard_error":0.0007609381374224169},"slope":{"confidence_interval":{"confidence_level":0.95,"lower_bound":19.002739456143097,"upper_bound":19.004069199103576},"point_estimate":19.003381887825082,"standard_error":0.0003386095205111363},"std_dev":{"confidence_interval":{"confidence_level":0.95,"lower_bound":0.00509905069782029,"upper_bound":0.018625674131618135},"point_estimate":0.012094971541683394,"standard_error":0.00380289812603273}}