{"mean":{"confidence_interval":{"confidence_level":0.95,"lower_bound":68.01592895629497,"upper_bound":68.03053677328639},"point_estimate":68.02223366087316,"standard_error":0.0037721773096493845},"median":{"confidence_interval":{"confidence_level":0.95,"lower_bound":68.00817165958978,"upper_bound":68.01677340652638},"point_estimate":68.0120304988405,"standard_error":0.00238566360003098},"median_abs_dev":{"confidence_interval":{"confidence_level":0.95,"lower_bound":0.00639533697887591,"upper_bound":0.01583466498391404},"point_estimate":0.010987199098362184,"standard_error":0.002462445257525635},"slope":{"confidence_interval":{"confidence_level":0.95,"lower_bound":68.00916335531443,"upper_bound":68.01340834635369},"point_estimate":68.01122074444748,"standard_error":0.0010818990027377433},"std_dev":{"confidence_interval":{"confidence_level":0.95,"lower_bound":0.015899762212226595,"upper_bound":0.05829069250093717},"point_estimate":0.03794625690918289,"standard_error":0.011939870160324263}}