{"mean":{"confidence_interval":{"confidence_level":0.95,"lower_bound":33.0070476122397,"upper_bound":33.0134235316369},"point_estimate":33.00984012521693,"standard_error":0.0016380039334633583},"median":{"confidence_interval":{"confidence_level":0.95,"lower_bound":33.00342608333622,"upper_bound":33.00693456614509},"point_estimate":33.00474304353615,"standard_error":0.0009736458718952205},"median_abs_dev":{"confidence_interval":{"confidence_level":0.95,"lower_bound":0.002684689174959482,"upper_bound":0.006695944717343412},"point_estimate":0.004495536786637722,"standard_error":0.0010729831780332247},"slope":{"confidence_interval":{"confidence_level":0.95,"lower_bound":33.00409790981114,"upper_bound":33.00706266457085},"point_estimate":33.00544394105235,"standard_error":0.0007618781661129186},"std_dev":{"confidence_interval":{"confidence_level":0.95,"lower_bound":0.007561059743608344,"upper_bound":0.02487569603703125},"point_estimate":0.016463451068720363,"standard_error":0.0048870503417374825}}