{"mean":{"confidence_interval":{"confidence_level":0.95,"lower_bound":36.00776050861523,"upper_bound":36.01487839713774},"point_estimate":36.01088116647124,"standard_error":0.0018304223307692032},"median":{"confidence_interval":{"confidence_level":0.95,"lower_bound":36.00375359195402,"upper_bound":36.007902298850574},"point_estimate":36.00526982121624,"standard_error":0.001079070071601881},"median_abs_dev":{"confidence_interval":{"confidence_level":0.95,"lower_bound":0.0029088014286181587,"upper_bound":0.007680206572649111},"point_estimate":0.004850983456193891,"standard_error":0.0012060564001973003},"slope":{"confidence_interval":{"confidence_level":0.95,"lower_bound":36.004341533893296,"upper_bound":36.0071213179933},"point_estimate":36.00559704295185,"standard_error":0.0007111432995466239},"std_dev":{"confidence_interval":{"confidence_level":0.95,"lower_bound":0.008465617146232056,"upper_bound":0.02786469384042514},"point_estimate":0.018451392677908126,"standard_error":0.005395895389257963}}