{"mean":{"confidence_interval":{"confidence_level":0.95,"lower_bound":23.00626142146633,"upper_bound":23.012082089996298},"point_estimate":23.00875992399274,"standard_error":0.0015035700180027005},"median":{"confidence_interval":{"confidence_level":0.95,"lower_bound":23.003221824065104,"upper_bound":23.006669245863172},"point_estimate":23.00454431521141,"standard_error":0.0009064492587560954},"median_abs_dev":{"confidence_interval":{"confidence_level":0.95,"lower_bound":0.00251742117045865,"upper_bound":0.006185907083008072},"point_estimate":0.0041909011284790776,"standard_error":0.0009479281523589613},"slope":{"confidence_interval":{"confidence_level":0.95,"lower_bound":23.0036188832679,"upper_bound":23.005317638211583},"point_estimate":23.00444790500611,"standard_error":0.0004337806962979371},"std_dev":{"confidence_interval":{"confidence_level":0.95,"lower_bound":0.006227387400162209,"upper_bound":0.02324054109671329},"point_estimate":0.01508696884038496,"standard_error":0.004790653532192086}}