{"mean":{"confidence_interval":{"confidence_level":0.95,"lower_bound":50.01135504768028,"upper_bound":50.02207892811734},"point_estimate":50.015971454276865,"standard_error":0.0027578155147571677},"median":{"confidence_interval":{"confidence_level":0.95,"lower_bound":50.00563889488453,"upper_bound":50.01178443030973},"point_estimate":50.00783936018716,"standard_error":0.00159917662119724},"median_abs_dev":{"confidence_interval":{"confidence_level":0.95,"lower_bound":0.004283834547839833,"upper_bound":0.011234402475568374},"point_estimate":0.007199622181514993,"standard_error":0.0017446515394279394},"slope":{"confidence_interval":{"confidence_level":0.95,"lower_bound":50.00623206902049,"upper_bound":50.009256723383885},"point_estimate":50.00769228269412,"standard_error":0.0007711596905256863},"std_dev":{"confidence_interval":{"confidence_level":0.95,"lower_bound":0.011844700201825162,"upper_bound":0.042384521809588196},"point_estimate":0.02773410775121661,"standard_error":0.008597652787144984}}