{"mean":{"confidence_interval":{"confidence_level":0.95,"lower_bound":51.01034509056914,"upper_bound":51.02057161096601},"point_estimate":51.01481098149657,"standard_error":0.0026330363031474707},"median":{"confidence_interval":{"confidence_level":0.95,"lower_bound":51.00515458842064,"upper_bound":51.01058047096868},"point_estimate":51.00723673743784,"standard_error":0.0014526035880186},"median_abs_dev":{"confidence_interval":{"confidence_level":0.95,"lower_bound":0.0039526692292117475,"upper_bound":0.009965114678741557},"point_estimate":0.006625811218258382,"standard_error":0.0015082620766252147},"slope":{"confidence_interval":{"confidence_level":0.95,"lower_bound":51.005730577506874,"upper_bound":51.00836009820511},"point_estimate":51.00700248111142,"standard_error":0.0006711320159199049},"std_dev":{"confidence_interval":{"confidence_level":0.95,"lower_bound":0.011219275142659023,"upper_bound":0.03955402369807998},"point_estimate":0.026347325459175917,"standard_error":0.00746246656693507}}