{"mean":{"confidence_interval":{"confidence_level":0.95,"lower_bound":49.01107080945271,"upper_bound":49.02128561362411},"point_estimate":49.01551371849198,"standard_error":0.002642543612654704},"median":{"confidence_interval":{"confidence_level":0.95,"lower_bound":49.00545065720843,"upper_bound":49.01114607771964},"point_estimate":49.0076524005143,"standard_error":0.00156245018264451},"median_abs_dev":{"confidence_interval":{"confidence_level":0.95,"lower_bound":0.004189449046839907,"upper_bound":0.010874881676917268},"point_estimate":0.0069165934777849596,"standard_error":0.001709479595376295},"slope":{"confidence_interval":{"confidence_level":0.95,"lower_bound":49.00625669148292,"upper_bound":49.00953753332862},"point_estimate":49.00781220680089,"standard_error":0.0008392952585164538},"std_dev":{"confidence_interval":{"confidence_level":0.95,"lower_bound":0.011793323594965885,"upper_bound":0.040155865514265796},"point_estimate":0.026468298185053005,"standard_error":0.00798062894924471}}