{"mean":{"confidence_interval":{"confidence_level":0.95,"lower_bound":21.004792144470137,"upper_bound":21.009295057888643},"point_estimate":21.006738536080444,"standard_error":0.001161902663250199},"median":{"confidence_interval":{"confidence_level":0.95,"lower_bound":21.002390079227123,"upper_bound":21.005028600900225},"point_estimate":21.0033227595692,"standard_error":0.0006785114320521569},"median_abs_dev":{"confidence_interval":{"confidence_level":0.95,"lower_bound":0.0018417871561645601,"upper_bound":0.004751043179466244},"point_estimate":0.0030391895407709617,"standard_error":0.0007333684570586108},"slope":{"confidence_interval":{"confidence_level":0.95,"lower_bound":21.002668195752193,"upper_bound":21.00394466419743},"point_estimate":21.00328580427211,"standard_error":0.0003263213440766795},"std_dev":{"confidence_interval":{"confidence_level":0.95,"lower_bound":0.004935914532214657,"upper_bound":0.017963147836739787},"point_estimate":0.011707540442882669,"standard_error":0.003669928186228716}}