{"mean":{"confidence_interval":{"confidence_level":0.95,"lower_bound":65.0143385971345,"upper_bound":65.02781330497004},"point_estimate":65.02016892977066,"standard_error":0.0034753838077939544},"median":{"confidence_interval":{"confidence_level":0.95,"lower_bound":65.00714744948908,"upper_bound":65.01479320732462},"point_estimate":65.00993659788165,"standard_error":0.002018092873986833},"median_abs_dev":{"confidence_interval":{"confidence_level":0.95,"lower_bound":0.005381442903066,"upper_bound":0.014153161554676146},"point_estimate":0.009052421900115093,"standard_error":0.002207066969040533},"slope":{"confidence_interval":{"confidence_level":0.95,"lower_bound":65.00805140254639,"upper_bound":65.01192516558565},"point_estimate":65.00991357301994,"standard_error":0.0009875440764844012},"std_dev":{"confidence_interval":{"confidence_level":0.95,"lower_bound":0.01480684732086165,"upper_bound":0.05359321549647448},"point_estimate":0.03503562667301906,"standard_error":0.010922113466064486}}