{"mean":{"confidence_interval":{"confidence_level":0.95,"lower_bound":47.01274994789237,"upper_bound":47.02606857531309},"point_estimate":47.01857453247645,"standard_error":0.003434958507215352},"median":{"confidence_interval":{"confidence_level":0.95,"lower_bound":47.0057908211329,"upper_bound":47.01160357719432},"point_estimate":47.007722716922615,"standard_error":0.0014593997725000029},"median_abs_dev":{"confidence_interval":{"confidence_level":0.95,"lower_bound":0.004024439652755195,"upper_bound":0.011118572013608876},"point_estimate":0.006719809615515068,"standard_error":0.0017755081754749296},"slope":{"confidence_interval":{"confidence_level":0.95,"lower_bound":47.006379433340264,"upper_bound":47.010067756039305},"point_estimate":47.008087053043134,"standard_error":0.0009380664724684695},"std_dev":{"confidence_interval":{"confidence_level":0.95,"lower_bound":0.015047875360141889,"upper_bound":0.0515024050099314},"point_estimate":0.034449098369062126,"standard_error":0.009599837988618186}}