{"mean":{"confidence_interval":{"confidence_level":0.95,"lower_bound":20.004809023009873,"upper_bound":20.009395632379533},"point_estimate":20.006794074431323,"standard_error":0.001182196466772358},"median":{"confidence_interval":{"confidence_level":0.95,"lower_bound":20.002372282658047,"upper_bound":20.005095392587414},"point_estimate":20.00329801824702,"standard_error":0.0006813217072642994},"median_abs_dev":{"confidence_interval":{"confidence_level":0.95,"lower_bound":0.0018393318807954,"upper_bound":0.004734356975139294},"point_estimate":0.0030639948812136667,"standard_error":0.0007317983231550393},"slope":{"confidence_interval":{"confidence_level":0.95,"lower_bound":20.002653348878713,"upper_bound":20.003925817245758},"point_estimate":20.003264047162432,"standard_error":0.0003257319379217748},"std_dev":{"confidence_interval":{"confidence_level":0.95,"lower_bound":0.0051690534530880695,"upper_bound":0.01804529353545624},"point_estimate":0.011875213447554059,"standard_error":0.003569797690359235}}