{"mean":{"confidence_interval":{"confidence_level":0.95,"lower_bound":-0.00035048978843091035,"upper_bound":0.00015532543027582112},"point_estimate":-0.00007577286771653924,"standard_error":0.00012867942894678042},"median":{"confidence_interval":{"confidence_level":0.95,"lower_bound":-0.00010010406746703825,"upper_bound":0.00010876821623306832},"point_estimate":3.864225291305701e-6,"standard_error":0.000052720599527071905}}