{"mean":{"confidence_interval":{"confidence_level":0.95,"lower_bound":21.004876100831382,"upper_bound":21.009527093199836},"point_estimate":21.006902260634885,"standard_error":0.0011971038193965445},"median":{"confidence_interval":{"confidence_level":0.95,"lower_bound":21.00238895912251,"upper_bound":21.004897366201142},"point_estimate":21.003321202366294,"standard_error":0.000669220227197067},"median_abs_dev":{"confidence_interval":{"confidence_level":0.95,"lower_bound":0.0017877004585799463,"upper_bound":0.0047476675201424436},"point_estimate":0.003061955918226996,"standard_error":0.0007472454712812224},"slope":{"confidence_interval":{"confidence_level":0.95,"lower_bound":21.00268182219437,"upper_bound":21.004028498230614},"point_estimate":21.00333503538638,"standard_error":0.0003447547026269832},"std_dev":{"confidence_interval":{"confidence_level":0.95,"lower_bound":0.0053044258777892265,"upper_bound":0.01820547252880682},"point_estimate":0.012030051120478932,"standard_error":0.003566692014788717}}