{"mean":{"confidence_interval":{"confidence_level":0.95,"lower_bound":-0.000129488807521963,"upper_bound":0.00029135886647284055},"point_estimate":0.00006367083952563135,"standard_error":0.0001067470267232671},"median":{"confidence_interval":{"confidence_level":0.95,"lower_bound":-0.00009456585778422344,"upper_bound":0.0001041217350823409},"point_estimate":5.8839274785782436e-8,"standard_error":0.00004949323256413645}}