{"mean":{"confidence_interval":{"confidence_level":0.95,"lower_bound":42.00833712165817,"upper_bound":42.01801621473963},"point_estimate":42.01255951021986,"standard_error":0.0024998168548089916},"median":{"confidence_interval":{"confidence_level":0.95,"lower_bound":42.003950198075835,"upper_bound":42.00833944012319},"point_estimate":42.0056664522256,"standard_error":0.0011978097821850639},"median_abs_dev":{"confidence_interval":{"confidence_level":0.95,"lower_bound":0.003223440003380486,"upper_bound":0.00813521969484309},"point_estimate":0.005368160465229451,"standard_error":0.001277546651347265},"slope":{"confidence_interval":{"confidence_level":0.95,"lower_bound":42.00465116497449,"upper_bound":42.00700925748167},"point_estimate":42.00578978883926,"standard_error":0.0005991675388871721},"std_dev":{"confidence_interval":{"confidence_level":0.95,"lower_bound":0.009428962408061497,"upper_bound":0.03739900385933854},"point_estimate":0.025126793841888272,"standard_error":0.007264599727537545}}