{"mean":{"confidence_interval":{"confidence_level":0.95,"lower_bound":40.008497727930575,"upper_bound":40.017422104099296},"point_estimate":40.01242806972235,"standard_error":0.002298746744321249},"median":{"confidence_interval":{"confidence_level":0.95,"lower_bound":40.004204436183095,"upper_bound":40.008718847856784},"point_estimate":40.005964626728,"standard_error":0.0012140247950788898},"median_abs_dev":{"confidence_interval":{"confidence_level":0.95,"lower_bound":0.0032871342329105833,"upper_bound":0.00822296517583638},"point_estimate":0.005461948942019442,"standard_error":0.0012485636497024096},"slope":{"confidence_interval":{"confidence_level":0.95,"lower_bound":40.00461551150141,"upper_bound":40.00681611554971},"point_estimate":40.00567007939579,"standard_error":0.0005610970655573602},"std_dev":{"confidence_interval":{"confidence_level":0.95,"lower_bound":0.009213049783022424,"upper_bound":0.03379241821959544},"point_estimate":0.023020102186924876,"standard_error":0.006261742247019377}}