{"mean":{"confidence_interval":{"confidence_level":0.95,"lower_bound":41.00864252866442,"upper_bound":41.016516851526596},"point_estimate":41.012078915369415,"standard_error":0.002018795112146869},"median":{"confidence_interval":{"confidence_level":0.95,"lower_bound":41.004013293315396,"upper_bound":41.00852428099953},"point_estimate":41.00557940030456,"standard_error":0.0011619273645672857},"median_abs_dev":{"confidence_interval":{"confidence_level":0.95,"lower_bound":0.003044690613228635,"upper_bound":0.008322032932762987},"point_estimate":0.005263467247440813,"standard_error":0.0013313466101734198},"slope":{"confidence_interval":{"confidence_level":0.95,"lower_bound":41.00485715804538,"upper_bound":41.00758663781048},"point_estimate":41.00616294917085,"standard_error":0.0006969947824849827},"std_dev":{"confidence_interval":{"confidence_level":0.95,"lower_bound":0.009543990810483427,"upper_bound":0.03043123582761023},"point_estimate":0.020217737225339233,"standard_error":0.005884826181807165}}