{"mean":{"confidence_interval":{"confidence_level":0.95,"lower_bound":58.0117653353639,"upper_bound":58.023130575887805},"point_estimate":58.01666092592605,"standard_error":0.002938466963493858},"median":{"confidence_interval":{"confidence_level":0.95,"lower_bound":58.006027043985334,"upper_bound":58.012355440169934},"point_estimate":58.00837897666696,"standard_error":0.0015605596101183933},"median_abs_dev":{"confidence_interval":{"confidence_level":0.95,"lower_bound":0.0046059769710385815,"upper_bound":0.011429071892405775},"point_estimate":0.007601263415063682,"standard_error":0.0016944932819931101},"slope":{"confidence_interval":{"confidence_level":0.95,"lower_bound":58.00659202302803,"upper_bound":58.00978567398157},"point_estimate":58.00813915243975,"standard_error":0.0008157986854497533},"std_dev":{"confidence_interval":{"confidence_level":0.95,"lower_bound":0.01201206952053021,"upper_bound":0.045247937151272316},"point_estimate":0.029436529473022825,"standard_error":0.009341933357806514}}