{"mean":{"confidence_interval":{"confidence_level":0.95,"lower_bound":20.004934171754428,"upper_bound":20.009555619627157},"point_estimate":20.006904999024247,"standard_error":0.0011957131020045432},"median":{"confidence_interval":{"confidence_level":0.95,"lower_bound":20.002504221482226,"upper_bound":20.00520796474731},"point_estimate":20.003425883017112,"standard_error":0.0007000220324301355},"median_abs_dev":{"confidence_interval":{"confidence_level":0.95,"lower_bound":0.001928991564794921,"upper_bound":0.0048973087858836155},"point_estimate":0.003201727314570837,"standard_error":0.0007509599206443038},"slope":{"confidence_interval":{"confidence_level":0.95,"lower_bound":20.002754662284595,"upper_bound":20.004071515497287},"point_estimate":20.00339298345742,"standard_error":0.0003363405999007015},"std_dev":{"confidence_interval":{"confidence_level":0.95,"lower_bound":0.0049895360507843465,"upper_bound":0.018500100367793856},"point_estimate":0.012000960704915818,"standard_error":0.003812315634652647}}