{"mean":{"confidence_interval":{"confidence_level":0.95,"lower_bound":21.005087789516423,"upper_bound":21.012678365307927},"point_estimate":21.008257469040085,"standard_error":0.00198217806247026},"median":{"confidence_interval":{"confidence_level":0.95,"lower_bound":21.00252329520622,"upper_bound":21.005179812985986},"point_estimate":21.003579674746923,"standard_error":0.0007193784111348931},"median_abs_dev":{"confidence_interval":{"confidence_level":0.95,"lower_bound":0.00199166241314545,"upper_bound":0.004950909534321541},"point_estimate":0.0033220935631607194,"standard_error":0.0007507739666799945},"slope":{"confidence_interval":{"confidence_level":0.95,"lower_bound":21.002824242920813,"upper_bound":21.004351286219894},"point_estimate":21.003542125886284,"standard_error":0.000388894250378035},"std_dev":{"confidence_interval":{"confidence_level":0.95,"lower_bound":0.005098934842865489,"upper_bound":0.03145556675943822},"point_estimate":0.019870881511280598,"standard_error":0.007211844266994649}}