{"mean":{"confidence_interval":{"confidence_level":0.95,"lower_bound":21.004891689762125,"upper_bound":21.009497236253573},"point_estimate":21.00687566670239,"standard_error":0.0011865925804861667},"median":{"confidence_interval":{"confidence_level":0.95,"lower_bound":21.002439491278526,"upper_bound":21.00514181178068},"point_estimate":21.003391453679747,"standard_error":0.0006936211773727561},"median_abs_dev":{"confidence_interval":{"confidence_level":0.95,"lower_bound":0.0018719790570626814,"upper_bound":0.004828635584988193},"point_estimate":0.003139068573744486,"standard_error":0.0007506264593067266},"slope":{"confidence_interval":{"confidence_level":0.95,"lower_bound":21.00271447759459,"upper_bound":21.00401966849056},"point_estimate":21.003348803229617,"standard_error":0.0003327159278072915},"std_dev":{"confidence_interval":{"confidence_level":0.95,"lower_bound":0.005026035062481077,"upper_bound":0.018293509984609407},"point_estimate":0.011950673419949535,"standard_error":0.0037386523971147186}}