{"mean":{"confidence_interval":{"confidence_level":0.95,"lower_bound":59.01407249863028,"upper_bound":59.02677423346877},"point_estimate":59.01960458424124,"standard_error":0.0032740467461082608},"median":{"confidence_interval":{"confidence_level":0.95,"lower_bound":59.00712558889164,"upper_bound":59.01424748798602},"point_estimate":59.00996397539648,"standard_error":0.0020405389074746078},"median_abs_dev":{"confidence_interval":{"confidence_level":0.95,"lower_bound":0.005642189592218423,"upper_bound":0.013862239034928224},"point_estimate":0.009208368542708525,"standard_error":0.002168715662485343},"slope":{"confidence_interval":{"confidence_level":0.95,"lower_bound":59.00828637993039,"upper_bound":59.012893359438806},"point_estimate":59.01045423777134,"standard_error":0.0011760164016595188},"std_dev":{"confidence_interval":{"confidence_level":0.95,"lower_bound":0.01431597443041197,"upper_bound":0.05020425340939712},"point_estimate":0.03290825352765309,"standard_error":0.010102642317109507}}