{"mean":{"confidence_interval":{"confidence_level":0.95,"lower_bound":19.005012317641114,"upper_bound":19.009767350759105},"point_estimate":19.007069807313087,"standard_error":0.0012262086504636928},"median":{"confidence_interval":{"confidence_level":0.95,"lower_bound":19.002483465349123,"upper_bound":19.00524842476209},"point_estimate":19.003452587746857,"standard_error":0.0007069636723354297},"median_abs_dev":{"confidence_interval":{"confidence_level":0.95,"lower_bound":0.0018861756087029456,"upper_bound":0.004945287638120521},"point_estimate":0.0032075963172350326,"standard_error":0.0007632214997887883},"slope":{"confidence_interval":{"confidence_level":0.95,"lower_bound":19.002731111923477,"upper_bound":19.004047082028755},"point_estimate":19.00336266491265,"standard_error":0.00033671646413716705},"std_dev":{"confidence_interval":{"confidence_level":0.95,"lower_bound":0.005336015216762697,"upper_bound":0.01880002510518931},"point_estimate":0.012322031921742799,"standard_error":0.003756032865920963}}