{"mean":{"confidence_interval":{"confidence_level":0.95,"lower_bound":20.00489256470465,"upper_bound":20.00949154402978},"point_estimate":20.006869649288348,"standard_error":0.0011870839562716409},"median":{"confidence_interval":{"confidence_level":0.95,"lower_bound":20.00244886672541,"upper_bound":20.005118258390983},"point_estimate":20.003404487706185,"standard_error":0.0006960124175405114},"median_abs_dev":{"confidence_interval":{"confidence_level":0.95,"lower_bound":0.001899351673052073,"upper_bound":0.004833061021034277},"point_estimate":0.003162909396978823,"standard_error":0.0007483426614472866},"slope":{"confidence_interval":{"confidence_level":0.95,"lower_bound":20.002736166051953,"upper_bound":20.004050481462688},"point_estimate":20.003368429747972,"standard_error":0.00033611917890511166},"std_dev":{"confidence_interval":{"confidence_level":0.95,"lower_bound":0.0049225209106549,"upper_bound":0.018376064365312906},"point_estimate":0.011925599130901693,"standard_error":0.00379649398205356}}