{"mean":{"confidence_interval":{"confidence_level":0.95,"lower_bound":21.005078315696,"upper_bound":21.010485271534435},"point_estimate":21.00747637717141,"standard_error":0.0013935121712604721},"median":{"confidence_interval":{"confidence_level":0.95,"lower_bound":21.002488569251287,"upper_bound":21.00509293841846},"point_estimate":21.003493804121263,"standard_error":0.0006949517544280427},"median_abs_dev":{"confidence_interval":{"confidence_level":0.95,"lower_bound":0.00190468785545676,"upper_bound":0.004839750305476334},"point_estimate":0.0031578617392796463,"standard_error":0.0007274806133761367},"slope":{"confidence_interval":{"confidence_level":0.95,"lower_bound":21.002763035505303,"upper_bound":21.004048544402043},"point_estimate":21.003389149989175,"standard_error":0.0003281827438546514},"std_dev":{"confidence_interval":{"confidence_level":0.95,"lower_bound":0.005539206867111538,"upper_bound":0.020552813802116106},"point_estimate":0.014057289811802392,"standard_error":0.003826347590573351}}