{"mean":{"confidence_interval":{"confidence_level":0.95,"lower_bound":67.0146078483923,"upper_bound":67.02851984910424},"point_estimate":67.02066563575332,"standard_error":0.003571452180069911},"median":{"confidence_interval":{"confidence_level":0.95,"lower_bound":67.0071302097521,"upper_bound":67.01480451332635},"point_estimate":67.01001039300174,"standard_error":0.002030835615036866},"median_abs_dev":{"confidence_interval":{"confidence_level":0.95,"lower_bound":0.005489775418798069,"upper_bound":0.013940971513009435},"point_estimate":0.0092024065565756,"standard_error":0.0021728329598064973},"slope":{"confidence_interval":{"confidence_level":0.95,"lower_bound":67.00803016264989,"upper_bound":67.01204212823961},"point_estimate":67.00995878092995,"standard_error":0.0010251778785069854},"std_dev":{"confidence_interval":{"confidence_level":0.95,"lower_bound":0.0159781464380036,"upper_bound":0.05388436554341562},"point_estimate":0.03586281303302925,"standard_error":0.010204694638963776}}