{"mean":{"confidence_interval":{"confidence_level":0.95,"lower_bound":56.01250503278668,"upper_bound":56.024011657039914},"point_estimate":56.017469748784634,"standard_error":0.002963583609440156},"median":{"confidence_interval":{"confidence_level":0.95,"lower_bound":56.00626649076517,"upper_bound":56.01335034989101},"point_estimate":56.00879778260135,"standard_error":0.0018535223892969738},"median_abs_dev":{"confidence_interval":{"confidence_level":0.95,"lower_bound":0.004947191595940095,"upper_bound":0.012698944463242138},"point_estimate":0.008278347963248825,"standard_error":0.0019938669028544674},"slope":{"confidence_interval":{"confidence_level":0.95,"lower_bound":56.0071679708038,"upper_bound":56.01080287047618},"point_estimate":56.0089179789479,"standard_error":0.0009312009254341585},"std_dev":{"confidence_interval":{"confidence_level":0.95,"lower_bound":0.012484893625605068,"upper_bound":0.04579168558175776},"point_estimate":0.029831041967398886,"standard_error":0.009379677539930577}}