{"mean":{"confidence_interval":{"confidence_level":0.95,"lower_bound":40.00877002119218,"upper_bound":40.016888595906146},"point_estimate":40.01228495583851,"standard_error":0.002090043709180579},"median":{"confidence_interval":{"confidence_level":0.95,"lower_bound":40.004351265822784,"upper_bound":40.0090581973129},"point_estimate":40.00610891999751,"standard_error":0.0012472543932712352},"median_abs_dev":{"confidence_interval":{"confidence_level":0.95,"lower_bound":0.0033829378955477856,"upper_bound":0.008620200353373427},"point_estimate":0.005542386318282085,"standard_error":0.001362321979216004},"slope":{"confidence_interval":{"confidence_level":0.95,"lower_bound":40.00499274493845,"upper_bound":40.00743469742635},"point_estimate":40.00617103006153,"standard_error":0.0006230857549833632},"std_dev":{"confidence_interval":{"confidence_level":0.95,"lower_bound":0.009146016436058335,"upper_bound":0.03205392708071663},"point_estimate":0.021004498626376492,"standard_error":0.006413889938281219}}