{"mean":{"confidence_interval":{"confidence_level":0.95,"lower_bound":62.01214508263948,"upper_bound":62.02341646133302},"point_estimate":62.01701671982842,"standard_error":0.002909463378246434},"median":{"confidence_interval":{"confidence_level":0.95,"lower_bound":62.00608437935844,"upper_bound":62.01275049548558},"point_estimate":62.0085421089515,"standard_error":0.0017628962448083057},"median_abs_dev":{"confidence_interval":{"confidence_level":0.95,"lower_bound":0.004697996061134152,"upper_bound":0.012064708611200415},"point_estimate":0.007820983116304556,"standard_error":0.0018690100821467503},"slope":{"confidence_interval":{"confidence_level":0.95,"lower_bound":62.00681930920546,"upper_bound":62.01001532681369},"point_estimate":62.008367198488415,"standard_error":0.0008154868550054562},"std_dev":{"confidence_interval":{"confidence_level":0.95,"lower_bound":0.012666091361079388,"upper_bound":0.04470007464146182},"point_estimate":0.02930092307302088,"standard_error":0.009003556730306993}}