{"mean":{"confidence_interval":{"confidence_level":0.95,"lower_bound":55.02891076602899,"upper_bound":55.061663310294364},"point_estimate":55.043450561561855,"standard_error":0.008439457485688456},"median":{"confidence_interval":{"confidence_level":0.95,"lower_bound":55.01414100486224,"upper_bound":55.029128399063566},"point_estimate":55.019853134905105,"standard_error":0.003911890039521608},"median_abs_dev":{"confidence_interval":{"confidence_level":0.95,"lower_bound":0.010825830607416318,"upper_bound":0.027551185521873557},"point_estimate":0.01802395867548855,"standard_error":0.0042351867883384945},"slope":{"confidence_interval":{"confidence_level":0.95,"lower_bound":55.0158330256885,"upper_bound":55.02339559013595},"point_estimate":55.01948336849699,"standard_error":0.0019334429089528382},"std_dev":{"confidence_interval":{"confidence_level":0.95,"lower_bound":0.0323660534801541,"upper_bound":0.12371350792405758},"point_estimate":0.08500160781617354,"standard_error":0.023470055977392067}}