{"mean":{"confidence_interval":{"confidence_level":0.95,"lower_bound":21.005034267595626,"upper_bound":21.010092913224284},"point_estimate":21.007257093837715,"standard_error":0.0012997703021510605},"median":{"confidence_interval":{"confidence_level":0.95,"lower_bound":21.002504793863853,"upper_bound":21.0052292249594},"point_estimate":21.00351658251822,"standard_error":0.0007037669411588566},"median_abs_dev":{"confidence_interval":{"confidence_level":0.95,"lower_bound":0.0019156183878057272,"upper_bound":0.004834862176134823},"point_estimate":0.003178449907861052,"standard_error":0.0007307162552643061},"slope":{"confidence_interval":{"confidence_level":0.95,"lower_bound":21.002768592811368,"upper_bound":21.004053320539146},"point_estimate":21.003393393379778,"standard_error":0.00032818516089872977},"std_dev":{"confidence_interval":{"confidence_level":0.95,"lower_bound":0.0054911095438103675,"upper_bound":0.01941708249750204},"point_estimate":0.013038725048324998,"standard_error":0.0036322159976334314}}