{"mean":{"confidence_interval":{"confidence_level":0.95,"lower_bound":-0.00012375836844421282,"upper_bound":0.0001699638915491573},"point_estimate":0.00001230452658451675,"standard_error":0.00007429156286243836},"median":{"confidence_interval":{"confidence_level":0.95,"lower_bound":-0.00007972119296661972,"upper_bound":0.00009256869119012023},"point_estimate":3.214056659261999e-6,"standard_error":0.00004331666476522487}}