{"mean":{"confidence_interval":{"confidence_level":0.95,"lower_bound":57.010717776859664,"upper_bound":57.020760589139684},"point_estimate":57.01502846128853,"standard_error":0.0026021811163720486},"median":{"confidence_interval":{"confidence_level":0.95,"lower_bound":57.00544195136375,"upper_bound":57.0111511738534},"point_estimate":57.007463049009445,"standard_error":0.001511051496962225},"median_abs_dev":{"confidence_interval":{"confidence_level":0.95,"lower_bound":0.0042099525661140075,"upper_bound":0.010623518597925768},"point_estimate":0.006907664034973328,"standard_error":0.0016250035178274275},"slope":{"confidence_interval":{"confidence_level":0.95,"lower_bound":57.00598397546381,"upper_bound":57.00885187328257},"point_estimate":57.00737049262706,"standard_error":0.0007333485870174576},"std_dev":{"confidence_interval":{"confidence_level":0.95,"lower_bound":0.010802436024023037,"upper_bound":0.040259386134513575},"point_estimate":0.02613493495565242,"standard_error":0.00831660647399336}}