{"mean":{"confidence_interval":{"confidence_level":0.95,"lower_bound":58.01235854103983,"upper_bound":58.024060637505656},"point_estimate":58.017450916849214,"standard_error":0.003009406181106595},"median":{"confidence_interval":{"confidence_level":0.95,"lower_bound":58.00611137053467,"upper_bound":58.0127677353552},"point_estimate":58.00858000296739,"standard_error":0.0017308952877656413},"median_abs_dev":{"confidence_interval":{"confidence_level":0.95,"lower_bound":0.004701770224788092,"upper_bound":0.012010263334984951},"point_estimate":0.007789481089965133,"standard_error":0.001845538442207025},"slope":{"confidence_interval":{"confidence_level":0.95,"lower_bound":58.00680723139657,"upper_bound":58.0101618186941},"point_estimate":58.008425788428625,"standard_error":0.0008553295131455696},"std_dev":{"confidence_interval":{"confidence_level":0.95,"lower_bound":0.01350930828811186,"upper_bound":0.04574343064574417},"point_estimate":0.030282569252271452,"standard_error":0.008852254532924105}}