{"mean":{"confidence_interval":{"confidence_level":0.95,"lower_bound":20.004837593373296,"upper_bound":20.010229744547082},"point_estimate":20.007224806579053,"standard_error":0.0013872520550276199},"median":{"confidence_interval":{"confidence_level":0.95,"lower_bound":20.002342105944045,"upper_bound":20.00486393505422},"point_estimate":20.00336037536577,"standard_error":0.000683778858518251},"median_abs_dev":{"confidence_interval":{"confidence_level":0.95,"lower_bound":0.0018427661051252564,"upper_bound":0.004649231497516104},"point_estimate":0.003077174735459455,"standard_error":0.0007037945284152459},"slope":{"confidence_interval":{"confidence_level":0.95,"lower_bound":20.002617916905294,"upper_bound":20.0038790351813},"point_estimate":20.003224666349237,"standard_error":0.0003221199132481759},"std_dev":{"confidence_interval":{"confidence_level":0.95,"lower_bound":0.005456503863708736,"upper_bound":0.020283288151338636},"point_estimate":0.013966818353045163,"standard_error":0.0038216802879081067}}