{"mean":{"confidence_interval":{"confidence_level":0.95,"lower_bound":19.004796468916517,"upper_bound":19.009203600799818},"point_estimate":19.006696698255205,"standard_error":0.001135286173561707},"median":{"confidence_interval":{"confidence_level":0.95,"lower_bound":19.00249433106576,"upper_bound":19.00498866213152},"point_estimate":19.003578050403448,"standard_error":0.0006970806604708232},"median_abs_dev":{"confidence_interval":{"confidence_level":0.95,"lower_bound":0.001978763694922941,"upper_bound":0.004772527986833143},"point_estimate":0.003267757446128455,"standard_error":0.0007265801247180161},"slope":{"confidence_interval":{"confidence_level":0.95,"lower_bound":19.00278522094319,"upper_bound":19.004086029836067},"point_estimate":19.00341528459273,"standard_error":0.00033148368969344627},"std_dev":{"confidence_interval":{"confidence_level":0.95,"lower_bound":0.004887155881480817,"upper_bound":0.017413495091329955},"point_estimate":0.011412455910421632,"standard_error":0.0035069551933640713}}