{"mean":{"confidence_interval":{"confidence_level":0.95,"lower_bound":49.01123635233035,"upper_bound":49.02193159678255},"point_estimate":49.015893418973384,"standard_error":0.00274671999845438},"median":{"confidence_interval":{"confidence_level":0.95,"lower_bound":49.00561345079502,"upper_bound":49.011522346368714},"point_estimate":49.0078809530866,"standard_error":0.0016085812356848796},"median_abs_dev":{"confidence_interval":{"confidence_level":0.95,"lower_bound":0.0043116576631417386,"upper_bound":0.010876237229670606},"point_estimate":0.007244843868128022,"standard_error":0.0016937177097409285},"slope":{"confidence_interval":{"confidence_level":0.95,"lower_bound":49.006250671703135,"upper_bound":49.00917941301599},"point_estimate":49.00767006953599,"standard_error":0.0007481890165354666},"std_dev":{"confidence_interval":{"confidence_level":0.95,"lower_bound":0.012108257276135962,"upper_bound":0.04175966186649006},"point_estimate":0.027604550243762724,"standard_error":0.008166602062442973}}