{"mean":{"confidence_interval":{"confidence_level":0.95,"lower_bound":53.011539628013715,"upper_bound":53.02248371452794},"point_estimate":53.016223791654326,"standard_error":0.002824240237767917},"median":{"confidence_interval":{"confidence_level":0.95,"lower_bound":53.005945607646794,"upper_bound":53.012007282658175},"point_estimate":53.008347281671604,"standard_error":0.0015491310134089508},"median_abs_dev":{"confidence_interval":{"confidence_level":0.95,"lower_bound":0.004616763834397384,"upper_bound":0.011300808532051338},"point_estimate":0.0075446592032253545,"standard_error":0.0017108171020266843},"slope":{"confidence_interval":{"confidence_level":0.95,"lower_bound":53.00673770200971,"upper_bound":53.00994313174041},"point_estimate":53.00829868422885,"standard_error":0.0008191340786080061},"std_dev":{"confidence_interval":{"confidence_level":0.95,"lower_bound":0.011552607459850083,"upper_bound":0.04359057194711299},"point_estimate":0.028270121355984643,"standard_error":0.009011582095250817}}