{"mean":{"confidence_interval":{"confidence_level":0.95,"lower_bound":40.00880205913606,"upper_bound":40.01721929230828},"point_estimate":40.012467551248115,"standard_error":0.0021690890821596067},"median":{"confidence_interval":{"confidence_level":0.95,"lower_bound":40.00436451217701,"upper_bound":40.00891305846663},"point_estimate":40.005985457440204,"standard_error":0.0012054703877695805},"median_abs_dev":{"confidence_interval":{"confidence_level":0.95,"lower_bound":0.003355242923804361,"upper_bound":0.008412073330389578},"point_estimate":0.005462344061695104,"standard_error":0.0012856846195158003},"slope":{"confidence_interval":{"confidence_level":0.95,"lower_bound":40.004868487248444,"upper_bound":40.00717329962349},"point_estimate":40.00598500423358,"standard_error":0.0005878289656543554},"std_dev":{"confidence_interval":{"confidence_level":0.95,"lower_bound":0.00966744835162607,"upper_bound":0.03296624364238956},"point_estimate":0.021842350260807476,"standard_error":0.006395829289949752}}