{"mean":{"confidence_interval":{"confidence_level":0.95,"lower_bound":-0.00013302539520698706,"upper_bound":0.00018215778192950938},"point_estimate":0.00002311157522649765,"standard_error":0.00007975464419250053},"median":{"confidence_interval":{"confidence_level":0.95,"lower_bound":-0.00008706281556147832,"upper_bound":0.00009524759666224014},"point_estimate":5.917883759920528e-6,"standard_error":0.00004547561930253734}}