{"mean":{"confidence_interval":{"confidence_level":0.95,"lower_bound":21.00548402109573,"upper_bound":21.012438972645786},"point_estimate":21.008554460744996,"standard_error":0.0017882505168811522},"median":{"confidence_interval":{"confidence_level":0.95,"lower_bound":21.002434989281387,"upper_bound":21.005054227246127},"point_estimate":21.003418581010813,"standard_error":0.0007101111796727969},"median_abs_dev":{"confidence_interval":{"confidence_level":0.95,"lower_bound":0.0018760171594914667,"upper_bound":0.004924473645051715},"point_estimate":0.0031806656224359973,"standard_error":0.0007766872953519047},"slope":{"confidence_interval":{"confidence_level":0.95,"lower_bound":21.002794401902232,"upper_bound":21.004242410855596},"point_estimate":21.00349358319102,"standard_error":0.00036991461395423917},"std_dev":{"confidence_interval":{"confidence_level":0.95,"lower_bound":0.007327906233686028,"upper_bound":0.02563982846514821},"point_estimate":0.01798096147800613,"standard_error":0.004514073646589866}}