{"mean":{"confidence_interval":{"confidence_level":0.95,"lower_bound":56.01293668064,"upper_bound":56.025032121297954},"point_estimate":56.01817884757128,"standard_error":0.0031132397891468887},"median":{"confidence_interval":{"confidence_level":0.95,"lower_bound":56.006471389645775,"upper_bound":56.013623978201636},"point_estimate":56.00908544851747,"standard_error":0.0018713341273924175},"median_abs_dev":{"confidence_interval":{"confidence_level":0.95,"lower_bound":0.005007215808859709,"upper_bound":0.012813973170094525},"point_estimate":0.008453148739933363,"standard_error":0.001984919205302643},"slope":{"confidence_interval":{"confidence_level":0.95,"lower_bound":56.007244277810685,"upper_bound":56.0106992389951},"point_estimate":56.008913715561235,"standard_error":0.0008830148369953578},"std_dev":{"confidence_interval":{"confidence_level":0.95,"lower_bound":0.013563719924936822,"upper_bound":0.047709319299493826},"point_estimate":0.03134689336235632,"standard_error":0.009530266390090787}}