{"mean":{"confidence_interval":{"confidence_level":0.95,"lower_bound":38.01016379803249,"upper_bound":38.02052097636214},"point_estimate":38.01456404431468,"standard_error":0.0026805937335114194},"median":{"confidence_interval":{"confidence_level":0.95,"lower_bound":38.00507562536358,"upper_bound":38.00993057136353},"point_estimate":38.00681952338289,"standard_error":0.0012072617575064803},"median_abs_dev":{"confidence_interval":{"confidence_level":0.95,"lower_bound":0.0035620318166652547,"upper_bound":0.009227246812018417},"point_estimate":0.006022688027808989,"standard_error":0.0014438079743843016},"slope":{"confidence_interval":{"confidence_level":0.95,"lower_bound":38.00545050967993,"upper_bound":38.008216836691254},"point_estimate":38.00678442838423,"standard_error":0.0007071986075212563},"std_dev":{"confidence_interval":{"confidence_level":0.95,"lower_bound":0.010393400215323223,"upper_bound":0.041783884817805636},"point_estimate":0.02688356752905431,"standard_error":0.008828256457426818}}