{"mean":{"confidence_interval":{"confidence_level":0.95,"lower_bound":20.004358636956326,"upper_bound":20.008481270425712},"point_estimate":20.006197232630658,"standard_error":0.001060086129436454},"median":{"confidence_interval":{"confidence_level":0.95,"lower_bound":20.00201647073325,"upper_bound":20.0042551009111},"point_estimate":20.002803357875706,"standard_error":0.0005749361810877329},"median_abs_dev":{"confidence_interval":{"confidence_level":0.95,"lower_bound":0.0015223968009499367,"upper_bound":0.004061470841460474},"point_estimate":0.002594737666958114,"standard_error":0.0006274521583087487},"slope":{"confidence_interval":{"confidence_level":0.95,"lower_bound":20.002374787653316,"upper_bound":20.00398213370752},"point_estimate":20.003098028959798,"standard_error":0.00040939720215319066},"std_dev":{"confidence_interval":{"confidence_level":0.95,"lower_bound":0.005306922189197569,"upper_bound":0.015665770779494433},"point_estimate":0.010648291449807511,"standard_error":0.0028390533128220645}}