{"mean":{"confidence_interval":{"confidence_level":0.95,"lower_bound":20.004175634969638,"upper_bound":20.008420143824754},"point_estimate":20.006051290642453,"standard_error":0.001092746091398501},"median":{"confidence_interval":{"confidence_level":0.95,"lower_bound":20.002028126452814,"upper_bound":20.004178493071358},"point_estimate":20.002847369650503,"standard_error":0.0005696250178570189},"median_abs_dev":{"confidence_interval":{"confidence_level":0.95,"lower_bound":0.0015579909181206763,"upper_bound":0.00394486095353342},"point_estimate":0.0026175448992105063,"standard_error":0.0006001139353172106},"slope":{"confidence_interval":{"confidence_level":0.95,"lower_bound":20.00228347482522,"upper_bound":20.003393163661897},"point_estimate":20.00281883799446,"standard_error":0.00028365451194739864},"std_dev":{"confidence_interval":{"confidence_level":0.95,"lower_bound":0.004561147936891874,"upper_bound":0.01617288929730052},"point_estimate":0.01100299506660383,"standard_error":0.0029821295336587388}}