{"mean":{"confidence_interval":{"confidence_level":0.95,"lower_bound":41.00798047479508,"upper_bound":41.01590674738536},"point_estimate":41.011471337819586,"standard_error":0.002044232684822479},"median":{"confidence_interval":{"confidence_level":0.95,"lower_bound":41.00397814490022,"upper_bound":41.0079583852264},"point_estimate":41.005706541188786,"standard_error":0.0011306580830708099},"median_abs_dev":{"confidence_interval":{"confidence_level":0.95,"lower_bound":0.003194748659025718,"upper_bound":0.007861557712627075},"point_estimate":0.005242758353355337,"standard_error":0.0011946178137748782},"slope":{"confidence_interval":{"confidence_level":0.95,"lower_bound":41.004439338817534,"upper_bound":41.006574609407195},"point_estimate":41.00546983221602,"standard_error":0.0005441904218960529},"std_dev":{"confidence_interval":{"confidence_level":0.95,"lower_bound":0.008530664990934177,"upper_bound":0.030069914239955642},"point_estimate":0.020482190894641126,"standard_error":0.00556329196890143}}