{"mean":{"confidence_interval":{"confidence_level":0.95,"lower_bound":49.010766454022495,"upper_bound":49.020859696506754},"point_estimate":49.015085121119775,"standard_error":0.002599659915665996},"median":{"confidence_interval":{"confidence_level":0.95,"lower_bound":49.00542699266707,"upper_bound":49.01129451709227},"point_estimate":49.00757768976105,"standard_error":0.0015223253667555408},"median_abs_dev":{"confidence_interval":{"confidence_level":0.95,"lower_bound":0.004183845513891529,"upper_bound":0.010638889972977194},"point_estimate":0.006924316197158683,"standard_error":0.001632239995325006},"slope":{"confidence_interval":{"confidence_level":0.95,"lower_bound":49.00605274009087,"upper_bound":49.009008281689724},"point_estimate":49.007477291588316,"standard_error":0.0007559506118749786},"std_dev":{"confidence_interval":{"confidence_level":0.95,"lower_bound":0.010853074992399996,"upper_bound":0.04011043116867657},"point_estimate":0.02606795557719881,"standard_error":0.008277954030684171}}