{"mean":{"confidence_interval":{"confidence_level":0.95,"lower_bound":21.00483459581132,"upper_bound":21.009364333250865},"point_estimate":21.00678151612322,"standard_error":0.0011699739327012254},"median":{"confidence_interval":{"confidence_level":0.95,"lower_bound":21.002404963660883,"upper_bound":21.00505699869456},"point_estimate":21.00334345235384,"standard_error":0.0006810855771614581},"median_abs_dev":{"confidence_interval":{"confidence_level":0.95,"lower_bound":0.0018548267321153477,"upper_bound":0.004829492597930548},"point_estimate":0.0030581163675045923,"standard_error":0.0007443827299640891},"slope":{"confidence_interval":{"confidence_level":0.95,"lower_bound":21.002693182353347,"upper_bound":21.00398272911394},"point_estimate":21.003312753551594,"standard_error":0.00033027913258594326},"std_dev":{"confidence_interval":{"confidence_level":0.95,"lower_bound":0.0049457311810582735,"upper_bound":0.018082446676261674},"point_estimate":0.011760156598393313,"standard_error":0.0036972556951771953}}