{"mean":{"confidence_interval":{"confidence_level":0.95,"lower_bound":20.013204660556426,"upper_bound":20.025458635903323},"point_estimate":20.018484719613525,"standard_error":0.003155707737777134},"median":{"confidence_interval":{"confidence_level":0.95,"lower_bound":20.006506136398944,"upper_bound":20.0137101910828},"point_estimate":20.00904502525807,"standard_error":0.0018734314506199169},"median_abs_dev":{"confidence_interval":{"confidence_level":0.95,"lower_bound":0.0050244997034086985,"upper_bound":0.013264480656227165},"point_estimate":0.008490943315224984,"standard_error":0.002129830974349828},"slope":{"confidence_interval":{"confidence_level":0.95,"lower_bound":20.00748400759944,"upper_bound":20.011497801996736},"point_estimate":20.009418082319687,"standard_error":0.0010225977563945784},"std_dev":{"confidence_interval":{"confidence_level":0.95,"lower_bound":0.013305992654902038,"upper_bound":0.048732304471967074},"point_estimate":0.0317653043452674,"standard_error":0.009987008334033294}}