{"mean":{"confidence_interval":{"confidence_level":0.95,"lower_bound":20.013271931107102,"upper_bound":20.02571726879964},"point_estimate":20.018688750644177,"standard_error":0.003215752196860712},"median":{"confidence_interval":{"confidence_level":0.95,"lower_bound":20.006608179752586,"upper_bound":20.013532652121068},"point_estimate":20.008962818515002,"standard_error":0.0017363702022961474},"median_abs_dev":{"confidence_interval":{"confidence_level":0.95,"lower_bound":0.0050556121672041395,"upper_bound":0.012692701809770727},"point_estimate":0.008263198736246752,"standard_error":0.0018910983721209518},"slope":{"confidence_interval":{"confidence_level":0.95,"lower_bound":20.007527797845565,"upper_bound":20.011536003772434},"point_estimate":20.009442544340345,"standard_error":0.0010224116671586033},"std_dev":{"confidence_interval":{"confidence_level":0.95,"lower_bound":0.014327306976570644,"upper_bound":0.04906425367089352},"point_estimate":0.032423428536934,"standard_error":0.009598220969877018}}