{"mean":{"confidence_interval":{"confidence_level":0.95,"lower_bound":58.012843329764465,"upper_bound":58.02502258328107},"point_estimate":58.018161873895906,"standard_error":0.0031375301892618006},"median":{"confidence_interval":{"confidence_level":0.95,"lower_bound":58.00639691478942,"upper_bound":58.013467189030365},"point_estimate":58.0089808902216,"standard_error":0.0018514046452057294},"median_abs_dev":{"confidence_interval":{"confidence_level":0.95,"lower_bound":0.004973775185363214,"upper_bound":0.012648527387321001},"point_estimate":0.008355867155510902,"standard_error":0.001951602247120242},"slope":{"confidence_interval":{"confidence_level":0.95,"lower_bound":58.0071500194459,"upper_bound":58.01065340078777},"point_estimate":58.00884699860633,"standard_error":0.000895541308333229},"std_dev":{"confidence_interval":{"confidence_level":0.95,"lower_bound":0.013880648525142545,"upper_bound":0.047597409848720705},"point_estimate":0.031444280989132226,"standard_error":0.009305492617194839}}