{"mean":{"confidence_interval":{"confidence_level":0.95,"lower_bound":14.0027952082503,"upper_bound":14.005402257028035},"point_estimate":14.003906873528797,"standard_error":0.000672627210897176},"median":{"confidence_interval":{"confidence_level":0.95,"lower_bound":14.001438186513106,"upper_bound":14.002891292373263},"point_estimate":14.002028531886374,"standard_error":0.00039886952116283337},"median_abs_dev":{"confidence_interval":{"confidence_level":0.95,"lower_bound":0.0011237488770307338,"upper_bound":0.002788058506139029},"point_estimate":0.0018551943177335557,"standard_error":0.0004342259164355096},"slope":{"confidence_interval":{"confidence_level":0.95,"lower_bound":14.001586677484822,"upper_bound":14.002319263745557},"point_estimate":14.001941533830356,"standard_error":0.0001868724870562223},"std_dev":{"confidence_interval":{"confidence_level":0.95,"lower_bound":0.0027916361147815342,"upper_bound":0.010389617914765266},"point_estimate":0.006733729913184546,"standard_error":0.002141375191340814}}