{"mean":{"confidence_interval":{"confidence_level":0.95,"lower_bound":-0.00022860585863342385,"upper_bound":0.0001493159913973751},"point_estimate":-0.00003044604687596486,"standard_error":0.00009594135190792348},"median":{"confidence_interval":{"confidence_level":0.95,"lower_bound":-0.00009330529741991,"upper_bound":0.00009741547414554574},"point_estimate":3.57491796165732e-7,"standard_error":0.00004846924675998168}}