{"mean":{"confidence_interval":{"confidence_level":0.95,"lower_bound":64.03015710284316,"upper_bound":64.05731346222409},"point_estimate":64.0419701892563,"standard_error":0.007020904650321936},"median":{"confidence_interval":{"confidence_level":0.95,"lower_bound":64.01473817567567,"upper_bound":64.03095685892077},"point_estimate":64.02069152742644,"standard_error":0.0043633554658558974},"median_abs_dev":{"confidence_interval":{"confidence_level":0.95,"lower_bound":0.011314185804991007,"upper_bound":0.030478363206951967},"point_estimate":0.019021415804702044,"standard_error":0.004975210175179956},"slope":{"confidence_interval":{"confidence_level":0.95,"lower_bound":64.01689861723892,"upper_bound":64.02539876851534},"point_estimate":64.02100385482275,"standard_error":0.0021693225750516304},"std_dev":{"confidence_interval":{"confidence_level":0.95,"lower_bound":0.03136490707217133,"upper_bound":0.10788963101911457},"point_estimate":0.07104349038979721,"standard_error":0.021601305964440088}}