{"mean":{"confidence_interval":{"confidence_level":0.95,"lower_bound":21.005933111752213,"upper_bound":21.011209560860696},"point_estimate":21.008221102754547,"standard_error":0.0013581389345978703},"median":{"confidence_interval":{"confidence_level":0.95,"lower_bound":21.00299140650495,"upper_bound":21.00601637230918},"point_estimate":21.004291091667355,"standard_error":0.0008353198139734968},"median_abs_dev":{"confidence_interval":{"confidence_level":0.95,"lower_bound":0.002401343347016645,"upper_bound":0.005774624729281339},"point_estimate":0.004037279069032688,"standard_error":0.0008805923000532891},"slope":{"confidence_interval":{"confidence_level":0.95,"lower_bound":21.003469330144807,"upper_bound":21.00578642861934},"point_estimate":21.0045170287253,"standard_error":0.0005950088754104846},"std_dev":{"confidence_interval":{"confidence_level":0.95,"lower_bound":0.006165471211680007,"upper_bound":0.020856018016362304},"point_estimate":0.013691843506326969,"standard_error":0.004157764786432387}}