{"mean":{"confidence_interval":{"confidence_level":0.95,"lower_bound":48.008539184382684,"upper_bound":48.01678425013616},"point_estimate":48.01208779143322,"standard_error":0.002116796867092647},"median":{"confidence_interval":{"confidence_level":0.95,"lower_bound":48.004198142712795,"upper_bound":48.008816099696865},"point_estimate":48.00578260302697,"standard_error":0.001164270962724976},"median_abs_dev":{"confidence_interval":{"confidence_level":0.95,"lower_bound":0.0031120831377444585,"upper_bound":0.008311580267202297},"point_estimate":0.005305089145023496,"standard_error":0.001308893265878556},"slope":{"confidence_interval":{"confidence_level":0.95,"lower_bound":48.00465030412658,"upper_bound":48.00693802362188},"point_estimate":48.00575163940991,"standard_error":0.0005843528622188213},"std_dev":{"confidence_interval":{"confidence_level":0.95,"lower_bound":0.008940542836723275,"upper_bound":0.032414798027185734},"point_estimate":0.02113117158076577,"standard_error":0.006590839265223164}}