{"mean":{"confidence_interval":{"confidence_level":0.95,"lower_bound":21.005065352613638,"upper_bound":21.01033096778392},"point_estimate":21.007372685639904,"standard_error":0.0013555039355451852},"median":{"confidence_interval":{"confidence_level":0.95,"lower_bound":21.002481477963524,"upper_bound":21.00515589380699},"point_estimate":21.003483848372436,"standard_error":0.0006951717785348528},"median_abs_dev":{"confidence_interval":{"confidence_level":0.95,"lower_bound":0.001901901241565676,"upper_bound":0.004843386585570808},"point_estimate":0.003162862661065134,"standard_error":0.0007333939966708586},"slope":{"confidence_interval":{"confidence_level":0.95,"lower_bound":21.002760029031183,"upper_bound":21.004047136109175},"point_estimate":21.003386993827995,"standard_error":0.00032882633214756065},"std_dev":{"confidence_interval":{"confidence_level":0.95,"lower_bound":0.005528714483806927,"upper_bound":0.020053226118107715},"point_estimate":0.013633404398143254,"standard_error":0.003711153352039683}}