{"mean":{"confidence_interval":{"confidence_level":0.95,"lower_bound":31.006899440834424,"upper_bound":31.01326991700213},"point_estimate":31.009678031961666,"standard_error":0.001642804072086277},"median":{"confidence_interval":{"confidence_level":0.95,"lower_bound":31.00344009138463,"upper_bound":31.007061240210554},"point_estimate":31.004880288373034,"standard_error":0.0010155942379067237},"median_abs_dev":{"confidence_interval":{"confidence_level":0.95,"lower_bound":0.002716637826346531,"upper_bound":0.006821142478721513},"point_estimate":0.0045654502267449045,"standard_error":0.001065066722389159},"slope":{"confidence_interval":{"confidence_level":0.95,"lower_bound":31.003846435571567,"upper_bound":31.005699437532176},"point_estimate":31.00474200779868,"standard_error":0.0004729358655462534},"std_dev":{"confidence_interval":{"confidence_level":0.95,"lower_bound":0.007361647673640129,"upper_bound":0.024932897082743887},"point_estimate":0.016531323217882733,"standard_error":0.0048391838472216335}}