{"mean":{"confidence_interval":{"confidence_level":0.95,"lower_bound":-0.00023118599267592517,"upper_bound":0.00014237962298831446},"point_estimate":-0.0000380132457363791,"standard_error":0.00009479930201483222},"median":{"confidence_interval":{"confidence_level":0.95,"lower_bound":-0.0001283553949148475,"upper_bound":0.00009251747237650191},"point_estimate":-0.00002129357893088102,"standard_error":0.0000555341889783852}}