{"mean":{"confidence_interval":{"confidence_level":0.95,"lower_bound":58.01456035388444,"upper_bound":58.033430675903205},"point_estimate":58.022914370407676,"standard_error":0.00486207011155432},"median":{"confidence_interval":{"confidence_level":0.95,"lower_bound":58.0067933083177,"upper_bound":58.014102564102565},"point_estimate":58.00958181877722,"standard_error":0.0019296832248594197},"median_abs_dev":{"confidence_interval":{"confidence_level":0.95,"lower_bound":0.005318418947670598,"upper_bound":0.013289261783301767},"point_estimate":0.00894842271638828,"standard_error":0.0020683277296119737},"slope":{"confidence_interval":{"confidence_level":0.95,"lower_bound":58.00774543173691,"upper_bound":58.011451649754896},"point_estimate":58.009543533664505,"standard_error":0.0009469938795078641},"std_dev":{"confidence_interval":{"confidence_level":0.95,"lower_bound":0.017548025988202647,"upper_bound":0.07056263970858652},"point_estimate":0.04898292171185774,"standard_error":0.012931610774167424}}