{"mean":{"confidence_interval":{"confidence_level":0.95,"lower_bound":19.00401069079934,"upper_bound":19.007740243037667},"point_estimate":19.005627987557265,"standard_error":0.0009630435482372248},"median":{"confidence_interval":{"confidence_level":0.95,"lower_bound":19.001972394019145,"upper_bound":19.004173239193253},"point_estimate":19.002742081110522,"standard_error":0.0005608078533258221},"median_abs_dev":{"confidence_interval":{"confidence_level":0.95,"lower_bound":0.001519065918819543,"upper_bound":0.003959452199784647},"point_estimate":0.002538020994391615,"standard_error":0.0006106961577530856},"slope":{"confidence_interval":{"confidence_level":0.95,"lower_bound":19.002243494322453,"upper_bound":19.00336145267167},"point_estimate":19.002779713622335,"standard_error":0.000285974737849849},"std_dev":{"confidence_interval":{"confidence_level":0.95,"lower_bound":0.004133395265195233,"upper_bound":0.014811669675862678},"point_estimate":0.009670615080731686,"standard_error":0.003020442793192691}}