{"mean":{"confidence_interval":{"confidence_level":0.95,"lower_bound":20.004914090996298,"upper_bound":20.009864322257922},"point_estimate":20.007079065698854,"standard_error":0.0012686036801508615},"median":{"confidence_interval":{"confidence_level":0.95,"lower_bound":20.002428199646808,"upper_bound":20.005066015722456},"point_estimate":20.00340904876522,"standard_error":0.0006898399585211903},"median_abs_dev":{"confidence_interval":{"confidence_level":0.95,"lower_bound":0.0018665930953517388,"upper_bound":0.0046990109770822285},"point_estimate":0.003115629445658796,"standard_error":0.0007127142512045316},"slope":{"confidence_interval":{"confidence_level":0.95,"lower_bound":20.002681990727993,"upper_bound":20.0039312187105},"point_estimate":20.003287643284764,"standard_error":0.00031955016867173824},"std_dev":{"confidence_interval":{"confidence_level":0.95,"lower_bound":0.005348322616354071,"upper_bound":0.018965866663053523},"point_estimate":0.012740973498751437,"standard_error":0.0035290506980106048}}