{"mean":{"confidence_interval":{"confidence_level":0.95,"lower_bound":49.01173746437714,"upper_bound":49.022073205037834},"point_estimate":49.016243978909,"standard_error":0.002665002372414914},"median":{"confidence_interval":{"confidence_level":0.95,"lower_bound":49.00583627278072,"upper_bound":49.01195122813006},"point_estimate":49.008518910444835,"standard_error":0.0017264424376086235},"median_abs_dev":{"confidence_interval":{"confidence_level":0.95,"lower_bound":0.0047318580912331905,"upper_bound":0.011773770499797942},"point_estimate":0.007944926350874262,"standard_error":0.0018505545211349027},"slope":{"confidence_interval":{"confidence_level":0.95,"lower_bound":49.00680860229653,"upper_bound":49.011330872706786},"point_estimate":49.00883976346462,"standard_error":0.001158672091441784},"std_dev":{"confidence_interval":{"confidence_level":0.95,"lower_bound":0.012210645732254532,"upper_bound":0.04061915987194807},"point_estimate":0.0268163199035697,"standard_error":0.00800683272989127}}