{"mean":{"confidence_interval":{"confidence_level":0.95,"lower_bound":25.005765908488176,"upper_bound":25.011205176421377},"point_estimate":25.00810792778359,"standard_error":0.0014047033216119105},"median":{"confidence_interval":{"confidence_level":0.95,"lower_bound":25.002880628941913,"upper_bound":25.006060691681736},"point_estimate":25.00400473644281,"standard_error":0.0008189308590235874},"median_abs_dev":{"confidence_interval":{"confidence_level":0.95,"lower_bound":0.002207291820754972,"upper_bound":0.005704982136037701},"point_estimate":0.0036629653325959024,"standard_error":0.0008853515630394793},"slope":{"confidence_interval":{"confidence_level":0.95,"lower_bound":25.003218228709034,"upper_bound":25.004758575106717},"point_estimate":25.003966757020226,"standard_error":0.00039298498640211},"std_dev":{"confidence_interval":{"confidence_level":0.95,"lower_bound":0.005885856616418899,"upper_bound":0.021700772888677517},"point_estimate":0.014087384811608204,"standard_error":0.004443630124673395}}