{"mean":{"confidence_interval":{"confidence_level":0.95,"lower_bound":21.00461674608405,"upper_bound":21.008835541925773},"point_estimate":21.006425236063716,"standard_error":0.001089100812373781},"median":{"confidence_interval":{"confidence_level":0.95,"lower_bound":21.002432982394055,"upper_bound":21.004881408026925},"point_estimate":21.003490047394322,"standard_error":0.0007030720472996047},"median_abs_dev":{"confidence_interval":{"confidence_level":0.95,"lower_bound":0.001955216817462308,"upper_bound":0.004634089913940583},"point_estimate":0.003173196590623861,"standard_error":0.0006975043839372704},"slope":{"confidence_interval":{"confidence_level":0.95,"lower_bound":21.002724342024177,"upper_bound":21.003953977658163},"point_estimate":21.003324795936,"standard_error":0.0003142998556205108},"std_dev":{"confidence_interval":{"confidence_level":0.95,"lower_bound":0.004516409017378788,"upper_bound":0.01685617864544174},"point_estimate":0.01095099257927786,"standard_error":0.0034832325460245877}}