{"mean":{"confidence_interval":{"confidence_level":0.95,"lower_bound":20.00585792971173,"upper_bound":20.011200527753104},"point_estimate":20.00818295304147,"standard_error":0.0013786915809530275},"median":{"confidence_interval":{"confidence_level":0.95,"lower_bound":20.002890573135648,"upper_bound":20.006085417127682},"point_estimate":20.004058193811133,"standard_error":0.0008349112432830368},"median_abs_dev":{"confidence_interval":{"confidence_level":0.95,"lower_bound":0.0022942847911148556,"upper_bound":0.0057620051915919695},"point_estimate":0.0038046821451328543,"standard_error":0.0009009554800971385},"slope":{"confidence_interval":{"confidence_level":0.95,"lower_bound":20.003283141503573,"upper_bound":20.005665985785793},"point_estimate":20.00432948704864,"standard_error":0.0006131392967927885},"std_dev":{"confidence_interval":{"confidence_level":0.95,"lower_bound":0.006040976991966928,"upper_bound":0.021160529632124683},"point_estimate":0.013887645718223224,"standard_error":0.00426839481537368}}