{"mean":{"confidence_interval":{"confidence_level":0.95,"lower_bound":19.004240772831597,"upper_bound":19.008131473233465},"point_estimate":19.005923915667772,"standard_error":0.0010079021973948257},"median":{"confidence_interval":{"confidence_level":0.95,"lower_bound":19.00220499908101,"upper_bound":19.00431797000293},"point_estimate":19.003143704983486,"standard_error":0.0005827798950558243},"median_abs_dev":{"confidence_interval":{"confidence_level":0.95,"lower_bound":0.0017563589721906918,"upper_bound":0.004076335351957401},"point_estimate":0.0028782067964131415,"standard_error":0.000594290889776598},"slope":{"confidence_interval":{"confidence_level":0.95,"lower_bound":19.002422761354204,"upper_bound":19.00352501302661},"point_estimate":19.002959027436944,"standard_error":0.000280731565528812},"std_dev":{"confidence_interval":{"confidence_level":0.95,"lower_bound":0.004327637448359209,"upper_bound":0.015514816928739081},"point_estimate":0.010142541965572306,"standard_error":0.0031524462765511866}}