{"mean":{"confidence_interval":{"confidence_level":0.95,"lower_bound":67.0147789688897,"upper_bound":67.02844202247668},"point_estimate":67.02072057526883,"standard_error":0.0035284212798783743},"median":{"confidence_interval":{"confidence_level":0.95,"lower_bound":67.00741134751773,"upper_bound":67.01521276595744},"point_estimate":67.01040509380567,"standard_error":0.0021167407823618136},"median_abs_dev":{"confidence_interval":{"confidence_level":0.95,"lower_bound":0.005815480730315648,"upper_bound":0.014676947237626099},"point_estimate":0.0095266945715285,"standard_error":0.002308213000698215},"slope":{"confidence_interval":{"confidence_level":0.95,"lower_bound":67.00838483335801,"upper_bound":67.01241410891444},"point_estimate":67.01033568118959,"standard_error":0.0010270061927298132},"std_dev":{"confidence_interval":{"confidence_level":0.95,"lower_bound":0.01518926113058592,"upper_bound":0.05442450745033349},"point_estimate":0.03558311011029921,"standard_error":0.011010142641691992}}