{"mean":{"confidence_interval":{"confidence_level":0.95,"lower_bound":20.004880637391263,"upper_bound":20.009529153629515},"point_estimate":20.0069110293759,"standard_error":0.0011939787469526751},"median":{"confidence_interval":{"confidence_level":0.95,"lower_bound":20.002402298850576,"upper_bound":20.00494694067108},"point_estimate":20.00337268557839,"standard_error":0.0006862313096619608},"median_abs_dev":{"confidence_interval":{"confidence_level":0.95,"lower_bound":0.0018449420474270892,"upper_bound":0.004707926698149224},"point_estimate":0.003061941893857199,"standard_error":0.000716082573154375},"slope":{"confidence_interval":{"confidence_level":0.95,"lower_bound":20.002649999331616,"upper_bound":20.003898793640367},"point_estimate":20.00325292241422,"standard_error":0.00031899372335402896},"std_dev":{"confidence_interval":{"confidence_level":0.95,"lower_bound":0.005503561834616982,"upper_bound":0.018029000939065547},"point_estimate":0.012022710897251175,"standard_error":0.003422682168314719}}