{"mean":{"confidence_interval":{"confidence_level":0.95,"lower_bound":20.00541473054582,"upper_bound":20.01036615337942},"point_estimate":20.007585388862363,"standard_error":0.001273934797185149},"median":{"confidence_interval":{"confidence_level":0.95,"lower_bound":20.002565298507463,"upper_bound":20.005265612725843},"point_estimate":20.00347937038943,"standard_error":0.0006953198889750396},"median_abs_dev":{"confidence_interval":{"confidence_level":0.95,"lower_bound":0.0019775373049705502,"upper_bound":0.005087102926067263},"point_estimate":0.003156424931094599,"standard_error":0.0007845666989246462},"slope":{"confidence_interval":{"confidence_level":0.95,"lower_bound":20.00301223702208,"upper_bound":20.005132686061547},"point_estimate":20.003963655411045,"standard_error":0.0005435221344099654},"std_dev":{"confidence_interval":{"confidence_level":0.95,"lower_bound":0.006187579026403601,"upper_bound":0.01915914438505796},"point_estimate":0.012811393577952012,"standard_error":0.003612346509500293}}