{"mean":{"confidence_interval":{"confidence_level":0.95,"lower_bound":21.00493920066781,"upper_bound":21.009568595653008},"point_estimate":21.006959247182422,"standard_error":0.0011893365920709646},"median":{"confidence_interval":{"confidence_level":0.95,"lower_bound":21.002462392550143,"upper_bound":21.005029578229795},"point_estimate":21.003532235467226,"standard_error":0.0007164036604319048},"median_abs_dev":{"confidence_interval":{"confidence_level":0.95,"lower_bound":0.001999644654884584,"upper_bound":0.00486742598543347},"point_estimate":0.003282585670099295,"standard_error":0.0007520058657359083},"slope":{"confidence_interval":{"confidence_level":0.95,"lower_bound":21.00276829202241,"upper_bound":21.00405898505167},"point_estimate":21.003386975252393,"standard_error":0.0003299432829029463},"std_dev":{"confidence_interval":{"confidence_level":0.95,"lower_bound":0.005334771838905912,"upper_bound":0.01784320720047074},"point_estimate":0.01186821832648766,"standard_error":0.003344406931041309}}