{"mean":{"confidence_interval":{"confidence_level":0.95,"lower_bound":22.005118781063757,"upper_bound":22.01023377149971},"point_estimate":22.007366532747742,"standard_error":0.001312203574837993},"median":{"confidence_interval":{"confidence_level":0.95,"lower_bound":22.002515375744764,"upper_bound":22.00518660614051},"point_estimate":22.003531438853486,"standard_error":0.0007173921560191539},"median_abs_dev":{"confidence_interval":{"confidence_level":0.95,"lower_bound":0.0019351884277409054,"upper_bound":0.004987194817439924},"point_estimate":0.0032463996222525495,"standard_error":0.0007732767892957924},"slope":{"confidence_interval":{"confidence_level":0.95,"lower_bound":22.002793468012552,"upper_bound":22.004141481964254},"point_estimate":22.003446382756355,"standard_error":0.0003450716302875229},"std_dev":{"confidence_interval":{"confidence_level":0.95,"lower_bound":0.005561144280632225,"upper_bound":0.01964040959372657},"point_estimate":0.013198268983390212,"standard_error":0.0036483787766023366}}