{"mean":{"confidence_interval":{"confidence_level":0.95,"lower_bound":19.00510873265322,"upper_bound":19.0109069068015},"point_estimate":19.007655311538805,"standard_error":0.0014965829986302989},"median":{"confidence_interval":{"confidence_level":0.95,"lower_bound":19.002526840119934,"upper_bound":19.005258113585803},"point_estimate":19.00354753415853,"standard_error":0.0007108156448330646},"median_abs_dev":{"confidence_interval":{"confidence_level":0.95,"lower_bound":0.0019467828710933895,"upper_bound":0.004945471542496435},"point_estimate":0.0032611957986510014,"standard_error":0.0007551537358716785},"slope":{"confidence_interval":{"confidence_level":0.95,"lower_bound":19.002794701249655,"upper_bound":19.004143797761515},"point_estimate":19.003445595094725,"standard_error":0.0003444379598466176},"std_dev":{"confidence_interval":{"confidence_level":0.95,"lower_bound":0.005458763438087868,"upper_bound":0.022033818716490614},"point_estimate":0.01506897777886476,"standard_error":0.00426438619043222}}