{"mean":{"confidence_interval":{"confidence_level":0.95,"lower_bound":44.00923635088279,"upper_bound":44.01794840322321},"point_estimate":44.012991457663276,"standard_error":0.0022543885336329715},"median":{"confidence_interval":{"confidence_level":0.95,"lower_bound":44.00473536342215,"upper_bound":44.009871004773125},"point_estimate":44.00664817032174,"standard_error":0.0013352884858430522},"median_abs_dev":{"confidence_interval":{"confidence_level":0.95,"lower_bound":0.0036311968600460393,"upper_bound":0.009180675009125379},"point_estimate":0.006041963119607042,"standard_error":0.0014000633643207255},"slope":{"confidence_interval":{"confidence_level":0.95,"lower_bound":44.005262075060784,"upper_bound":44.007714402536244},"point_estimate":44.006458496742034,"standard_error":0.0006290609422749706},"std_dev":{"confidence_interval":{"confidence_level":0.95,"lower_bound":0.009430137817367248,"upper_bound":0.034713706401831974},"point_estimate":0.022650165371464078,"standard_error":0.007114428303827049}}