{"mean":{"confidence_interval":{"confidence_level":0.95,"lower_bound":20.005007029323956,"upper_bound":20.009757044713847},"point_estimate":20.00706574548771,"standard_error":0.001221193817044985},"median":{"confidence_interval":{"confidence_level":0.95,"lower_bound":20.0024292608538,"upper_bound":20.0051845056551},"point_estimate":20.00337723103755,"standard_error":0.0006860359920458758},"median_abs_dev":{"confidence_interval":{"confidence_level":0.95,"lower_bound":0.001836946373521102,"upper_bound":0.0048251951494134755},"point_estimate":0.003137586828415353,"standard_error":0.0007404479071506985},"slope":{"confidence_interval":{"confidence_level":0.95,"lower_bound":20.002703932532135,"upper_bound":20.00404903687921},"point_estimate":20.00334655476632,"standard_error":0.00034330467585372835},"std_dev":{"confidence_interval":{"confidence_level":0.95,"lower_bound":0.0054933939904060316,"upper_bound":0.018527603222954273},"point_estimate":0.012274281506223981,"standard_error":0.003603441472600105}}