{"mean":{"confidence_interval":{"confidence_level":0.95,"lower_bound":59.01413657515464,"upper_bound":59.026940931110815},"point_estimate":59.01970409526767,"standard_error":0.0033021043735169146},"median":{"confidence_interval":{"confidence_level":0.95,"lower_bound":59.00680870471723,"upper_bound":59.01425433347694},"point_estimate":59.0097391434014,"standard_error":0.0021195075480709897},"median_abs_dev":{"confidence_interval":{"confidence_level":0.95,"lower_bound":0.005391282892664689,"upper_bound":0.013820761040177978},"point_estimate":0.00901909796768851,"standard_error":0.0022952339939920374},"slope":{"confidence_interval":{"confidence_level":0.95,"lower_bound":59.00781401890368,"upper_bound":59.0115296696503},"point_estimate":59.0096090152817,"standard_error":0.0009475609884493689},"std_dev":{"confidence_interval":{"confidence_level":0.95,"lower_bound":0.015227642914427953,"upper_bound":0.05032573292538876},"point_estimate":0.0331609633500531,"standard_error":0.009874903528971432}}