{"mean":{"confidence_interval":{"confidence_level":0.95,"lower_bound":21.00479417918583,"upper_bound":21.00930548542678},"point_estimate":21.006719776464106,"standard_error":0.0011619355386608954},"median":{"confidence_interval":{"confidence_level":0.95,"lower_bound":21.002399529738096,"upper_bound":21.005032628407776},"point_estimate":21.003335897951985,"standard_error":0.0006795924932219693},"median_abs_dev":{"confidence_interval":{"confidence_level":0.95,"lower_bound":0.0018576995298190564,"upper_bound":0.004712794695803655},"point_estimate":0.003087647190593463,"standard_error":0.0007293704126601503},"slope":{"confidence_interval":{"confidence_level":0.95,"lower_bound":21.002671575855626,"upper_bound":21.003941959462484},"point_estimate":21.00328432305625,"standard_error":0.0003256261990264186},"std_dev":{"confidence_interval":{"confidence_level":0.95,"lower_bound":0.00484033781074075,"upper_bound":0.017992149308188186},"point_estimate":0.011692190974543321,"standard_error":0.0036994544838680646}}