{"mean":{"confidence_interval":{"confidence_level":0.95,"lower_bound":21.00479316408237,"upper_bound":21.00926251219245},"point_estimate":21.00670839913331,"standard_error":0.0011552894382650233},"median":{"confidence_interval":{"confidence_level":0.95,"lower_bound":21.002512176241783,"upper_bound":21.005188771267903},"point_estimate":21.00350014900485,"standard_error":0.0006569045643153308},"median_abs_dev":{"confidence_interval":{"confidence_level":0.95,"lower_bound":0.0019341188527385329,"upper_bound":0.0047689239610120325},"point_estimate":0.003185673182493296,"standard_error":0.0006926579619220708},"slope":{"confidence_interval":{"confidence_level":0.95,"lower_bound":21.002745649499456,"upper_bound":21.004012570586458},"point_estimate":21.003361833248906,"standard_error":0.0003233624715262507},"std_dev":{"confidence_interval":{"confidence_level":0.95,"lower_bound":0.004744049108154516,"upper_bound":0.0179060899763864},"point_estimate":0.011606947331699898,"standard_error":0.003712677336203308}}