{"mean":{"confidence_interval":{"confidence_level":0.95,"lower_bound":49.01147436363593,"upper_bound":49.0223041644343},"point_estimate":49.01613552064973,"standard_error":0.002794967130052359},"median":{"confidence_interval":{"confidence_level":0.95,"lower_bound":49.00574178979005,"upper_bound":49.01226698017571},"point_estimate":49.007982407759854,"standard_error":0.0016631808049556514},"median_abs_dev":{"confidence_interval":{"confidence_level":0.95,"lower_bound":0.004443197073077186,"upper_bound":0.011542213119018528},"point_estimate":0.0074808333515205576,"standard_error":0.0017719576390895998},"slope":{"confidence_interval":{"confidence_level":0.95,"lower_bound":49.006381086347766,"upper_bound":49.00946013836606},"point_estimate":49.00787007752296,"standard_error":0.0007847349305717786},"std_dev":{"confidence_interval":{"confidence_level":0.95,"lower_bound":0.01166298892057822,"upper_bound":0.04311138735179302},"point_estimate":0.027999450586917548,"standard_error":0.008888798730606683}}