{"mean":{"confidence_interval":{"confidence_level":0.95,"lower_bound":25.005624766490374,"upper_bound":25.010879472305714},"point_estimate":25.007871784772387,"standard_error":0.001353323759392023},"median":{"confidence_interval":{"confidence_level":0.95,"lower_bound":25.0028340366445,"upper_bound":25.005976055243192},"point_estimate":25.00388657541362,"standard_error":0.0008036494590690056},"median_abs_dev":{"confidence_interval":{"confidence_level":0.95,"lower_bound":0.0021786813764276903,"upper_bound":0.005664571578714102},"point_estimate":0.0036376903035577756,"standard_error":0.0008860311067660834},"slope":{"confidence_interval":{"confidence_level":0.95,"lower_bound":25.003178344881604,"upper_bound":25.0047943194444},"point_estimate":25.003953839889007,"standard_error":0.0004129671565671322},"std_dev":{"confidence_interval":{"confidence_level":0.95,"lower_bound":0.005645204750129061,"upper_bound":0.02095070563012961},"point_estimate":0.013613647313177539,"standard_error":0.0043132541908997195}}