{"mean":{"confidence_interval":{"confidence_level":0.95,"lower_bound":38.00895875282767,"upper_bound":38.01725806789204},"point_estimate":38.012583960845944,"standard_error":0.0021359951263776483},"median":{"confidence_interval":{"confidence_level":0.95,"lower_bound":38.004370190699234,"upper_bound":38.009029636444744},"point_estimate":38.006135489405324,"standard_error":0.0012468341783668222},"median_abs_dev":{"confidence_interval":{"confidence_level":0.95,"lower_bound":0.0033642231658178525,"upper_bound":0.00863284307498563},"point_estimate":0.005617530673245354,"standard_error":0.0013436393959156366},"slope":{"confidence_interval":{"confidence_level":0.95,"lower_bound":38.00501649837351,"upper_bound":38.00750723558485},"point_estimate":38.00620992998168,"standard_error":0.0006348164985124301},"std_dev":{"confidence_interval":{"confidence_level":0.95,"lower_bound":0.009898144662743582,"upper_bound":0.032418010935925425},"point_estimate":0.02146994017557305,"standard_error":0.00630111898459382}}