{"mean":{"confidence_interval":{"confidence_level":0.95,"lower_bound":53.01364479693274,"upper_bound":53.02621530779423},"point_estimate":53.01920866012307,"standard_error":0.003226465850503136},"median":{"confidence_interval":{"confidence_level":0.95,"lower_bound":53.006463202340825,"upper_bound":53.012490565640135},"point_estimate":53.009108853848474,"standard_error":0.001699928798634199},"median_abs_dev":{"confidence_interval":{"confidence_level":0.95,"lower_bound":0.005271236487294936,"upper_bound":0.012477725596275462},"point_estimate":0.008744726171056632,"standard_error":0.0019300230976292392},"slope":{"confidence_interval":{"confidence_level":0.95,"lower_bound":53.00752668622851,"upper_bound":53.020832569808505},"point_estimate":53.01258397431118,"standard_error":0.0035856947159790035},"std_dev":{"confidence_interval":{"confidence_level":0.95,"lower_bound":0.01564336067665888,"upper_bound":0.0475756630431395},"point_estimate":0.032401855591643484,"standard_error":0.008439577758463594}}