{"mean":{"confidence_interval":{"confidence_level":0.95,"lower_bound":48.008837544511785,"upper_bound":48.01721438094256},"point_estimate":48.012491884757054,"standard_error":0.0021621778554524467},"median":{"confidence_interval":{"confidence_level":0.95,"lower_bound":48.004354064001,"upper_bound":48.009240558616995},"point_estimate":48.00605314989564,"standard_error":0.0012464084185251595},"median_abs_dev":{"confidence_interval":{"confidence_level":0.95,"lower_bound":0.003288435402312211,"upper_bound":0.008654585586423688},"point_estimate":0.005589399924883742,"standard_error":0.0013436087908414492},"slope":{"confidence_interval":{"confidence_level":0.95,"lower_bound":48.00486518349768,"upper_bound":48.007201766527594},"point_estimate":48.005997178776546,"standard_error":0.0005959503765436573},"std_dev":{"confidence_interval":{"confidence_level":0.95,"lower_bound":0.009596950758450224,"upper_bound":0.03296730925634107},"point_estimate":0.02170506660622653,"standard_error":0.0065606208747309895}}