{"mean":{"confidence_interval":{"confidence_level":0.95,"lower_bound":58.0148536447138,"upper_bound":58.0346430621206},"point_estimate":58.02353878658509,"standard_error":0.005089719340472444},"median":{"confidence_interval":{"confidence_level":0.95,"lower_bound":58.006817786912755,"upper_bound":58.01402629834018},"point_estimate":58.0095916563735,"standard_error":0.001930347547977704},"median_abs_dev":{"confidence_interval":{"confidence_level":0.95,"lower_bound":0.005323879336725436,"upper_bound":0.013570627920879494},"point_estimate":0.008987201489450519,"standard_error":0.002137513835212038},"slope":{"confidence_interval":{"confidence_level":0.95,"lower_bound":58.00801308903717,"upper_bound":58.0121561389926},"point_estimate":58.01001454774029,"standard_error":0.0010643335361211108},"std_dev":{"confidence_interval":{"confidence_level":0.95,"lower_bound":0.017919802120223052,"upper_bound":0.07457996375611818},"point_estimate":0.05118173143917869,"standard_error":0.013972670483707967}}