{"mean":{"confidence_interval":{"confidence_level":0.95,"lower_bound":20.004189085289582,"upper_bound":20.008459446884373},"point_estimate":20.006064055825338,"standard_error":0.001099924340772384},"median":{"confidence_interval":{"confidence_level":0.95,"lower_bound":20.002051653864243,"upper_bound":20.004367007815823},"point_estimate":20.002880400745365,"standard_error":0.0005940583219779611},"median_abs_dev":{"confidence_interval":{"confidence_level":0.95,"lower_bound":0.0015598881872450245,"upper_bound":0.004050146379034514},"point_estimate":0.002607352129949252,"standard_error":0.0006145568053307684},"slope":{"confidence_interval":{"confidence_level":0.95,"lower_bound":20.00229558538644,"upper_bound":20.003396083110935},"point_estimate":20.002828323680017,"standard_error":0.0002807633003166169},"std_dev":{"confidence_interval":{"confidence_level":0.95,"lower_bound":0.004587495177919669,"upper_bound":0.016277424734803748},"point_estimate":0.01104073691817122,"standard_error":0.0030100627810283925}}