{"mean":{"confidence_interval":{"confidence_level":0.95,"lower_bound":-0.00013977503576026727,"upper_bound":0.00015359515903926027},"point_estimate":8.598160241124475e-6,"standard_error":0.00007515547046964535},"median":{"confidence_interval":{"confidence_level":0.95,"lower_bound":-0.0000776054426209205,"upper_bound":0.00009560823453240115},"point_estimate":0.000011907720498527397,"standard_error":0.0000436224364171373}}