{"mean":{"confidence_interval":{"confidence_level":0.95,"lower_bound":20.005004348703313,"upper_bound":20.009932612727138},"point_estimate":20.00716444677735,"standard_error":0.0012655289497791318},"median":{"confidence_interval":{"confidence_level":0.95,"lower_bound":20.002409562575565,"upper_bound":20.005049382138175},"point_estimate":20.003386267970754,"standard_error":0.0006719399886401464},"median_abs_dev":{"confidence_interval":{"confidence_level":0.95,"lower_bound":0.001826118178735883,"upper_bound":0.004793784035101503},"point_estimate":0.003109928541710493,"standard_error":0.0007276228304869609},"slope":{"confidence_interval":{"confidence_level":0.95,"lower_bound":20.002672544488302,"upper_bound":20.00396881119835},"point_estimate":20.00329307341935,"standard_error":0.00033119633071691763},"std_dev":{"confidence_interval":{"confidence_level":0.95,"lower_bound":0.005576409794074647,"upper_bound":0.01909855542166828},"point_estimate":0.012743523499683733,"standard_error":0.0035916168615487774}}