{"mean":{"confidence_interval":{"confidence_level":0.95,"lower_bound":49.01136628780416,"upper_bound":49.021974485048275},"point_estimate":49.015927692008674,"standard_error":0.0027410980598758933},"median":{"confidence_interval":{"confidence_level":0.95,"lower_bound":49.00560294677469,"upper_bound":49.01178830512201},"point_estimate":49.007789384050554,"standard_error":0.0016048044332511275},"median_abs_dev":{"confidence_interval":{"confidence_level":0.95,"lower_bound":0.004324877185619221,"upper_bound":0.011166715269174409},"point_estimate":0.007136630304839882,"standard_error":0.001737026132285939},"slope":{"confidence_interval":{"confidence_level":0.95,"lower_bound":49.00629123337168,"upper_bound":49.009364530039484},"point_estimate":49.007769700650194,"standard_error":0.0007826549021828184},"std_dev":{"confidence_interval":{"confidence_level":0.95,"lower_bound":0.011770027529610868,"upper_bound":0.0422085955737969},"point_estimate":0.02749521491220295,"standard_error":0.00857800756260283}}