{"mean":{"confidence_interval":{"confidence_level":0.95,"lower_bound":38.009069709948186,"upper_bound":38.018056575164394},"point_estimate":38.0130429336967,"standard_error":0.002317813346896235},"median":{"confidence_interval":{"confidence_level":0.95,"lower_bound":38.00433753943218,"upper_bound":38.00898850325453},"point_estimate":38.006089648956504,"standard_error":0.0012552656869295753},"median_abs_dev":{"confidence_interval":{"confidence_level":0.95,"lower_bound":0.0033761632032856554,"upper_bound":0.008574447797307126},"point_estimate":0.005504106348820733,"standard_error":0.001329082400492474},"slope":{"confidence_interval":{"confidence_level":0.95,"lower_bound":38.00502602709821,"upper_bound":38.00746042490074},"point_estimate":38.00618754112879,"standard_error":0.0006232383959708496},"std_dev":{"confidence_interval":{"confidence_level":0.95,"lower_bound":0.010532219640031275,"upper_bound":0.034215583564715095},"point_estimate":0.023270927560709136,"standard_error":0.006163636611895664}}