{"mean":{"confidence_interval":{"confidence_level":0.95,"lower_bound":49.01134512834858,"upper_bound":49.02231367593217},"point_estimate":49.0161466529564,"standard_error":0.002825641231897796},"median":{"confidence_interval":{"confidence_level":0.95,"lower_bound":49.005627962085306,"upper_bound":49.011554580705806},"point_estimate":49.00790132608036,"standard_error":0.0016041110660362553},"median_abs_dev":{"confidence_interval":{"confidence_level":0.95,"lower_bound":0.0043387455953094265,"upper_bound":0.010937168194098667},"point_estimate":0.007351435041601128,"standard_error":0.0016872563688698373},"slope":{"confidence_interval":{"confidence_level":0.95,"lower_bound":49.00624281824538,"upper_bound":49.00925979759224},"point_estimate":49.00771597623793,"standard_error":0.0007714883694362563},"std_dev":{"confidence_interval":{"confidence_level":0.95,"lower_bound":0.012394846902923924,"upper_bound":0.042665192822586316},"point_estimate":0.02830276524673791,"standard_error":0.00815153142295237}}