{"mean":{"confidence_interval":{"confidence_level":0.95,"lower_bound":41.00852103887459,"upper_bound":41.01689929894374},"point_estimate":41.01221444859285,"standard_error":0.002154152466745247},"median":{"confidence_interval":{"confidence_level":0.95,"lower_bound":41.00425859039438,"upper_bound":41.00860160053869},"point_estimate":41.00604145264282,"standard_error":0.0012032067201275263},"median_abs_dev":{"confidence_interval":{"confidence_level":0.95,"lower_bound":0.0033564276878318908,"upper_bound":0.008077682776627354},"point_estimate":0.005555724673020581,"standard_error":0.0012062705281948723},"slope":{"confidence_interval":{"confidence_level":0.95,"lower_bound":41.00472101537367,"upper_bound":41.00689954018179},"point_estimate":41.005775083564686,"standard_error":0.0005568468613448152},"std_dev":{"confidence_interval":{"confidence_level":0.95,"lower_bound":0.009330694019922623,"upper_bound":0.032218546770205476},"point_estimate":0.02164191481086337,"standard_error":0.005983489141224363}}