{"mean":{"confidence_interval":{"confidence_level":0.95,"lower_bound":23.006611981625774,"upper_bound":23.012915761453506},"point_estimate":23.0093852614853,"standard_error":0.001625059492348085},"median":{"confidence_interval":{"confidence_level":0.95,"lower_bound":23.003200268981537,"upper_bound":23.00677445608406},"point_estimate":23.004656476031336,"standard_error":0.0009762023243282395},"median_abs_dev":{"confidence_interval":{"confidence_level":0.95,"lower_bound":0.002492535156065287,"upper_bound":0.006546799370850532},"point_estimate":0.004358825361271271,"standard_error":0.0010359260954781026},"slope":{"confidence_interval":{"confidence_level":0.95,"lower_bound":23.00360544449169,"upper_bound":23.00536196000419},"point_estimate":23.00445090927934,"standard_error":0.0004488945594674216},"std_dev":{"confidence_interval":{"confidence_level":0.95,"lower_bound":0.00718602945800077,"upper_bound":0.024430254989820786},"point_estimate":0.016322462000371612,"standard_error":0.004577533493399585}}