{"mean":{"confidence_interval":{"confidence_level":0.95,"lower_bound":49.01106070757018,"upper_bound":49.0475060179926},"point_estimate":49.02403313004154,"standard_error":0.010849161049164847},"median":{"confidence_interval":{"confidence_level":0.95,"lower_bound":49.00589014457628,"upper_bound":49.01182844448474},"point_estimate":49.00854977139649,"standard_error":0.001678134590003896},"median_abs_dev":{"confidence_interval":{"confidence_level":0.95,"lower_bound":0.0047612893048278844,"upper_bound":0.011245389727451167},"point_estimate":0.007852264913277862,"standard_error":0.0016840955404822935},"slope":{"confidence_interval":{"confidence_level":0.95,"lower_bound":49.00674005891332,"upper_bound":49.00980863962437},"point_estimate":49.008243356668785,"standard_error":0.0007830276451130953},"std_dev":{"confidence_interval":{"confidence_level":0.95,"lower_bound":0.010625008438918945,"upper_bound":0.18553707779976428},"point_estimate":0.10885971116284056,"standard_error":0.06129311753299732}}