{"mean":{"confidence_interval":{"confidence_level":0.95,"lower_bound":18.003294281686923,"upper_bound":18.00635191863417},"point_estimate":18.004608499106176,"standard_error":0.0007885533164602533},"median":{"confidence_interval":{"confidence_level":0.95,"lower_bound":18.001717274601557,"upper_bound":18.003524932076882},"point_estimate":18.002436212976416,"standard_error":0.00047775569762515644},"median_abs_dev":{"confidence_interval":{"confidence_level":0.95,"lower_bound":0.001339281465809911,"upper_bound":0.0032850857803510577},"point_estimate":0.0022422749108495415,"standard_error":0.0005025734829029665},"slope":{"confidence_interval":{"confidence_level":0.95,"lower_bound":18.001918107315273,"upper_bound":18.00283101448371},"point_estimate":18.002361720357328,"standard_error":0.00023346627436269352},"std_dev":{"confidence_interval":{"confidence_level":0.95,"lower_bound":0.0032508260641011194,"upper_bound":0.012257755536499314},"point_estimate":0.007929634713569032,"standard_error":0.0025385041920139924}}