{"mean":{"confidence_interval":{"confidence_level":0.95,"lower_bound":55.02929397944339,"upper_bound":55.05741980450509},"point_estimate":55.04174280247203,"standard_error":0.007264882035347398},"median":{"confidence_interval":{"confidence_level":0.95,"lower_bound":55.014156300703085,"upper_bound":55.02898893018653},"point_estimate":55.019874609361466,"standard_error":0.003907325123655611},"median_abs_dev":{"confidence_interval":{"confidence_level":0.95,"lower_bound":0.010849939543654402,"upper_bound":0.02758010889997661},"point_estimate":0.018196792518284086,"standard_error":0.004238256289321185},"slope":{"confidence_interval":{"confidence_level":0.95,"lower_bound":55.01617993489831,"upper_bound":55.028057947705555},"point_estimate":55.02136425114626,"standard_error":0.003054959181169683},"std_dev":{"confidence_interval":{"confidence_level":0.95,"lower_bound":0.03260009187888676,"upper_bound":0.10880910657526673},"point_estimate":0.07303593944442893,"standard_error":0.020163444542504665}}