{"mean":{"confidence_interval":{"confidence_level":0.95,"lower_bound":20.005112897771227,"upper_bound":20.00994833768271},"point_estimate":20.007201641487473,"standard_error":0.0012491526776613922},"median":{"confidence_interval":{"confidence_level":0.95,"lower_bound":20.002504625768164,"upper_bound":20.00527289635403},"point_estimate":20.0034499200097,"standard_error":0.0007037006508501541},"median_abs_dev":{"confidence_interval":{"confidence_level":0.95,"lower_bound":0.0018528723097795273,"upper_bound":0.0050556457382794785},"point_estimate":0.003210365007482512,"standard_error":0.0008133065527337447},"slope":{"confidence_interval":{"confidence_level":0.95,"lower_bound":20.00286464380711,"upper_bound":20.00431878958677},"point_estimate":20.00356432668409,"standard_error":0.0003710038592875106},"std_dev":{"confidence_interval":{"confidence_level":0.95,"lower_bound":0.005267504382094939,"upper_bound":0.01924199019942161},"point_estimate":0.012553223031687634,"standard_error":0.003942881886277794}}