{"mean":{"confidence_interval":{"confidence_level":0.95,"lower_bound":49.01139858573051,"upper_bound":49.0219107543901},"point_estimate":49.01589543510733,"standard_error":0.0027083281656321936},"median":{"confidence_interval":{"confidence_level":0.95,"lower_bound":49.00579989107685,"upper_bound":49.01193994454174},"point_estimate":49.00818062461278,"standard_error":0.0016304932006018108},"median_abs_dev":{"confidence_interval":{"confidence_level":0.95,"lower_bound":0.0045318329890538,"upper_bound":0.011305582111018916},"point_estimate":0.007544412596039843,"standard_error":0.0017695556011461202},"slope":{"confidence_interval":{"confidence_level":0.95,"lower_bound":49.00658318408655,"upper_bound":49.009801603957584},"point_estimate":49.00813799817131,"standard_error":0.0008206066011131188},"std_dev":{"confidence_interval":{"confidence_level":0.95,"lower_bound":0.011428569731383474,"upper_bound":0.04188506469735149},"point_estimate":0.027229379806690324,"standard_error":0.008592234118765396}}