{"mean":{"confidence_interval":{"confidence_level":0.95,"lower_bound":21.00495651066251,"upper_bound":21.011013646509912},"point_estimate":21.00759000731985,"standard_error":0.0015558479634592201},"median":{"confidence_interval":{"confidence_level":0.95,"lower_bound":21.002446390111434,"upper_bound":21.005089181423454},"point_estimate":21.00343458710226,"standard_error":0.0006824150901416082},"median_abs_dev":{"confidence_interval":{"confidence_level":0.95,"lower_bound":0.0018793998201509412,"upper_bound":0.0047235452819357066},"point_estimate":0.0031181400969851718,"standard_error":0.0007183469242519698},"slope":{"confidence_interval":{"confidence_level":0.95,"lower_bound":21.002672493133037,"upper_bound":21.003939206077384},"point_estimate":21.003286883282154,"standard_error":0.00032390671072778825},"std_dev":{"confidence_interval":{"confidence_level":0.95,"lower_bound":0.005351261467580024,"upper_bound":0.023350364227150977},"point_estimate":0.01565471700721855,"standard_error":0.004611527814218784}}