{"mean":{"confidence_interval":{"confidence_level":0.95,"lower_bound":21.004811656356697,"upper_bound":21.00946948019961},"point_estimate":21.006840280799597,"standard_error":0.001199120612604747},"median":{"confidence_interval":{"confidence_level":0.95,"lower_bound":21.002332516394578,"upper_bound":21.004898284428613},"point_estimate":21.003212853227367,"standard_error":0.0006444718129544375},"median_abs_dev":{"confidence_interval":{"confidence_level":0.95,"lower_bound":0.001728830908761302,"upper_bound":0.004623796072958791},"point_estimate":0.0029447455864891484,"standard_error":0.0007163825484395461},"slope":{"confidence_interval":{"confidence_level":0.95,"lower_bound":21.002638440083153,"upper_bound":21.003976303379723},"point_estimate":21.003283575716914,"standard_error":0.0003419023997346864},"std_dev":{"confidence_interval":{"confidence_level":0.95,"lower_bound":0.005219612913875433,"upper_bound":0.018215748137380257},"point_estimate":0.01204022436141929,"standard_error":0.0035755008000998485}}