{"mean":{"confidence_interval":{"confidence_level":0.95,"lower_bound":49.01181409925704,"upper_bound":49.02267408188226},"point_estimate":49.01654743276982,"standard_error":0.002801489291616513},"median":{"confidence_interval":{"confidence_level":0.95,"lower_bound":49.00592806898116,"upper_bound":49.01216814159292},"point_estimate":49.008409859764946,"standard_error":0.0017125241038004303},"median_abs_dev":{"confidence_interval":{"confidence_level":0.95,"lower_bound":0.004645955445126138,"upper_bound":0.011455782083678165},"point_estimate":0.007633096558916813,"standard_error":0.0017643384008288133},"slope":{"confidence_interval":{"confidence_level":0.95,"lower_bound":49.006650569051224,"upper_bound":49.009720232774406},"point_estimate":49.00814694293363,"standard_error":0.0007827388726296907},"std_dev":{"confidence_interval":{"confidence_level":0.95,"lower_bound":0.012548669407048567,"upper_bound":0.04272646106361453},"point_estimate":0.02820410237697814,"standard_error":0.00840992263511148}}