{"mean":{"confidence_interval":{"confidence_level":0.95,"lower_bound":21.00484877116353,"upper_bound":21.009405161887337},"point_estimate":21.006811332545734,"standard_error":0.0011767182466984427},"median":{"confidence_interval":{"confidence_level":0.95,"lower_bound":21.002478817378766,"upper_bound":21.00508374007082},"point_estimate":21.003391129107662,"standard_error":0.0006855534848050883},"median_abs_dev":{"confidence_interval":{"confidence_level":0.95,"lower_bound":0.001904124699076577,"upper_bound":0.004789017228188701},"point_estimate":0.0031280499112160986,"standard_error":0.0007313577585933814},"slope":{"confidence_interval":{"confidence_level":0.95,"lower_bound":21.00271882172242,"upper_bound":21.00400531155207},"point_estimate":21.003344140114194,"standard_error":0.000327666486339003},"std_dev":{"confidence_interval":{"confidence_level":0.95,"lower_bound":0.004872176382045743,"upper_bound":0.01822481801616185},"point_estimate":0.011872836471915511,"standard_error":0.003762188856987568}}