{"mean":{"confidence_interval":{"confidence_level":0.95,"lower_bound":62.013555119040944,"upper_bound":62.025646431828335},"point_estimate":62.01878086491629,"standard_error":0.0031148696342566643},"median":{"confidence_interval":{"confidence_level":0.95,"lower_bound":62.00661355527684,"upper_bound":62.01368691643386},"point_estimate":62.009328280886464,"standard_error":0.0018923452568825067},"median_abs_dev":{"confidence_interval":{"confidence_level":0.95,"lower_bound":0.005255821366809541,"upper_bound":0.01325817523664168},"point_estimate":0.008895813079227832,"standard_error":0.002092911095704442},"slope":{"confidence_interval":{"confidence_level":0.95,"lower_bound":62.00776491325669,"upper_bound":62.01330517636781},"point_estimate":62.01027863775491,"standard_error":0.0014226201012856592},"std_dev":{"confidence_interval":{"confidence_level":0.95,"lower_bound":0.014030520137599756,"upper_bound":0.047737573429338195},"point_estimate":0.03138218175431105,"standard_error":0.009538365939810552}}