{"mean":{"confidence_interval":{"confidence_level":0.95,"lower_bound":21.004819575806334,"upper_bound":21.009354330470106},"point_estimate":21.00676410133756,"standard_error":0.001168594676838384},"median":{"confidence_interval":{"confidence_level":0.95,"lower_bound":21.00239344585201,"upper_bound":21.00504149269134},"point_estimate":21.003327439951732,"standard_error":0.0006769370478342382},"median_abs_dev":{"confidence_interval":{"confidence_level":0.95,"lower_bound":0.0018472852654365015,"upper_bound":0.004763046915156394},"point_estimate":0.0030798186175680716,"standard_error":0.0007340182577623853},"slope":{"confidence_interval":{"confidence_level":0.95,"lower_bound":21.002695310840938,"upper_bound":21.00402572041177},"point_estimate":21.00333525441634,"standard_error":0.0003398756098977448},"std_dev":{"confidence_interval":{"confidence_level":0.95,"lower_bound":0.004890789097809103,"upper_bound":0.017980876372793848},"point_estimate":0.011686516901379125,"standard_error":0.003691154366574794}}