{"mean":{"confidence_interval":{"confidence_level":0.95,"lower_bound":21.005354586843648,"upper_bound":21.01027052108648},"point_estimate":21.007516379457424,"standard_error":0.0012649549826450701},"median":{"confidence_interval":{"confidence_level":0.95,"lower_bound":21.00260589405856,"upper_bound":21.005266529723492},"point_estimate":21.003738084497108,"standard_error":0.0007447386045761552},"median_abs_dev":{"confidence_interval":{"confidence_level":0.95,"lower_bound":0.00209466650087619,"upper_bound":0.005171090046181489},"point_estimate":0.0034595261538046844,"standard_error":0.0007948717830526216},"slope":{"confidence_interval":{"confidence_level":0.95,"lower_bound":21.00310630105292,"upper_bound":21.004997498492518},"point_estimate":21.003994507601373,"standard_error":0.00048170765549240135},"std_dev":{"confidence_interval":{"confidence_level":0.95,"lower_bound":0.005808907376812401,"upper_bound":0.018939051424908128},"point_estimate":0.012711631864976296,"standard_error":0.003495871938039586}}