{"mean":{"confidence_interval":{"confidence_level":0.95,"lower_bound":19.004572557071906,"upper_bound":19.008758726211347},"point_estimate":19.00637840942145,"standard_error":0.0010779218079695289},"median":{"confidence_interval":{"confidence_level":0.95,"lower_bound":19.002291488991055,"upper_bound":19.004662550846945},"point_estimate":19.003232097119028,"standard_error":0.000643051313993954},"median_abs_dev":{"confidence_interval":{"confidence_level":0.95,"lower_bound":0.001787332174409201,"upper_bound":0.004508082503610115},"point_estimate":0.003036226675946653,"standard_error":0.000702813982255444},"slope":{"confidence_interval":{"confidence_level":0.95,"lower_bound":19.00264252571863,"upper_bound":19.00395620632659},"point_estimate":19.003278047124205,"standard_error":0.0003350592841860197},"std_dev":{"confidence_interval":{"confidence_level":0.95,"lower_bound":0.004737501248340577,"upper_bound":0.016587353484132015},"point_estimate":0.010853390575836454,"standard_error":0.0033379015578254476}}