{"mean":{"confidence_interval":{"confidence_level":0.95,"lower_bound":68.0157348870407,"upper_bound":68.0310615606297},"point_estimate":68.02247124737625,"standard_error":0.003934120768577913},"median":{"confidence_interval":{"confidence_level":0.95,"lower_bound":68.0075856562137,"upper_bound":68.01601520348885},"point_estimate":68.01103733046968,"standard_error":0.002270577139525808},"median_abs_dev":{"confidence_interval":{"confidence_level":0.95,"lower_bound":0.005997298748361732,"upper_bound":0.01577360349930598},"point_estimate":0.01028364972497256,"standard_error":0.0024771345688951963},"slope":{"confidence_interval":{"confidence_level":0.95,"lower_bound":68.00850244525768,"upper_bound":68.01261775476283},"point_estimate":68.01049120321049,"standard_error":0.0010539623668877399},"std_dev":{"confidence_interval":{"confidence_level":0.95,"lower_bound":0.016990411035538302,"upper_bound":0.05890255377280561},"point_estimate":0.03958428264179352,"standard_error":0.010918742790851385}}