{"mean":{"confidence_interval":{"confidence_level":0.95,"lower_bound":20.004455111027795,"upper_bound":20.011072438701028},"point_estimate":20.007326535648993,"standard_error":0.0017079669529928795},"median":{"confidence_interval":{"confidence_level":0.95,"lower_bound":20.001994734054513,"upper_bound":20.00416443769045},"point_estimate":20.002773138895325,"standard_error":0.0005660398417602603},"median_abs_dev":{"confidence_interval":{"confidence_level":0.95,"lower_bound":0.001515443790659903,"upper_bound":0.003989277356234756},"point_estimate":0.002537798586168268,"standard_error":0.0006180556335152908},"slope":{"confidence_interval":{"confidence_level":0.95,"lower_bound":20.002251005347635,"upper_bound":20.003339420626816},"point_estimate":20.00277520919904,"standard_error":0.0002778596715464449},"std_dev":{"confidence_interval":{"confidence_level":0.95,"lower_bound":0.005672017611147105,"upper_bound":0.025976211411094737},"point_estimate":0.017217000778683583,"standard_error":0.005138762234288186}}