{"mean":{"confidence_interval":{"confidence_level":0.95,"lower_bound":20.013125794177743,"upper_bound":20.025122454076538},"point_estimate":20.018321304861733,"standard_error":0.003102912023835445},"median":{"confidence_interval":{"confidence_level":0.95,"lower_bound":20.00690715256429,"upper_bound":20.01395792904585},"point_estimate":20.00973453094912,"standard_error":0.0019498455177717256},"median_abs_dev":{"confidence_interval":{"confidence_level":0.95,"lower_bound":0.005519327476370857,"upper_bound":0.013105202199023069},"point_estimate":0.008989622171938895,"standard_error":0.001965122844317693},"slope":{"confidence_interval":{"confidence_level":0.95,"lower_bound":20.007648551231494,"upper_bound":20.01120214254336},"point_estimate":20.00938461069404,"standard_error":0.0009081605511887308},"std_dev":{"confidence_interval":{"confidence_level":0.95,"lower_bound":0.013134824735503087,"upper_bound":0.04793405111761989},"point_estimate":0.031264913669969314,"standard_error":0.009819547917329812}}