{"mean":{"confidence_interval":{"confidence_level":0.95,"lower_bound":65.01437536038564,"upper_bound":65.02758330095438},"point_estimate":65.0200778528913,"standard_error":0.0034096035456678614},"median":{"confidence_interval":{"confidence_level":0.95,"lower_bound":65.00725558402245,"upper_bound":65.01484837572336},"point_estimate":65.01029314003183,"standard_error":0.002088194221505921},"median_abs_dev":{"confidence_interval":{"confidence_level":0.95,"lower_bound":0.00576203958673434,"upper_bound":0.014300967298780854},"point_estimate":0.009473740543492142,"standard_error":0.002203891976253494},"slope":{"confidence_interval":{"confidence_level":0.95,"lower_bound":65.00809525730251,"upper_bound":65.01194867008739},"point_estimate":65.00996464300819,"standard_error":0.0009825765596231475},"std_dev":{"confidence_interval":{"confidence_level":0.95,"lower_bound":0.01498542630926776,"upper_bound":0.05204752587362638},"point_estimate":0.034224719044006924,"standard_error":0.01038703320593403}}