{"mean":{"confidence_interval":{"confidence_level":0.95,"lower_bound":21.00498999160592,"upper_bound":21.01011229683637},"point_estimate":21.007244169759833,"standard_error":0.0013186974147382472},"median":{"confidence_interval":{"confidence_level":0.95,"lower_bound":21.00245928645392,"upper_bound":21.00504409685213},"point_estimate":21.003452692804764,"standard_error":0.0006913607683995837},"median_abs_dev":{"confidence_interval":{"confidence_level":0.95,"lower_bound":0.0018858432718517248,"upper_bound":0.004751622309615706},"point_estimate":0.0031740095417705457,"standard_error":0.0007209328488352981},"slope":{"confidence_interval":{"confidence_level":0.95,"lower_bound":21.002713292104172,"upper_bound":21.003985726473786},"point_estimate":21.003329596157887,"standard_error":0.00032471846701402325},"std_dev":{"confidence_interval":{"confidence_level":0.95,"lower_bound":0.005397062488513702,"upper_bound":0.01956440382709647},"point_estimate":0.013277709538305312,"standard_error":0.0036381294553838477}}