{"mean":{"confidence_interval":{"confidence_level":0.95,"lower_bound":19.00517356051597,"upper_bound":19.011415483266696},"point_estimate":19.007902188275438,"standard_error":0.0016051030950469164},"median":{"confidence_interval":{"confidence_level":0.95,"lower_bound":19.0024837073551,"upper_bound":19.005303750081207},"point_estimate":19.003452924190796,"standard_error":0.0007077829039116825},"median_abs_dev":{"confidence_interval":{"confidence_level":0.95,"lower_bound":0.0018842706350646204,"upper_bound":0.0050531625810983395},"point_estimate":0.0032079088875176616,"standard_error":0.0007919781903597707},"slope":{"confidence_interval":{"confidence_level":0.95,"lower_bound":19.002808542080626,"upper_bound":19.004208955717914},"point_estimate":19.00347991503933,"standard_error":0.0003580153167263016},"std_dev":{"confidence_interval":{"confidence_level":0.95,"lower_bound":0.005526131957972197,"upper_bound":0.023988790054669175},"point_estimate":0.01614227966335819,"standard_error":0.004728736548065234}}