{"mean":{"confidence_interval":{"confidence_level":0.95,"lower_bound":21.005015010902813,"upper_bound":21.012939291662043},"point_estimate":21.008314413431275,"standard_error":0.0020647349908237095},"median":{"confidence_interval":{"confidence_level":0.95,"lower_bound":21.002494271529503,"upper_bound":21.005244062993075},"point_estimate":21.003444470207405,"standard_error":0.0007014875655431528},"median_abs_dev":{"confidence_interval":{"confidence_level":0.95,"lower_bound":0.0019167134375589051,"upper_bound":0.004900928849387977},"point_estimate":0.0031357368484084963,"standard_error":0.000740092196627809},"slope":{"confidence_interval":{"confidence_level":0.95,"lower_bound":21.00275830746248,"upper_bound":21.004051208268613},"point_estimate":21.003386428465834,"standard_error":0.0003318327792431042},"std_dev":{"confidence_interval":{"confidence_level":0.95,"lower_bound":0.005244491750589418,"upper_bound":0.03306848839954236},"point_estimate":0.02078654898545941,"standard_error":0.0076619593831330135}}