{"mean":{"confidence_interval":{"confidence_level":0.95,"lower_bound":20.005626656471957,"upper_bound":20.010905427809075},"point_estimate":20.007902314513167,"standard_error":0.0013641330952882764},"median":{"confidence_interval":{"confidence_level":0.95,"lower_bound":20.002804864628377,"upper_bound":20.005901287553648},"point_estimate":20.00389940662991,"standard_error":0.0008044604385816083},"median_abs_dev":{"confidence_interval":{"confidence_level":0.95,"lower_bound":0.0021602044127618913,"upper_bound":0.005590957530222643},"point_estimate":0.0036227094754865937,"standard_error":0.0008700231878395306},"slope":{"confidence_interval":{"confidence_level":0.95,"lower_bound":20.003117378667568,"upper_bound":20.004610700155148},"point_estimate":20.00383583229543,"standard_error":0.00038184443459815374},"std_dev":{"confidence_interval":{"confidence_level":0.95,"lower_bound":0.005753672819251199,"upper_bound":0.021021463498153235},"point_estimate":0.013718744166935753,"standard_error":0.0043026486398869525}}