{"mean":{"confidence_interval":{"confidence_level":0.95,"lower_bound":20.00716499837654,"upper_bound":20.01429961692841},"point_estimate":20.010301975314363,"standard_error":0.001837732764184994},"median":{"confidence_interval":{"confidence_level":0.95,"lower_bound":20.003607503607505,"upper_bound":20.00736452642611},"point_estimate":20.005174866285977,"standard_error":0.0010434227269455686},"median_abs_dev":{"confidence_interval":{"confidence_level":0.95,"lower_bound":0.00289676786473383,"upper_bound":0.006972493228880988},"point_estimate":0.004867712368147256,"standard_error":0.001038494433143649},"slope":{"confidence_interval":{"confidence_level":0.95,"lower_bound":20.0040236297776,"upper_bound":20.005899838111375},"point_estimate":20.00493395453133,"standard_error":0.00048053305561920944},"std_dev":{"confidence_interval":{"confidence_level":0.95,"lower_bound":0.007638371236972528,"upper_bound":0.027148760827864882},"point_estimate":0.018430783028665906,"standard_error":0.005032191482320496}}