{"mean":{"confidence_interval":{"confidence_level":0.95,"lower_bound":20.00408120898332,"upper_bound":20.007885106985064},"point_estimate":20.005719651944027,"standard_error":0.0009803426691280433},"median":{"confidence_interval":{"confidence_level":0.95,"lower_bound":20.002043846726462,"upper_bound":20.004207063529662},"point_estimate":20.002802915216954,"standard_error":0.0005654178456258436},"median_abs_dev":{"confidence_interval":{"confidence_level":0.95,"lower_bound":0.0015651985035334325,"upper_bound":0.004037672137647852},"point_estimate":0.002584125232455336,"standard_error":0.0006268869462604079},"slope":{"confidence_interval":{"confidence_level":0.95,"lower_bound":20.002324436105038,"upper_bound":20.003509181316293},"point_estimate":20.0028932474828,"standard_error":0.0003024013785433107},"std_dev":{"confidence_interval":{"confidence_level":0.95,"lower_bound":0.004155182506587593,"upper_bound":0.015110132832962926},"point_estimate":0.009850944166349216,"standard_error":0.0030971028568878645}}