{"mean":{"confidence_interval":{"confidence_level":0.95,"lower_bound":20.00411834083855,"upper_bound":20.00790954959345},"point_estimate":20.005777020084462,"standard_error":0.0009766651870580624},"median":{"confidence_interval":{"confidence_level":0.95,"lower_bound":20.002103414885024,"upper_bound":20.00437908877386},"point_estimate":20.003017291722536,"standard_error":0.0006185076568522213},"median_abs_dev":{"confidence_interval":{"confidence_level":0.95,"lower_bound":0.0016974313127250354,"upper_bound":0.00418253089033305},"point_estimate":0.0028497912840620963,"standard_error":0.0006407676206692305},"slope":{"confidence_interval":{"confidence_level":0.95,"lower_bound":20.002380435711768,"upper_bound":20.00353163413443},"point_estimate":20.00293698781352,"standard_error":0.00029315427360886783},"std_dev":{"confidence_interval":{"confidence_level":0.95,"lower_bound":0.004306743281026565,"upper_bound":0.014833089478637882},"point_estimate":0.0098056497934828,"standard_error":0.0029082575986626997}}