{"mean":{"confidence_interval":{"confidence_level":0.95,"lower_bound":55.02755023978177,"upper_bound":55.053576964568784},"point_estimate":55.03873564615323,"standard_error":0.006715313089936537},"median":{"confidence_interval":{"confidence_level":0.95,"lower_bound":55.014008313115454,"upper_bound":55.029431533378904},"point_estimate":55.01921088968503,"standard_error":0.003915171259813796},"median_abs_dev":{"confidence_interval":{"confidence_level":0.95,"lower_bound":0.010767198001909012,"upper_bound":0.027335154300321837},"point_estimate":0.01771132586271055,"standard_error":0.004279799484913317},"slope":{"confidence_interval":{"confidence_level":0.95,"lower_bound":55.015686641543105,"upper_bound":55.02327695385149},"point_estimate":55.019356680337545,"standard_error":0.0019388152403718025},"std_dev":{"confidence_interval":{"confidence_level":0.95,"lower_bound":0.027510587105182203,"upper_bound":0.10365517508117483},"point_estimate":0.0672128732420817,"standard_error":0.02146492614169706}}