{"mean":{"confidence_interval":{"confidence_level":0.95,"lower_bound":21.00418345014578,"upper_bound":21.018260911868026},"point_estimate":21.009218392518207,"standard_error":0.00414076851692221},"median":{"confidence_interval":{"confidence_level":0.95,"lower_bound":21.002082007636016,"upper_bound":21.004289560837062},"point_estimate":21.00287515340212,"standard_error":0.0005841705303339164},"median_abs_dev":{"confidence_interval":{"confidence_level":0.95,"lower_bound":0.0015929851676417476,"upper_bound":0.004061558508361339},"point_estimate":0.0026174488165005244,"standard_error":0.0006183631175136509},"slope":{"confidence_interval":{"confidence_level":0.95,"lower_bound":21.00236425177456,"upper_bound":21.00351676468262},"point_estimate":21.002916047309185,"standard_error":0.0002944038161145537},"std_dev":{"confidence_interval":{"confidence_level":0.95,"lower_bound":0.004554593738852651,"upper_bound":0.07081961363238094},"point_estimate":0.041599114721034065,"standard_error":0.02319357265629316}}