{"mean":{"confidence_interval":{"confidence_level":0.95,"lower_bound":32.00571574371661,"upper_bound":32.01440423579583},"point_estimate":32.00933288182904,"standard_error":0.0022524028682348717},"median":{"confidence_interval":{"confidence_level":0.95,"lower_bound":32.002836660381035,"upper_bound":32.005967548550714},"point_estimate":32.003960818383895,"standard_error":0.0008136645032283966},"median_abs_dev":{"confidence_interval":{"confidence_level":0.95,"lower_bound":0.002181958530824017,"upper_bound":0.00566981580993161},"point_estimate":0.0036293486831542703,"standard_error":0.0008662103512649056},"slope":{"confidence_interval":{"confidence_level":0.95,"lower_bound":32.003141485842725,"upper_bound":32.00463788425864},"point_estimate":32.003860959942735,"standard_error":0.0003827020498321824},"std_dev":{"confidence_interval":{"confidence_level":0.95,"lower_bound":0.005603017676704148,"upper_bound":0.03586696057033998},"point_estimate":0.022588509824232796,"standard_error":0.008138296360929106}}