{"mean":{"confidence_interval":{"confidence_level":0.95,"lower_bound":49.01141734873446,"upper_bound":49.02202539888695},"point_estimate":49.01598882795727,"standard_error":0.002736563091879715},"median":{"confidence_interval":{"confidence_level":0.95,"lower_bound":49.00560417873308,"upper_bound":49.011946643213136},"point_estimate":49.00779109675593,"standard_error":0.0016162437333605286},"median_abs_dev":{"confidence_interval":{"confidence_level":0.95,"lower_bound":0.00430214673753527,"upper_bound":0.01154430377810716},"point_estimate":0.00729217733014495,"standard_error":0.0018163377468404746},"slope":{"confidence_interval":{"confidence_level":0.95,"lower_bound":49.00616682174478,"upper_bound":49.00928809996264},"point_estimate":49.007658266830894,"standard_error":0.0007956538336096106},"std_dev":{"confidence_interval":{"confidence_level":0.95,"lower_bound":0.011909929849624213,"upper_bound":0.04220650847324097},"point_estimate":0.027589780906256838,"standard_error":0.008509721529656348}}