{"mean":{"confidence_interval":{"confidence_level":0.95,"lower_bound":46.02196028633136,"upper_bound":46.042497980111754},"point_estimate":46.03076542518556,"standard_error":0.005279656718895441},"median":{"confidence_interval":{"confidence_level":0.95,"lower_bound":46.01128117657136,"upper_bound":46.02289881615267},"point_estimate":46.01561757446211,"standard_error":0.003197218066107334},"median_abs_dev":{"confidence_interval":{"confidence_level":0.95,"lower_bound":0.008839963786563449,"upper_bound":0.021646996090373113},"point_estimate":0.01447280410405439,"standard_error":0.003346551141448252},"slope":{"confidence_interval":{"confidence_level":0.95,"lower_bound":46.01250420406441,"upper_bound":46.018301575137684},"point_estimate":46.01531513869683,"standard_error":0.0014789605146890597},"std_dev":{"confidence_interval":{"confidence_level":0.95,"lower_bound":0.022237052279965072,"upper_bound":0.0815375499694594},"point_estimate":0.05301650697790208,"standard_error":0.01668100019636285}}