{"mean":{"confidence_interval":{"confidence_level":0.95,"lower_bound":58.011705147081365,"upper_bound":58.02250121265858},"point_estimate":58.0163602914572,"standard_error":0.0027767718569425173},"median":{"confidence_interval":{"confidence_level":0.95,"lower_bound":58.00595258400136,"upper_bound":58.01217294900222},"point_estimate":58.00844463801781,"standard_error":0.0017345682704272506},"median_abs_dev":{"confidence_interval":{"confidence_level":0.95,"lower_bound":0.00474677157280771,"upper_bound":0.011613654997492567},"point_estimate":0.007732953592988728,"standard_error":0.001798399642177798},"slope":{"confidence_interval":{"confidence_level":0.95,"lower_bound":58.006617486951285,"upper_bound":58.00964612824215},"point_estimate":58.00809485382466,"standard_error":0.0007742661131525039},"std_dev":{"confidence_interval":{"confidence_level":0.95,"lower_bound":0.012063332933554268,"upper_bound":0.0426867632802012},"point_estimate":0.027964072426100647,"standard_error":0.008560324064483907}}