{"mean":{"confidence_interval":{"confidence_level":0.95,"lower_bound":16.00570983163672,"upper_bound":16.011474566620194},"point_estimate":16.008238293647818,"standard_error":0.0014814064961573138},"median":{"confidence_interval":{"confidence_level":0.95,"lower_bound":16.002843269841787,"upper_bound":16.00575926153023},"point_estimate":16.004033607017618,"standard_error":0.0008125112110149391},"median_abs_dev":{"confidence_interval":{"confidence_level":0.95,"lower_bound":0.0022459019638355585,"upper_bound":0.005589716498270379},"point_estimate":0.003725203738465286,"standard_error":0.0008502107173883662},"slope":{"confidence_interval":{"confidence_level":0.95,"lower_bound":16.003109643847402,"upper_bound":16.004563277748705},"point_estimate":16.003809577842457,"standard_error":0.0003704751782259349},"std_dev":{"confidence_interval":{"confidence_level":0.95,"lower_bound":0.006200807031317169,"upper_bound":0.02199629977001679},"point_estimate":0.01486982500483497,"standard_error":0.004065931679671082}}