{"mean":{"confidence_interval":{"confidence_level":0.95,"lower_bound":58.01275865272712,"upper_bound":58.02459262201611},"point_estimate":58.01788790282219,"standard_error":0.003059481138535195},"median":{"confidence_interval":{"confidence_level":0.95,"lower_bound":58.00642839566929,"upper_bound":58.0132997047244},"point_estimate":58.009025087516,"standard_error":0.0018559384928654046},"median_abs_dev":{"confidence_interval":{"confidence_level":0.95,"lower_bound":0.005032561642137909,"upper_bound":0.012755005883429078},"point_estimate":0.008263188573979757,"standard_error":0.001993131445212523},"slope":{"confidence_interval":{"confidence_level":0.95,"lower_bound":58.007324395667204,"upper_bound":58.010874517020646},"point_estimate":58.00904375274171,"standard_error":0.0009048052765229986},"std_dev":{"confidence_interval":{"confidence_level":0.95,"lower_bound":0.012966794879026196,"upper_bound":0.04709416083147092},"point_estimate":0.030690699510015972,"standard_error":0.009597176397502906}}