{"mean":{"confidence_interval":{"confidence_level":0.95,"lower_bound":21.004954221108182,"upper_bound":21.01455023193853},"point_estimate":21.008761170988784,"standard_error":0.0025280763532820397},"median":{"confidence_interval":{"confidence_level":0.95,"lower_bound":21.00242427398085,"upper_bound":21.005160442859825},"point_estimate":21.003385004780668,"standard_error":0.0006906235922265383},"median_abs_dev":{"confidence_interval":{"confidence_level":0.95,"lower_bound":0.0018670420792175658,"upper_bound":0.004808843819050692},"point_estimate":0.0031304119137621476,"standard_error":0.0007337248630221416},"slope":{"confidence_interval":{"confidence_level":0.95,"lower_bound":21.002709612463057,"upper_bound":21.004016603121485},"point_estimate":21.003340868641526,"standard_error":0.0003338776674899356},"std_dev":{"confidence_interval":{"confidence_level":0.95,"lower_bound":0.00499978169286049,"upper_bound":0.041582106089945454},"point_estimate":0.02541804257553215,"standard_error":0.010741691173449237}}