{"mean":{"confidence_interval":{"confidence_level":0.95,"lower_bound":21.005057617815307,"upper_bound":21.009825414331004},"point_estimate":21.007113857388518,"standard_error":0.0012282599868808},"median":{"confidence_interval":{"confidence_level":0.95,"lower_bound":21.00249978470754,"upper_bound":21.005209305770173},"point_estimate":21.00347527540663,"standard_error":0.0007050386232971575},"median_abs_dev":{"confidence_interval":{"confidence_level":0.95,"lower_bound":0.0018902999028927092,"upper_bound":0.0049624910172689},"point_estimate":0.0031786894137726613,"standard_error":0.0007839969665932495},"slope":{"confidence_interval":{"confidence_level":0.95,"lower_bound":21.00282030698738,"upper_bound":21.004226438576943},"point_estimate":21.003499358197764,"standard_error":0.00035940468122364397},"std_dev":{"confidence_interval":{"confidence_level":0.95,"lower_bound":0.005320642506914015,"upper_bound":0.018883020605989984},"point_estimate":0.012352148519941783,"standard_error":0.0037932736699071157}}