{"mean":{"confidence_interval":{"confidence_level":0.95,"lower_bound":47.01065525550897,"upper_bound":47.02058316717092},"point_estimate":47.01492673796883,"standard_error":0.00256653987818434},"median":{"confidence_interval":{"confidence_level":0.95,"lower_bound":47.005466041353216,"upper_bound":47.0111148622599},"point_estimate":47.00756714579431,"standard_error":0.0015500721663016712},"median_abs_dev":{"confidence_interval":{"confidence_level":0.95,"lower_bound":0.004288256361029062,"upper_bound":0.010669985356555393},"point_estimate":0.007012472965860976,"standard_error":0.0016371245870271933},"slope":{"confidence_interval":{"confidence_level":0.95,"lower_bound":47.006048822719315,"upper_bound":47.00887994713515},"point_estimate":47.007416590342174,"standard_error":0.0007247319657012486},"std_dev":{"confidence_interval":{"confidence_level":0.95,"lower_bound":0.010762634162878818,"upper_bound":0.03952045270263812},"point_estimate":0.025692335093136266,"standard_error":0.00810913298715863}}