{"mean":{"confidence_interval":{"confidence_level":0.95,"lower_bound":21.004976069618394,"upper_bound":21.009753110066068},"point_estimate":21.007039190378915,"standard_error":0.0012266526927808248},"median":{"confidence_interval":{"confidence_level":0.95,"lower_bound":21.00244581181058,"upper_bound":21.005182813646492},"point_estimate":21.003400240672292,"standard_error":0.0006926703742105589},"median_abs_dev":{"confidence_interval":{"confidence_level":0.95,"lower_bound":0.001844071876639257,"upper_bound":0.004836328942641541},"point_estimate":0.0031589637274459575,"standard_error":0.0007450871468283611},"slope":{"confidence_interval":{"confidence_level":0.95,"lower_bound":21.00269031402855,"upper_bound":21.003989076209717},"point_estimate":21.00331644987067,"standard_error":0.0003325939833646756},"std_dev":{"confidence_interval":{"confidence_level":0.95,"lower_bound":0.00543808587045866,"upper_bound":0.0186943487705416},"point_estimate":0.01231243906248288,"standard_error":0.003658409881700189}}