{"mean":{"confidence_interval":{"confidence_level":0.95,"lower_bound":49.012848572594194,"upper_bound":49.025413102639426},"point_estimate":49.018408425471435,"standard_error":0.003233633355180256},"median":{"confidence_interval":{"confidence_level":0.95,"lower_bound":49.0061175506381,"upper_bound":49.01255707762557},"point_estimate":49.00867866806794,"standard_error":0.0017637604544981612},"median_abs_dev":{"confidence_interval":{"confidence_level":0.95,"lower_bound":0.004840517315029548,"upper_bound":0.01225166549052712},"point_estimate":0.007980910083159265,"standard_error":0.0018984443449494872},"slope":{"confidence_interval":{"confidence_level":0.95,"lower_bound":49.00710670802773,"upper_bound":49.01202421243224},"point_estimate":49.00930369581632,"standard_error":0.0012631936460471352},"std_dev":{"confidence_interval":{"confidence_level":0.95,"lower_bound":0.014396601520328843,"upper_bound":0.0474834995315674},"point_estimate":0.03246611528442403,"standard_error":0.008577304363210301}}