{"mean":{"confidence_interval":{"confidence_level":0.95,"lower_bound":19.00487527489732,"upper_bound":19.009455385446252},"point_estimate":19.00686368199256,"standard_error":0.0011769490007413053},"median":{"confidence_interval":{"confidence_level":0.95,"lower_bound":19.002459373271673,"upper_bound":19.005036011651104},"point_estimate":19.003488991843742,"standard_error":0.0007084829859772921},"median_abs_dev":{"confidence_interval":{"confidence_level":0.95,"lower_bound":0.001965939064210366,"upper_bound":0.004811316691068755},"point_estimate":0.003181042987143938,"standard_error":0.0007362726394677453},"slope":{"confidence_interval":{"confidence_level":0.95,"lower_bound":19.002783205702734,"upper_bound":19.004046168106257},"point_estimate":19.00339543473297,"standard_error":0.0003218911122336321},"std_dev":{"confidence_interval":{"confidence_level":0.95,"lower_bound":0.005166218383102064,"upper_bound":0.01786441044061519},"point_estimate":0.01182233478830937,"standard_error":0.0034919154200597474}}