{"mean":{"confidence_interval":{"confidence_level":0.95,"lower_bound":19.004860529638666,"upper_bound":19.009431425495542},"point_estimate":19.00684844529852,"standard_error":0.0011746518234233261},"median":{"confidence_interval":{"confidence_level":0.95,"lower_bound":19.002370259481037,"upper_bound":19.00499001996008},"point_estimate":19.003327704197517,"standard_error":0.0006794559191774066},"median_abs_dev":{"confidence_interval":{"confidence_level":0.95,"lower_bound":0.001812453097905925,"upper_bound":0.004822694333760359},"point_estimate":0.0030467790205661316,"standard_error":0.0007414558113558403},"slope":{"confidence_interval":{"confidence_level":0.95,"lower_bound":19.002670653916887,"upper_bound":19.003987808694976},"point_estimate":19.003305624064954,"standard_error":0.0003357185172571361},"std_dev":{"confidence_interval":{"confidence_level":0.95,"lower_bound":0.005440516790029655,"upper_bound":0.01774960950768187},"point_estimate":0.01178861414364008,"standard_error":0.0033938218569734974}}