{"mean":{"confidence_interval":{"confidence_level":0.95,"lower_bound":21.005732648645523,"upper_bound":21.010983820791672},"point_estimate":21.008004614652528,"standard_error":0.0013570934813361744},"median":{"confidence_interval":{"confidence_level":0.95,"lower_bound":21.002970293009355,"upper_bound":21.005905812937065},"point_estimate":21.004153470950346,"standard_error":0.0008368167867917323},"median_abs_dev":{"confidence_interval":{"confidence_level":0.95,"lower_bound":0.002374831950689758,"upper_bound":0.005676970870123742},"point_estimate":0.0038034310104360556,"standard_error":0.0008727968605741873},"slope":{"confidence_interval":{"confidence_level":0.95,"lower_bound":21.003318354338568,"upper_bound":21.00482199688437},"point_estimate":21.00405095758571,"standard_error":0.00038490236934787673},"std_dev":{"confidence_interval":{"confidence_level":0.95,"lower_bound":0.0057921870649269265,"upper_bound":0.020934590192822188},"point_estimate":0.013660185409645259,"standard_error":0.004254108045556051}}