{"mean":{"confidence_interval":{"confidence_level":0.95,"lower_bound":21.00481211779369,"upper_bound":21.0093256270174},"point_estimate":21.006752253349546,"standard_error":0.0011671082414630878},"median":{"confidence_interval":{"confidence_level":0.95,"lower_bound":21.002401564579106,"upper_bound":21.004976743787637},"point_estimate":21.003338726848767,"standard_error":0.0006827613210454104},"median_abs_dev":{"confidence_interval":{"confidence_level":0.95,"lower_bound":0.0018555228965273444,"upper_bound":0.004789481343200638},"point_estimate":0.0031249243849534036,"standard_error":0.0007448391203552561},"slope":{"confidence_interval":{"confidence_level":0.95,"lower_bound":21.00270238086043,"upper_bound":21.00400987452605},"point_estimate":21.00333694351531,"standard_error":0.0003345366149528167},"std_dev":{"confidence_interval":{"confidence_level":0.95,"lower_bound":0.0048553629971204324,"upper_bound":0.01799669434483281},"point_estimate":0.011697864197206859,"standard_error":0.003719438812645701}}