{"mean":{"confidence_interval":{"confidence_level":0.95,"lower_bound":20.004027122456296,"upper_bound":20.00781844637493},"point_estimate":20.005652215909894,"standard_error":0.0009767390445111347},"median":{"confidence_interval":{"confidence_level":0.95,"lower_bound":20.00204304022077,"upper_bound":20.004296227606346},"point_estimate":20.002852689493444,"standard_error":0.0005712995575343245},"median_abs_dev":{"confidence_interval":{"confidence_level":0.95,"lower_bound":0.0015556404111809316,"upper_bound":0.004002279651817397},"point_estimate":0.002596998383793562,"standard_error":0.0006082438764167264},"slope":{"confidence_interval":{"confidence_level":0.95,"lower_bound":20.002288427631758,"upper_bound":20.003374068414452},"point_estimate":20.00281870577662,"standard_error":0.00027756979855005694},"std_dev":{"confidence_interval":{"confidence_level":0.95,"lower_bound":0.004047088323782349,"upper_bound":0.015105973966005012},"point_estimate":0.009805540768783967,"standard_error":0.0031167607844854485}}