{"mean":{"confidence_interval":{"confidence_level":0.95,"lower_bound":23.004897120313373,"upper_bound":23.009459362277262},"point_estimate":23.006860997841482,"standard_error":0.0011751990851650565},"median":{"confidence_interval":{"confidence_level":0.95,"lower_bound":23.0024753647906,"upper_bound":23.005149416219016},"point_estimate":23.003475265839022,"standard_error":0.000714250686970732},"median_abs_dev":{"confidence_interval":{"confidence_level":0.95,"lower_bound":0.0019630102973974078,"upper_bound":0.0049144263510796996},"point_estimate":0.003241277068958569,"standard_error":0.000758133580620074},"slope":{"confidence_interval":{"confidence_level":0.95,"lower_bound":23.002746108693316,"upper_bound":23.00403804291174},"point_estimate":23.003371060872134,"standard_error":0.0003307051054885093},"std_dev":{"confidence_interval":{"confidence_level":0.95,"lower_bound":0.0049426431562090535,"upper_bound":0.0181513107101846},"point_estimate":0.011791054350436033,"standard_error":0.003725736276985386}}