{"mean":{"confidence_interval":{"confidence_level":0.95,"lower_bound":20.004930541617494,"upper_bound":20.009653276845974},"point_estimate":20.006978239348886,"standard_error":0.0012139220654760325},"median":{"confidence_interval":{"confidence_level":0.95,"lower_bound":20.00242256485867,"upper_bound":20.005161394382952},"point_estimate":20.00336792206501,"standard_error":0.0006844353692890112},"median_abs_dev":{"confidence_interval":{"confidence_level":0.95,"lower_bound":0.0018327748937972117,"upper_bound":0.004850212979818892},"point_estimate":0.003128938409250812,"standard_error":0.000739877872486705},"slope":{"confidence_interval":{"confidence_level":0.95,"lower_bound":20.0026741775145,"upper_bound":20.003969207626785},"point_estimate":20.003292822266406,"standard_error":0.00033004664879096937},"std_dev":{"confidence_interval":{"confidence_level":0.95,"lower_bound":0.0053913427984562745,"upper_bound":0.018506150119205804},"point_estimate":0.012200123617936454,"standard_error":0.003623031401980723}}