{"mean":{"confidence_interval":{"confidence_level":0.95,"lower_bound":62.0124555620689,"upper_bound":62.02374957297199},"point_estimate":62.01732370423309,"standard_error":0.002911161087971115},"median":{"confidence_interval":{"confidence_level":0.95,"lower_bound":62.006357644409114,"upper_bound":62.012863039952826},"point_estimate":62.008890130126126,"standard_error":0.001798143440676104},"median_abs_dev":{"confidence_interval":{"confidence_level":0.95,"lower_bound":0.005032557100196004,"upper_bound":0.012253336695727906},"point_estimate":0.008105460648536539,"standard_error":0.001904471445870652},"slope":{"confidence_interval":{"confidence_level":0.95,"lower_bound":62.007294310545404,"upper_bound":62.011334375168516},"point_estimate":62.00918576543469,"standard_error":0.001034121462079654},"std_dev":{"confidence_interval":{"confidence_level":0.95,"lower_bound":0.01266763758732034,"upper_bound":0.04488330530738801},"point_estimate":0.029319858903221488,"standard_error":0.009046024616421977}}