{"mean":{"confidence_interval":{"confidence_level":0.95,"lower_bound":46.00998683878687,"upper_bound":46.01932048122109},"point_estimate":46.014085916971,"standard_error":0.0024052197608064947},"median":{"confidence_interval":{"confidence_level":0.95,"lower_bound":46.004906587034405,"upper_bound":46.01018651886345},"point_estimate":46.006960733590475,"standard_error":0.0014739848243853037},"median_abs_dev":{"confidence_interval":{"confidence_level":0.95,"lower_bound":0.0038671492324846494,"upper_bound":0.009982684519530317},"point_estimate":0.006432874197118692,"standard_error":0.0015457634952120926},"slope":{"confidence_interval":{"confidence_level":0.95,"lower_bound":46.005548924191956,"upper_bound":46.00833373233197},"point_estimate":46.006888349205475,"standard_error":0.0007089892254010393},"std_dev":{"confidence_interval":{"confidence_level":0.95,"lower_bound":0.011272921275345347,"upper_bound":0.03602827357757886},"point_estimate":0.024116283608143347,"standard_error":0.006780483843563471}}