{"mean":{"confidence_interval":{"confidence_level":0.95,"lower_bound":66.01287548888104,"upper_bound":66.02494000537695},"point_estimate":66.01811805851128,"standard_error":0.003113811154945975},"median":{"confidence_interval":{"confidence_level":0.95,"lower_bound":66.00637140353439,"upper_bound":66.01359520542249},"point_estimate":66.00885771560327,"standard_error":0.0018362895233791708},"median_abs_dev":{"confidence_interval":{"confidence_level":0.95,"lower_bound":0.004853788006406859,"upper_bound":0.012732753008823183},"point_estimate":0.008321133477011232,"standard_error":0.002014526572345458},"slope":{"confidence_interval":{"confidence_level":0.95,"lower_bound":66.00713779235444,"upper_bound":66.01070087928284},"point_estimate":66.0088540371599,"standard_error":0.0009131914060074446},"std_dev":{"confidence_interval":{"confidence_level":0.95,"lower_bound":0.013393742777582726,"upper_bound":0.04796932215405621},"point_estimate":0.03134765323737092,"standard_error":0.009716089678561666}}