{"mean":{"confidence_interval":{"confidence_level":0.95,"lower_bound":49.010911793040094,"upper_bound":49.02113269657369},"point_estimate":49.01532420150188,"standard_error":0.00263493579364281},"median":{"confidence_interval":{"confidence_level":0.95,"lower_bound":49.005373772902814,"upper_bound":49.011436311246555},"point_estimate":49.00747077968501,"standard_error":0.0015392165442170225},"median_abs_dev":{"confidence_interval":{"confidence_level":0.95,"lower_bound":0.004081345197581211,"upper_bound":0.010876258074246165},"point_estimate":0.006940662239882212,"standard_error":0.0017106554754495805},"slope":{"confidence_interval":{"confidence_level":0.95,"lower_bound":49.006039256104934,"upper_bound":49.00908672434968},"point_estimate":49.007502200671794,"standard_error":0.0007771506206532079},"std_dev":{"confidence_interval":{"confidence_level":0.95,"lower_bound":0.011339684578644328,"upper_bound":0.04048633352442058},"point_estimate":0.026461812684233834,"standard_error":0.008176192514966242}}