{"mean":{"confidence_interval":{"confidence_level":0.95,"lower_bound":31.005917686874422,"upper_bound":31.011400229211503},"point_estimate":31.008297245402012,"standard_error":0.0014132066872382242},"median":{"confidence_interval":{"confidence_level":0.95,"lower_bound":31.002971055618616,"upper_bound":31.006089552591753},"point_estimate":31.004171186459633,"standard_error":0.0008396540008303693},"median_abs_dev":{"confidence_interval":{"confidence_level":0.95,"lower_bound":0.0023183615694500315,"upper_bound":0.005827464936271346},"point_estimate":0.003819054411615846,"standard_error":0.0009183716843306176},"slope":{"confidence_interval":{"confidence_level":0.95,"lower_bound":31.003360689840203,"upper_bound":31.004984720413155},"point_estimate":31.00414078571528,"standard_error":0.0004129756204493651},"std_dev":{"confidence_interval":{"confidence_level":0.95,"lower_bound":0.006096624543051208,"upper_bound":0.02177892292329921},"point_estimate":0.014258799438930481,"standard_error":0.004405699820672056}}