{"mean":{"confidence_interval":{"confidence_level":0.95,"lower_bound":21.004890902690722,"upper_bound":21.00951407525038},"point_estimate":21.006864104093516,"standard_error":0.0011945015070860168},"median":{"confidence_interval":{"confidence_level":0.95,"lower_bound":21.002521231422506,"upper_bound":21.005103025576183},"point_estimate":21.00341960123972,"standard_error":0.0006904277411135274},"median_abs_dev":{"confidence_interval":{"confidence_level":0.95,"lower_bound":0.0019169116105866519,"upper_bound":0.004819405134165821},"point_estimate":0.0031207370049475044,"standard_error":0.0007365828634474014},"slope":{"confidence_interval":{"confidence_level":0.95,"lower_bound":21.00275902936961,"upper_bound":21.004046094817706},"point_estimate":21.003384646193492,"standard_error":0.0003287008635778715},"std_dev":{"confidence_interval":{"confidence_level":0.95,"lower_bound":0.004936498843571109,"upper_bound":0.01846248478723058},"point_estimate":0.011971355342751424,"standard_error":0.003812954062991019}}