{"mean":{"confidence_interval":{"confidence_level":0.95,"lower_bound":49.011781450192224,"upper_bound":49.036621298422816},"point_estimate":49.02146245423086,"standard_error":0.006598660647132478},"median":{"confidence_interval":{"confidence_level":0.95,"lower_bound":49.00580684596577,"upper_bound":49.01195636067274},"point_estimate":49.00815246847411,"standard_error":0.001672534143719153},"median_abs_dev":{"confidence_interval":{"confidence_level":0.95,"lower_bound":0.004467484880344576,"upper_bound":0.011466578103962035},"point_estimate":0.007368578025992324,"standard_error":0.0017524073072327164},"slope":{"confidence_interval":{"confidence_level":0.95,"lower_bound":49.00649219708446,"upper_bound":49.0094997065262},"point_estimate":49.00795433417005,"standard_error":0.000767095437476661},"std_dev":{"confidence_interval":{"confidence_level":0.95,"lower_bound":0.012394840014399052,"upper_bound":0.10967771475063115},"point_estimate":0.06643935641109151,"standard_error":0.02963722797572328}}