{"mean":{"confidence_interval":{"confidence_level":0.95,"lower_bound":67.01741758425362,"upper_bound":67.04144159085877},"point_estimate":67.02809097158747,"standard_error":0.006194040647024829},"median":{"confidence_interval":{"confidence_level":0.95,"lower_bound":67.0074366638201,"upper_bound":67.01582649725262},"point_estimate":67.01044063639768,"standard_error":0.002174277169315999},"median_abs_dev":{"confidence_interval":{"confidence_level":0.95,"lower_bound":0.005723183477242964,"upper_bound":0.015369014813953514},"point_estimate":0.0098609204172295,"standard_error":0.002426866073281877},"slope":{"confidence_interval":{"confidence_level":0.95,"lower_bound":67.00865110700464,"upper_bound":67.01623961059146},"point_estimate":67.01189966747673,"standard_error":0.001964236429907744},"std_dev":{"confidence_interval":{"confidence_level":0.95,"lower_bound":0.027514353797766566,"upper_bound":0.0897017600487071},"point_estimate":0.062193011356394365,"standard_error":0.016068311238211227}}