{"mean":{"confidence_interval":{"confidence_level":0.95,"lower_bound":65.02890948505191,"upper_bound":65.06204750647282},"point_estimate":65.04339534872524,"standard_error":0.008528989719481092},"median":{"confidence_interval":{"confidence_level":0.95,"lower_bound":65.01424877517692,"upper_bound":65.02976614718081},"point_estimate":65.02000443805626,"standard_error":0.0039493981041472505},"median_abs_dev":{"confidence_interval":{"confidence_level":0.95,"lower_bound":0.010905651518643176,"upper_bound":0.027553541356344954},"point_estimate":0.018389784686527202,"standard_error":0.0042587757639719935},"slope":{"confidence_interval":{"confidence_level":0.95,"lower_bound":65.01587237550562,"upper_bound":65.02352780799033},"point_estimate":65.01957736715669,"standard_error":0.0019578913529020095},"std_dev":{"confidence_interval":{"confidence_level":0.95,"lower_bound":0.03105605555712678,"upper_bound":0.12546468858607643},"point_estimate":0.08568439081904643,"standard_error":0.024272274609849494}}