{"mean":{"confidence_interval":{"confidence_level":0.95,"lower_bound":-0.00014071047949166523,"upper_bound":0.00018356297677087904},"point_estimate":0.00002128648703814129,"standard_error":0.00008240912781139807},"median":{"confidence_interval":{"confidence_level":0.95,"lower_bound":-0.00009290648099313792,"upper_bound":0.00010960807103477244},"point_estimate":0.000010295310748142938,"standard_error":0.0000511019057232512}}