{"mean":{"confidence_interval":{"confidence_level":0.95,"lower_bound":47.01092571462558,"upper_bound":47.0211954530971},"point_estimate":47.01535886867659,"standard_error":0.002649109736434508},"median":{"confidence_interval":{"confidence_level":0.95,"lower_bound":47.005434499974,"upper_bound":47.011403952256394},"point_estimate":47.0075552042742,"standard_error":0.00153663038680111},"median_abs_dev":{"confidence_interval":{"confidence_level":0.95,"lower_bound":0.004194401021668926,"upper_bound":0.01086135404993985},"point_estimate":0.006992961291787611,"standard_error":0.0016911382827724157},"slope":{"confidence_interval":{"confidence_level":0.95,"lower_bound":47.00610900170961,"upper_bound":47.00916312898299},"point_estimate":47.00757494967267,"standard_error":0.0007790165721745818},"std_dev":{"confidence_interval":{"confidence_level":0.95,"lower_bound":0.011135429875841317,"upper_bound":0.04080241731048464},"point_estimate":0.026563087231146806,"standard_error":0.008370244279986994}}