{"mean":{"confidence_interval":{"confidence_level":0.95,"lower_bound":19.004761351714873,"upper_bound":19.009101394521696},"point_estimate":19.006643383975053,"standard_error":0.0011248694765175421},"median":{"confidence_interval":{"confidence_level":0.95,"lower_bound":19.00246903920269,"upper_bound":19.00491825613079},"point_estimate":19.003452549149642,"standard_error":0.0007002090204442613},"median_abs_dev":{"confidence_interval":{"confidence_level":0.95,"lower_bound":0.00196586096687883,"upper_bound":0.004702788627795531},"point_estimate":0.003177704253142892,"standard_error":0.0007244353896294399},"slope":{"confidence_interval":{"confidence_level":0.95,"lower_bound":19.002720547977773,"upper_bound":19.00396282679824},"point_estimate":19.003324459795607,"standard_error":0.00031686505054570385},"std_dev":{"confidence_interval":{"confidence_level":0.95,"lower_bound":0.004789228523331805,"upper_bound":0.0173401636831106},"point_estimate":0.011339371342794845,"standard_error":0.0035348913392453606}}