{"mean":{"confidence_interval":{"confidence_level":0.95,"lower_bound":49.0117383926859,"upper_bound":49.02258124432598},"point_estimate":49.01642473697939,"standard_error":0.0027851526197607782},"median":{"confidence_interval":{"confidence_level":0.95,"lower_bound":49.005839293696916,"upper_bound":49.01214973060725},"point_estimate":49.00819802317055,"standard_error":0.0016730503988640795},"median_abs_dev":{"confidence_interval":{"confidence_level":0.95,"lower_bound":0.004571374723658749,"upper_bound":0.011760458165389977},"point_estimate":0.007536321717094158,"standard_error":0.0018710219418944542},"slope":{"confidence_interval":{"confidence_level":0.95,"lower_bound":49.00664922240364,"upper_bound":49.01005971425484},"point_estimate":49.008290201620724,"standard_error":0.0008681380337352653},"std_dev":{"confidence_interval":{"confidence_level":0.95,"lower_bound":0.011986887681374464,"upper_bound":0.042878991521842505},"point_estimate":0.028009448206166444,"standard_error":0.008680359344367396}}