{"mean":{"confidence_interval":{"confidence_level":0.95,"lower_bound":46.02491583819991,"upper_bound":46.0492168458528},"point_estimate":46.03565115542948,"standard_error":0.006259910712941032},"median":{"confidence_interval":{"confidence_level":0.95,"lower_bound":46.012695063839075,"upper_bound":46.02575503410251},"point_estimate":46.0184273734341,"standard_error":0.0037258713294492456},"median_abs_dev":{"confidence_interval":{"confidence_level":0.95,"lower_bound":0.010378076974332014,"upper_bound":0.02454852694527326},"point_estimate":0.017235835611844955,"standard_error":0.003659376819213238},"slope":{"confidence_interval":{"confidence_level":0.95,"lower_bound":46.01423917260287,"upper_bound":46.02077632275828},"point_estimate":46.01743709261748,"standard_error":0.0016686150026427513},"std_dev":{"confidence_interval":{"confidence_level":0.95,"lower_bound":0.02606794928225248,"upper_bound":0.09264693356382957},"point_estimate":0.06307485233106494,"standard_error":0.017156313858684175}}