{"mean":{"confidence_interval":{"confidence_level":0.95,"lower_bound":19.005072881400658,"upper_bound":19.0097358378167},"point_estimate":19.007093854295,"standard_error":0.0012018891335399318},"median":{"confidence_interval":{"confidence_level":0.95,"lower_bound":19.002488722027344,"upper_bound":19.005271244830453},"point_estimate":19.00341301368195,"standard_error":0.0007059207600933449},"median_abs_dev":{"confidence_interval":{"confidence_level":0.95,"lower_bound":0.001925327830860297,"upper_bound":0.005071974502268718},"point_estimate":0.003218574541346062,"standard_error":0.0007919021695100603},"slope":{"confidence_interval":{"confidence_level":0.95,"lower_bound":19.00286946914753,"upper_bound":19.004717092729905},"point_estimate":19.003715454021673,"standard_error":0.0004710560162573537},"std_dev":{"confidence_interval":{"confidence_level":0.95,"lower_bound":0.005278556423144703,"upper_bound":0.01845847543846514},"point_estimate":0.012093938759571224,"standard_error":0.003717148405148439}}