{"mean":{"confidence_interval":{"confidence_level":0.95,"lower_bound":51.00982536036321,"upper_bound":51.0191243744465},"point_estimate":51.013807197453644,"standard_error":0.0023928443616243393},"median":{"confidence_interval":{"confidence_level":0.95,"lower_bound":51.00492698926603,"upper_bound":51.0103217673866},"point_estimate":51.006849647721,"standard_error":0.0013967543087933768},"median_abs_dev":{"confidence_interval":{"confidence_level":0.95,"lower_bound":0.003804952692439808,"upper_bound":0.009815486836004344},"point_estimate":0.006363605045008713,"standard_error":0.0015071527272324482},"slope":{"confidence_interval":{"confidence_level":0.95,"lower_bound":51.00548022915855,"upper_bound":51.00811802510206},"point_estimate":51.00675505663686,"standard_error":0.0006750908239357174},"std_dev":{"confidence_interval":{"confidence_level":0.95,"lower_bound":0.009903652748035882,"upper_bound":0.03702469293561716},"point_estimate":0.023992715100654646,"standard_error":0.007623653768855205}}