{"mean":{"confidence_interval":{"confidence_level":0.95,"lower_bound":37.011648427913755,"upper_bound":37.0234403441751},"point_estimate":37.0167574087232,"standard_error":0.003043835649245844},"median":{"confidence_interval":{"confidence_level":0.95,"lower_bound":37.0053704425614,"upper_bound":37.00972249008893},"point_estimate":37.00691666232288,"standard_error":0.0011333153087848963},"median_abs_dev":{"confidence_interval":{"confidence_level":0.95,"lower_bound":0.0035083523063211886,"upper_bound":0.009256425839362618},"point_estimate":0.005772755176230041,"standard_error":0.001470507643160389},"slope":{"confidence_interval":{"confidence_level":0.95,"lower_bound":37.00596536003353,"upper_bound":37.0111555336323},"point_estimate":37.00827051952018,"standard_error":0.0013342950589148937},"std_dev":{"confidence_interval":{"confidence_level":0.95,"lower_bound":0.013348064826746964,"upper_bound":0.046613221899078267},"point_estimate":0.030596075443587827,"standard_error":0.009342295575430362}}