{"mean":{"confidence_interval":{"confidence_level":0.95,"lower_bound":20.00630291704828,"upper_bound":20.012113170986858},"point_estimate":20.00888766400226,"standard_error":0.0014921779525168416},"median":{"confidence_interval":{"confidence_level":0.95,"lower_bound":20.002903745693008,"upper_bound":20.00611314882739},"point_estimate":20.00407668730299,"standard_error":0.0008297079406086147},"median_abs_dev":{"confidence_interval":{"confidence_level":0.95,"lower_bound":0.00224930568115457,"upper_bound":0.005877411566424541},"point_estimate":0.003835993404331588,"standard_error":0.0009352506875906736},"slope":{"confidence_interval":{"confidence_level":0.95,"lower_bound":20.00341952355133,"upper_bound":20.005751646077137},"point_estimate":20.004481228402835,"standard_error":0.0005958405474634787},"std_dev":{"confidence_interval":{"confidence_level":0.95,"lower_bound":0.007512054093152049,"upper_bound":0.0221749482289103},"point_estimate":0.0150555387642799,"standard_error":0.003967132067484727}}