{"mean":{"confidence_interval":{"confidence_level":0.95,"lower_bound":47.0108587984932,"upper_bound":47.02090594207852},"point_estimate":47.0152113317698,"standard_error":0.002592693696625754},"median":{"confidence_interval":{"confidence_level":0.95,"lower_bound":47.005484637169545,"upper_bound":47.011230261799454},"point_estimate":47.00771610432194,"standard_error":0.0015403934697431803},"median_abs_dev":{"confidence_interval":{"confidence_level":0.95,"lower_bound":0.00430145917760711,"upper_bound":0.010553145461009588},"point_estimate":0.007145628515803256,"standard_error":0.001618447566921168},"slope":{"confidence_interval":{"confidence_level":0.95,"lower_bound":47.00614143494358,"upper_bound":47.00900391546277},"point_estimate":47.007536504982625,"standard_error":0.0007313694106474356},"std_dev":{"confidence_interval":{"confidence_level":0.95,"lower_bound":0.011441196828662743,"upper_bound":0.039750856618196884},"point_estimate":0.02605433389728915,"standard_error":0.007936946545194737}}