{"mean":{"confidence_interval":{"confidence_level":0.95,"lower_bound":40.009004996055936,"upper_bound":40.01929822303056},"point_estimate":40.013498113491124,"standard_error":0.0026460672407355493},"median":{"confidence_interval":{"confidence_level":0.95,"lower_bound":40.00436726847208,"upper_bound":40.00907313778069},"point_estimate":40.00613138677115,"standard_error":0.0012225565024472852},"median_abs_dev":{"confidence_interval":{"confidence_level":0.95,"lower_bound":0.003357357396666863,"upper_bound":0.008451464243140415},"point_estimate":0.0055664690898928485,"standard_error":0.001278762083602942},"slope":{"confidence_interval":{"confidence_level":0.95,"lower_bound":40.00484479447466,"upper_bound":40.00710907544122},"point_estimate":40.00594354463815,"standard_error":0.0005793847224578316},"std_dev":{"confidence_interval":{"confidence_level":0.95,"lower_bound":0.009985710157346233,"upper_bound":0.03892353616603303},"point_estimate":0.026630368128402308,"standard_error":0.007456601959362072}}