{"mean":{"confidence_interval":{"confidence_level":0.95,"lower_bound":47.01168059624417,"upper_bound":47.02251097073194},"point_estimate":47.0164374648349,"standard_error":0.00278787144321435},"median":{"confidence_interval":{"confidence_level":0.95,"lower_bound":47.00581641285956,"upper_bound":47.01187617124247},"point_estimate":47.00834348682275,"standard_error":0.0016834585682725407},"median_abs_dev":{"confidence_interval":{"confidence_level":0.95,"lower_bound":0.004769246902404628,"upper_bound":0.011239301615934161},"point_estimate":0.007817929191838881,"standard_error":0.0016756602889626095},"slope":{"confidence_interval":{"confidence_level":0.95,"lower_bound":47.00653385245002,"upper_bound":47.009985237660885},"point_estimate":47.00815576837629,"standard_error":0.0008803505200515017},"std_dev":{"confidence_interval":{"confidence_level":0.95,"lower_bound":0.012769176143340354,"upper_bound":0.04177921383864865},"point_estimate":0.027971455181387814,"standard_error":0.007842321612879717}}