{"mean":{"confidence_interval":{"confidence_level":0.95,"lower_bound":59.01409356212012,"upper_bound":59.02798769466628},"point_estimate":59.0202423721694,"standard_error":0.003586048278466734},"median":{"confidence_interval":{"confidence_level":0.95,"lower_bound":59.00680693069307,"upper_bound":59.01429546101653},"point_estimate":59.00955652831293,"standard_error":0.0019365201421896686},"median_abs_dev":{"confidence_interval":{"confidence_level":0.95,"lower_bound":0.005254020679378795,"upper_bound":0.013278684700183657},"point_estimate":0.00883316658771748,"standard_error":0.002050880106609889},"slope":{"confidence_interval":{"confidence_level":0.95,"lower_bound":59.0075560704131,"upper_bound":59.01124426000759},"point_estimate":59.0093331753668,"standard_error":0.0009397404286699457},"std_dev":{"confidence_interval":{"confidence_level":0.95,"lower_bound":0.016587273056241945,"upper_bound":0.05319896380769372},"point_estimate":0.03616008614661842,"standard_error":0.00958506442602038}}