{"mean":{"confidence_interval":{"confidence_level":0.95,"lower_bound":20.00492022151183,"upper_bound":20.009711308791726},"point_estimate":20.007007384560517,"standard_error":0.0012297573552127266},"median":{"confidence_interval":{"confidence_level":0.95,"lower_bound":20.002442045242102,"upper_bound":20.005014021312398},"point_estimate":20.003428487162555,"standard_error":0.0006947319185601385},"median_abs_dev":{"confidence_interval":{"confidence_level":0.95,"lower_bound":0.0018798155295246554,"upper_bound":0.004763916067976436},"point_estimate":0.0031517576521072907,"standard_error":0.0007268727325278263},"slope":{"confidence_interval":{"confidence_level":0.95,"lower_bound":20.002708963693973,"upper_bound":20.00398748597529},"point_estimate":20.003330711269868,"standard_error":0.0003261252381439776},"std_dev":{"confidence_interval":{"confidence_level":0.95,"lower_bound":0.005401972284040215,"upper_bound":0.01853226217666131},"point_estimate":0.012304080968916596,"standard_error":0.0035267476596157507}}