{"mean":{"confidence_interval":{"confidence_level":0.95,"lower_bound":56.01305585798211,"upper_bound":56.02498022454222},"point_estimate":56.01821451531113,"standard_error":0.0030873339716789286},"median":{"confidence_interval":{"confidence_level":0.95,"lower_bound":56.00656439604535,"upper_bound":56.01368631082739},"point_estimate":56.009258942822385,"standard_error":0.0018734746550409158},"median_abs_dev":{"confidence_interval":{"confidence_level":0.95,"lower_bound":0.005118324983461211,"upper_bound":0.01282968104502407},"point_estimate":0.008675455154328484,"standard_error":0.0019613611126615563},"slope":{"confidence_interval":{"confidence_level":0.95,"lower_bound":56.00751551984954,"upper_bound":56.011187538777186},"point_estimate":56.00929401530748,"standard_error":0.0009383556627931174},"std_dev":{"confidence_interval":{"confidence_level":0.95,"lower_bound":0.013373865749427243,"upper_bound":0.04746953657939155},"point_estimate":0.030987019927221308,"standard_error":0.00961185979949142}}