{"mean":{"confidence_interval":{"confidence_level":0.95,"lower_bound":20.004768033130947,"upper_bound":20.009142064889144},"point_estimate":20.00667273533082,"standard_error":0.0011228899017768038},"median":{"confidence_interval":{"confidence_level":0.95,"lower_bound":20.002369759599794,"upper_bound":20.00486424338905},"point_estimate":20.00336186133701,"standard_error":0.0006915434982151564},"median_abs_dev":{"confidence_interval":{"confidence_level":0.95,"lower_bound":0.0018613194082584767,"upper_bound":0.004737032979162311},"point_estimate":0.0030942357678510417,"standard_error":0.0007439882811727046},"slope":{"confidence_interval":{"confidence_level":0.95,"lower_bound":20.00269666477547,"upper_bound":20.004021861052546},"point_estimate":20.0033354538473,"standard_error":0.0003379030157929456},"std_dev":{"confidence_interval":{"confidence_level":0.95,"lower_bound":0.0050807003549630785,"upper_bound":0.01707924687071047},"point_estimate":0.011279908157135633,"standard_error":0.00334396989424865}}