{"mean":{"confidence_interval":{"confidence_level":0.95,"lower_bound":21.00497694695864,"upper_bound":21.015101743945603},"point_estimate":21.00895648490411,"standard_error":0.0026767503194091683},"median":{"confidence_interval":{"confidence_level":0.95,"lower_bound":21.002428002392982,"upper_bound":21.0051845183803},"point_estimate":21.003369513491396,"standard_error":0.0007077787186681594},"median_abs_dev":{"confidence_interval":{"confidence_level":0.95,"lower_bound":0.001867947853571534,"upper_bound":0.004896458616094013},"point_estimate":0.003152236982588794,"standard_error":0.00077108305686539},"slope":{"confidence_interval":{"confidence_level":0.95,"lower_bound":21.00273410307397,"upper_bound":21.00411242646227},"point_estimate":21.003398108398553,"standard_error":0.0003508415024970798},"std_dev":{"confidence_interval":{"confidence_level":0.95,"lower_bound":0.00519986770015935,"upper_bound":0.044251048425750394},"point_estimate":0.02693719710681422,"standard_error":0.01166663867546267}}