{"mean":{"confidence_interval":{"confidence_level":0.95,"lower_bound":20.01355922325579,"upper_bound":20.0274067506356},"point_estimate":20.01970834866151,"standard_error":0.0035611724440854195},"median":{"confidence_interval":{"confidence_level":0.95,"lower_bound":20.00647972224457,"upper_bound":20.013214920071047},"point_estimate":20.008712787813803,"standard_error":0.0016825893173658478},"median_abs_dev":{"confidence_interval":{"confidence_level":0.95,"lower_bound":0.004752106829970062,"upper_bound":0.012290990831969668},"point_estimate":0.00793095367912789,"standard_error":0.0018558044366347698},"slope":{"confidence_interval":{"confidence_level":0.95,"lower_bound":20.007400255105967,"upper_bound":20.010993581509503},"point_estimate":20.00915267897663,"standard_error":0.0009159049836722679},"std_dev":{"confidence_interval":{"confidence_level":0.95,"lower_bound":0.015997689601833995,"upper_bound":0.052466574457492664},"point_estimate":0.035700614563945854,"standard_error":0.009478718986628885}}