{"mean":{"confidence_interval":{"confidence_level":0.95,"lower_bound":61.01365410864087,"upper_bound":61.02763731229534},"point_estimate":61.01979117438535,"standard_error":0.0035969479500518875},"median":{"confidence_interval":{"confidence_level":0.95,"lower_bound":61.00673151249678,"upper_bound":61.01393866518835},"point_estimate":61.00945064562356,"standard_error":0.001922722038466022},"median_abs_dev":{"confidence_interval":{"confidence_level":0.95,"lower_bound":0.0051826693230925935,"upper_bound":0.013191436095083643},"point_estimate":0.00872380352174924,"standard_error":0.0020341870699810676},"slope":{"confidence_interval":{"confidence_level":0.95,"lower_bound":61.007447483662375,"upper_bound":61.01103743491692},"point_estimate":61.00918990704964,"standard_error":0.0009197299915208262},"std_dev":{"confidence_interval":{"confidence_level":0.95,"lower_bound":0.01487239525385225,"upper_bound":0.05324751193721953},"point_estimate":0.03608735618497185,"standard_error":0.00990373581978805}}