{"mean":{"confidence_interval":{"confidence_level":0.95,"lower_bound":46.021128126444246,"upper_bound":46.03993200191795},"point_estimate":46.029340662708506,"standard_error":0.004840479511803523},"median":{"confidence_interval":{"confidence_level":0.95,"lower_bound":46.01104069344413,"upper_bound":46.02212749354563},"point_estimate":46.0163664125574,"standard_error":0.0031372042768281106},"median_abs_dev":{"confidence_interval":{"confidence_level":0.95,"lower_bound":0.009176522378147527,"upper_bound":0.0212974610450143},"point_estimate":0.014874348652840787,"standard_error":0.003259107531705381},"slope":{"confidence_interval":{"confidence_level":0.95,"lower_bound":46.01236402887781,"upper_bound":46.01780515797921},"point_estimate":46.015028062155395,"standard_error":0.0013908809393774794},"std_dev":{"confidence_interval":{"confidence_level":0.95,"lower_bound":0.021059146960161913,"upper_bound":0.07460060480712696},"point_estimate":0.048928455550431446,"standard_error":0.015065055891928556}}