{"mean":{"confidence_interval":{"confidence_level":0.95,"lower_bound":19.004994943883606,"upper_bound":19.00970148752702},"point_estimate":19.007020753336985,"standard_error":0.001214078621595958},"median":{"confidence_interval":{"confidence_level":0.95,"lower_bound":19.002540101463616,"upper_bound":19.005139692526637},"point_estimate":19.003483475034013,"standard_error":0.0007075030535239408},"median_abs_dev":{"confidence_interval":{"confidence_level":0.95,"lower_bound":0.001952717077161406,"upper_bound":0.004919599057373115},"point_estimate":0.003224241885417206,"standard_error":0.0007612432115278816},"slope":{"confidence_interval":{"confidence_level":0.95,"lower_bound":19.002811576856534,"upper_bound":19.004148152039686},"point_estimate":19.003455122506164,"standard_error":0.0003410003014936716},"std_dev":{"confidence_interval":{"confidence_level":0.95,"lower_bound":0.005044233929215518,"upper_bound":0.018825792692226655},"point_estimate":0.012211469623642472,"standard_error":0.0038722985758842038}}