{"mean":{"confidence_interval":{"confidence_level":0.95,"lower_bound":55.027884607128314,"upper_bound":55.053743269435586},"point_estimate":55.039017767340056,"standard_error":0.006669079685349736},"median":{"confidence_interval":{"confidence_level":0.95,"lower_bound":55.01390069038768,"upper_bound":55.0288933882103},"point_estimate":55.01951574758861,"standard_error":0.003967335206755474},"median_abs_dev":{"confidence_interval":{"confidence_level":0.95,"lower_bound":0.010846928001509583,"upper_bound":0.02747888427051974},"point_estimate":0.018085240603745122,"standard_error":0.004353540186129653},"slope":{"confidence_interval":{"confidence_level":0.95,"lower_bound":55.015954700234204,"upper_bound":55.02378545270487},"point_estimate":55.01973886110165,"standard_error":0.0019973645555958464},"std_dev":{"confidence_interval":{"confidence_level":0.95,"lower_bound":0.028752957090400582,"upper_bound":0.1023161654964885},"point_estimate":0.06688339349938478,"standard_error":0.02060624024010381}}