{"mean":{"confidence_interval":{"confidence_level":0.95,"lower_bound":21.004778013202984,"upper_bound":21.009139783500572},"point_estimate":21.00667162293769,"standard_error":0.001127445415545723},"median":{"confidence_interval":{"confidence_level":0.95,"lower_bound":21.00245743279892,"upper_bound":21.00497985090704},"point_estimate":21.00350360406182,"standard_error":0.0007054408433208692},"median_abs_dev":{"confidence_interval":{"confidence_level":0.95,"lower_bound":0.0019572101727356275,"upper_bound":0.004742543185539275},"point_estimate":0.0031649029657713126,"standard_error":0.0007130445454816031},"slope":{"confidence_interval":{"confidence_level":0.95,"lower_bound":21.002752578227604,"upper_bound":21.003994464813104},"point_estimate":21.0033576731304,"standard_error":0.0003162348215044457},"std_dev":{"confidence_interval":{"confidence_level":0.95,"lower_bound":0.004958525188945542,"upper_bound":0.017354130235885907},"point_estimate":0.011372891779319638,"standard_error":0.0034844642390181022}}