{"mean":{"confidence_interval":{"confidence_level":0.95,"lower_bound":51.01077568634302,"upper_bound":51.02213431542065},"point_estimate":51.01577655871296,"standard_error":0.002931267506758471},"median":{"confidence_interval":{"confidence_level":0.95,"lower_bound":51.00540001446894,"upper_bound":51.01096417882288},"point_estimate":51.00766073481209,"standard_error":0.0014946439672563095},"median_abs_dev":{"confidence_interval":{"confidence_level":0.95,"lower_bound":0.0041920215330378974,"upper_bound":0.01025111615934376},"point_estimate":0.006953163330570637,"standard_error":0.0015396687898043572},"slope":{"confidence_interval":{"confidence_level":0.95,"lower_bound":51.005930791585364,"upper_bound":51.008639490046356},"point_estimate":51.00725111914537,"standard_error":0.0006883767074684108},"std_dev":{"confidence_interval":{"confidence_level":0.95,"lower_bound":0.011691556186735135,"upper_bound":0.043226693493222314},"point_estimate":0.029494489340699006,"standard_error":0.008071302060138338}}