{"mean":{"confidence_interval":{"confidence_level":0.95,"lower_bound":19.005078243244313,"upper_bound":19.00991067651594},"point_estimate":19.007187802402836,"standard_error":0.0012403979888195348},"median":{"confidence_interval":{"confidence_level":0.95,"lower_bound":19.002503113921627,"upper_bound":19.005248421747417},"point_estimate":19.003514223978634,"standard_error":0.0007199446343948162},"median_abs_dev":{"confidence_interval":{"confidence_level":0.95,"lower_bound":0.0019268244260668519,"upper_bound":0.005020404125995957},"point_estimate":0.00323057424185147,"standard_error":0.0007735635915974029},"slope":{"confidence_interval":{"confidence_level":0.95,"lower_bound":19.002800361700334,"upper_bound":19.0041500815905},"point_estimate":19.003455993902858,"standard_error":0.0003438359048429492},"std_dev":{"confidence_interval":{"confidence_level":0.95,"lower_bound":0.005508875086447369,"upper_bound":0.018811628945883518},"point_estimate":0.012476947944246692,"standard_error":0.0036106462722133225}}