{"mean":{"confidence_interval":{"confidence_level":0.95,"lower_bound":65.02780818684496,"upper_bound":65.05427965710685},"point_estimate":65.0391879461604,"standard_error":0.0068273996738212935},"median":{"confidence_interval":{"confidence_level":0.95,"lower_bound":65.01403109086036,"upper_bound":65.02842857142858},"point_estimate":65.01886653668912,"standard_error":0.0037225687632612505},"median_abs_dev":{"confidence_interval":{"confidence_level":0.95,"lower_bound":0.010526447671163572,"upper_bound":0.026554512738931526},"point_estimate":0.017106088634914376,"standard_error":0.004123449525775845},"slope":{"confidence_interval":{"confidence_level":0.95,"lower_bound":65.01576375353508,"upper_bound":65.02372786137832},"point_estimate":65.01959787072688,"standard_error":0.002034495247254647},"std_dev":{"confidence_interval":{"confidence_level":0.95,"lower_bound":0.028527255352545886,"upper_bound":0.10543272716739328},"point_estimate":0.06855408292932176,"standard_error":0.021664838493378143}}