{"mean":{"confidence_interval":{"confidence_level":0.95,"lower_bound":58.01366614378173,"upper_bound":58.02666996826338},"point_estimate":58.01955112986837,"standard_error":0.0033394823626025057},"median":{"confidence_interval":{"confidence_level":0.95,"lower_bound":58.006345794186544,"upper_bound":58.01283906410948},"point_estimate":58.00887355952011,"standard_error":0.0018312184824255014},"median_abs_dev":{"confidence_interval":{"confidence_level":0.95,"lower_bound":0.00505952136092954,"upper_bound":0.012579673352877314},"point_estimate":0.008125727097945698,"standard_error":0.0019679319225381956},"slope":{"confidence_interval":{"confidence_level":0.95,"lower_bound":58.00771123491237,"upper_bound":58.0214783998923},"point_estimate":58.01345840326754,"standard_error":0.0035962320229940056},"std_dev":{"confidence_interval":{"confidence_level":0.95,"lower_bound":0.017260066446709067,"upper_bound":0.048335846653191496},"point_estimate":0.03374436527612976,"standard_error":0.008121265287447754}}