{"mean":{"confidence_interval":{"confidence_level":0.95,"lower_bound":42.00975399938697,"upper_bound":42.01925028175431},"point_estimate":42.01393338272803,"standard_error":0.0024467332864385317},"median":{"confidence_interval":{"confidence_level":0.95,"lower_bound":42.00465021070572,"upper_bound":42.00968499715157},"point_estimate":42.006464861894905,"standard_error":0.0012871615465031982},"median_abs_dev":{"confidence_interval":{"confidence_level":0.95,"lower_bound":0.0034967795727014694,"upper_bound":0.009243154591852912},"point_estimate":0.005983759981475617,"standard_error":0.0014340868235729958},"slope":{"confidence_interval":{"confidence_level":0.95,"lower_bound":42.00532436615862,"upper_bound":42.008055149236185},"point_estimate":42.00663385829797,"standard_error":0.0006988459673756053},"std_dev":{"confidence_interval":{"confidence_level":0.95,"lower_bound":0.01121884009285219,"upper_bound":0.036567724915420804},"point_estimate":0.024571883375501168,"standard_error":0.006747036221833939}}