{"mean":{"confidence_interval":{"confidence_level":0.95,"lower_bound":21.00496008488435,"upper_bound":21.010081061823822},"point_estimate":21.007214743828627,"standard_error":0.001322835499296345},"median":{"confidence_interval":{"confidence_level":0.95,"lower_bound":21.00245743580096,"upper_bound":21.005044210328286},"point_estimate":21.003450094597405,"standard_error":0.0006926431846795324},"median_abs_dev":{"confidence_interval":{"confidence_level":0.95,"lower_bound":0.0018844241441949429,"upper_bound":0.004793939807657438},"point_estimate":0.003171621048088051,"standard_error":0.0007292823003751687},"slope":{"confidence_interval":{"confidence_level":0.95,"lower_bound":21.00269311017971,"upper_bound":21.00396490444503},"point_estimate":21.003307148402342,"standard_error":0.0003244884016630074},"std_dev":{"confidence_interval":{"confidence_level":0.95,"lower_bound":0.005399090204309237,"upper_bound":0.01955138534689786},"point_estimate":0.013262137601036663,"standard_error":0.0036434762425219492}}