{"mean":{"confidence_interval":{"confidence_level":0.95,"lower_bound":21.004877267026377,"upper_bound":21.009475062157573},"point_estimate":21.006856367164595,"standard_error":0.0011858719993225082},"median":{"confidence_interval":{"confidence_level":0.95,"lower_bound":21.002419345503373,"upper_bound":21.00512087836813},"point_estimate":21.00336344642107,"standard_error":0.0006895766563956519},"median_abs_dev":{"confidence_interval":{"confidence_level":0.95,"lower_bound":0.0018361622371870028,"upper_bound":0.004805425762616439},"point_estimate":0.0031247803515641946,"standard_error":0.0007503317319119853},"slope":{"confidence_interval":{"confidence_level":0.95,"lower_bound":21.0026843309038,"upper_bound":21.003980598173243},"point_estimate":21.003311649284345,"standard_error":0.0003302715483466192},"std_dev":{"confidence_interval":{"confidence_level":0.95,"lower_bound":0.005081933293277145,"upper_bound":0.0182429936564704},"point_estimate":0.011904754610024128,"standard_error":0.0036916235117897883}}