{"mean":{"confidence_interval":{"confidence_level":0.95,"lower_bound":-0.0002063611473421572,"upper_bound":0.00013639204779604115},"point_estimate":-0.000033221304563069154,"standard_error":0.00008687042168385724},"median":{"confidence_interval":{"confidence_level":0.95,"lower_bound":-0.00009080197003941137,"upper_bound":0.00009522836905917487},"point_estimate":1.7734186898987758e-6,"standard_error":0.000047238273074022376}}