{"mean":{"confidence_interval":{"confidence_level":0.95,"lower_bound":58.012677577415694,"upper_bound":58.02441258133644},"point_estimate":58.01773414233637,"standard_error":0.0030338967465891073},"median":{"confidence_interval":{"confidence_level":0.95,"lower_bound":58.0065802730341,"upper_bound":58.01364011620616},"point_estimate":58.00917708576404,"standard_error":0.0018434914913223143},"median_abs_dev":{"confidence_interval":{"confidence_level":0.95,"lower_bound":0.0050937706031147405,"upper_bound":0.01255260173971759},"point_estimate":0.008463378373949226,"standard_error":0.0019310726549868404},"slope":{"confidence_interval":{"confidence_level":0.95,"lower_bound":58.00734130897358,"upper_bound":58.010805188764714},"point_estimate":58.00903258779533,"standard_error":0.0008867094927112824},"std_dev":{"confidence_interval":{"confidence_level":0.95,"lower_bound":0.012626666386895994,"upper_bound":0.04686610959741484},"point_estimate":0.03048054006917843,"standard_error":0.009666969784764485}}