{"mean":{"confidence_interval":{"confidence_level":0.95,"lower_bound":56.01292041224322,"upper_bound":56.024698136469524},"point_estimate":56.018026093213656,"standard_error":0.0030297849254853682},"median":{"confidence_interval":{"confidence_level":0.95,"lower_bound":56.00653827864955,"upper_bound":56.013781809827584},"point_estimate":56.00903769998516,"standard_error":0.0019134442083188338},"median_abs_dev":{"confidence_interval":{"confidence_level":0.95,"lower_bound":0.005172939469805756,"upper_bound":0.013042894242456669},"point_estimate":0.008420563398195784,"standard_error":0.002040840331834187},"slope":{"confidence_interval":{"confidence_level":0.95,"lower_bound":56.00757704745763,"upper_bound":56.011499199026126},"point_estimate":56.00948215940678,"standard_error":0.0010009339890397271},"std_dev":{"confidence_interval":{"confidence_level":0.95,"lower_bound":0.013418007802918375,"upper_bound":0.04596797808631535},"point_estimate":0.03024685141045596,"standard_error":0.009069474979731313}}