{"mean":{"confidence_interval":{"confidence_level":0.95,"lower_bound":21.004756550030443,"upper_bound":21.009215084859516},"point_estimate":21.00667928070498,"standard_error":0.001149586434927274},"median":{"confidence_interval":{"confidence_level":0.95,"lower_bound":21.00241882719415,"upper_bound":21.005133406810184},"point_estimate":21.003377399452575,"standard_error":0.0006765710452011443},"median_abs_dev":{"confidence_interval":{"confidence_level":0.95,"lower_bound":0.0018594868104215947,"upper_bound":0.004707112083395524},"point_estimate":0.0031233785973521825,"standard_error":0.0007300807674486873},"slope":{"confidence_interval":{"confidence_level":0.95,"lower_bound":21.002681032865475,"upper_bound":21.003972864729306},"point_estimate":21.00330152410122,"standard_error":0.00032877210723982473},"std_dev":{"confidence_interval":{"confidence_level":0.95,"lower_bound":0.004733763117616646,"upper_bound":0.01788681463067452},"point_estimate":0.011597711059046877,"standard_error":0.003698105171072061}}