{"mean":{"confidence_interval":{"confidence_level":0.95,"lower_bound":39.007566976766086,"upper_bound":39.01421350233977},"point_estimate":39.01044802951494,"standard_error":0.0017142231627256877},"median":{"confidence_interval":{"confidence_level":0.95,"lower_bound":39.00384735517299,"upper_bound":39.007605379819964},"point_estimate":39.005483193594685,"standard_error":0.00106795252754042},"median_abs_dev":{"confidence_interval":{"confidence_level":0.95,"lower_bound":0.003162049158566086,"upper_bound":0.007467066494946364},"point_estimate":0.00509125839664239,"standard_error":0.0011401821647761788},"slope":{"confidence_interval":{"confidence_level":0.95,"lower_bound":39.00447716150487,"upper_bound":39.007154317687544},"point_estimate":39.00572052700669,"standard_error":0.0006824501520874199},"std_dev":{"confidence_interval":{"confidence_level":0.95,"lower_bound":0.007738713101463221,"upper_bound":0.026203131731598616},"point_estimate":0.017190730579545486,"standard_error":0.005200446897402668}}