{"mean":{"confidence_interval":{"confidence_level":0.95,"lower_bound":55.027545016202794,"upper_bound":55.053487319282524},"point_estimate":55.03873373768831,"standard_error":0.006689710467235943},"median":{"confidence_interval":{"confidence_level":0.95,"lower_bound":55.01370723852166,"upper_bound":55.028492869830835},"point_estimate":55.019056212634425,"standard_error":0.003881312302468476},"median_abs_dev":{"confidence_interval":{"confidence_level":0.95,"lower_bound":0.010612050416633436,"upper_bound":0.027258881017329782},"point_estimate":0.01742992260471891,"standard_error":0.004274983005912028},"slope":{"confidence_interval":{"confidence_level":0.95,"lower_bound":55.0154150443455,"upper_bound":55.02298998960744},"point_estimate":55.01905840450654,"standard_error":0.0019335293000909929},"std_dev":{"confidence_interval":{"confidence_level":0.95,"lower_bound":0.028196922504255192,"upper_bound":0.10304616445360161},"point_estimate":0.06713006888169308,"standard_error":0.02109638775673355}}