{"mean":{"confidence_interval":{"confidence_level":0.95,"lower_bound":40.00881601159249,"upper_bound":40.017083320347055},"point_estimate":40.0124128684237,"standard_error":0.002128602704944292},"median":{"confidence_interval":{"confidence_level":0.95,"lower_bound":40.004260749728864,"upper_bound":40.009105441323975},"point_estimate":40.005923421605814,"standard_error":0.0012254636335422328},"median_abs_dev":{"confidence_interval":{"confidence_level":0.95,"lower_bound":0.0032466962136566643,"upper_bound":0.008515748657748254},"point_estimate":0.0055031028090537365,"standard_error":0.0013451897803745828},"slope":{"confidence_interval":{"confidence_level":0.95,"lower_bound":40.00482288805832,"upper_bound":40.00729393671894},"point_estimate":40.00601000380581,"standard_error":0.0006297643537084045},"std_dev":{"confidence_interval":{"confidence_level":0.95,"lower_bound":0.009669737334839484,"upper_bound":0.032272474008005626},"point_estimate":0.021326574256800478,"standard_error":0.0063349058864387575}}