{"mean":{"confidence_interval":{"confidence_level":0.95,"lower_bound":56.01265309074215,"upper_bound":56.024839406877476},"point_estimate":56.01790888291103,"standard_error":0.0031411003078995743},"median":{"confidence_interval":{"confidence_level":0.95,"lower_bound":56.006484239265326,"upper_bound":56.01343353470842},"point_estimate":56.00910348862374,"standard_error":0.001742670517069346},"median_abs_dev":{"confidence_interval":{"confidence_level":0.95,"lower_bound":0.005006761070251124,"upper_bound":0.01242584395462938},"point_estimate":0.00833248954747837,"standard_error":0.001845290744263291},"slope":{"confidence_interval":{"confidence_level":0.95,"lower_bound":56.00723606535427,"upper_bound":56.01076460342453},"point_estimate":56.00894642921133,"standard_error":0.0008973022329068808},"std_dev":{"confidence_interval":{"confidence_level":0.95,"lower_bound":0.013189777866613052,"upper_bound":0.04798087230178788},"point_estimate":0.03139351610452517,"standard_error":0.009649247073457034}}