{"mean":{"confidence_interval":{"confidence_level":0.95,"lower_bound":21.00419253824677,"upper_bound":21.00812702891478},"point_estimate":21.005908353977816,"standard_error":0.0010144760748373167},"median":{"confidence_interval":{"confidence_level":0.95,"lower_bound":21.002034625556995,"upper_bound":21.004290125155347},"point_estimate":21.002828597254236,"standard_error":0.0005779175087216094},"median_abs_dev":{"confidence_interval":{"confidence_level":0.95,"lower_bound":0.0015459745960893288,"upper_bound":0.004137690167480185},"point_estimate":0.002657246671650821,"standard_error":0.0006438363106910158},"slope":{"confidence_interval":{"confidence_level":0.95,"lower_bound":21.00232639850755,"upper_bound":21.00354047336178},"point_estimate":21.002904440116335,"standard_error":0.0003093934218562863},"std_dev":{"confidence_interval":{"confidence_level":0.95,"lower_bound":0.004520040157425244,"upper_bound":0.015438599219500929},"point_estimate":0.010185322100907293,"standard_error":0.003041873196157548}}