{"mean":{"confidence_interval":{"confidence_level":0.95,"lower_bound":20.013314445964987,"upper_bound":20.025881010557217},"point_estimate":20.018831196992995,"standard_error":0.003236872976068541},"median":{"confidence_interval":{"confidence_level":0.95,"lower_bound":20.006566733567485,"upper_bound":20.013657200636302},"point_estimate":20.009219305747457,"standard_error":0.0018893242157147232},"median_abs_dev":{"confidence_interval":{"confidence_level":0.95,"lower_bound":0.005052835727752673,"upper_bound":0.012945482483391285},"point_estimate":0.008475171718309216,"standard_error":0.001973878308003956},"slope":{"confidence_interval":{"confidence_level":0.95,"lower_bound":20.007298924634483,"upper_bound":20.01078532800158},"point_estimate":20.008979424883798,"standard_error":0.0008891307735539097},"std_dev":{"confidence_interval":{"confidence_level":0.95,"lower_bound":0.014640825948913952,"upper_bound":0.0490833005847064},"point_estimate":0.03263866837455494,"standard_error":0.009446511836622914}}