{"mean":{"confidence_interval":{"confidence_level":0.95,"lower_bound":40.00875103517222,"upper_bound":40.01711100796235},"point_estimate":40.01241045890675,"standard_error":0.0021517665695162686},"median":{"confidence_interval":{"confidence_level":0.95,"lower_bound":40.00432509840116,"upper_bound":40.00912842600254},"point_estimate":40.00601288105311,"standard_error":0.0012273839428505965},"median_abs_dev":{"confidence_interval":{"confidence_level":0.95,"lower_bound":0.003332442547738868,"upper_bound":0.008570298337589675},"point_estimate":0.005565414637441022,"standard_error":0.001328090905922552},"slope":{"confidence_interval":{"confidence_level":0.95,"lower_bound":40.00485660492963,"upper_bound":40.00716590625618},"point_estimate":40.005974300923484,"standard_error":0.0005904670067689782},"std_dev":{"confidence_interval":{"confidence_level":0.95,"lower_bound":0.009371533135676673,"upper_bound":0.03281232502840023},"point_estimate":0.02172509924643078,"standard_error":0.006469665278784951}}