{"mean":{"confidence_interval":{"confidence_level":0.95,"lower_bound":21.004921851575062,"upper_bound":21.009671308270438},"point_estimate":21.007001122523135,"standard_error":0.0012238442216355534},"median":{"confidence_interval":{"confidence_level":0.95,"lower_bound":21.00244845360825,"upper_bound":21.005025773195875},"point_estimate":21.003437484129805,"standard_error":0.000697248836003382},"median_abs_dev":{"confidence_interval":{"confidence_level":0.95,"lower_bound":0.0018841287678912325,"upper_bound":0.004774444450663032},"point_estimate":0.0031472913181477074,"standard_error":0.0007369656028216095},"slope":{"confidence_interval":{"confidence_level":0.95,"lower_bound":21.002730951037258,"upper_bound":21.00398628389922},"point_estimate":21.00333740245851,"standard_error":0.0003217288477390203},"std_dev":{"confidence_interval":{"confidence_level":0.95,"lower_bound":0.0053244961243101175,"upper_bound":0.018546574037196728},"point_estimate":0.012315686661425004,"standard_error":0.003540516238214506}}