{"mean":{"confidence_interval":{"confidence_level":0.95,"lower_bound":21.005075317735972,"upper_bound":21.010692645865518},"point_estimate":21.007541390973145,"standard_error":0.001444180614151351},"median":{"confidence_interval":{"confidence_level":0.95,"lower_bound":21.002476303317536,"upper_bound":21.005082938388625},"point_estimate":21.003476583475358,"standard_error":0.0006920551335806165},"median_abs_dev":{"confidence_interval":{"confidence_level":0.95,"lower_bound":0.001895299820527266,"upper_bound":0.004862361088070508},"point_estimate":0.003195971882679456,"standard_error":0.0007416825381587057},"slope":{"confidence_interval":{"confidence_level":0.95,"lower_bound":21.002770507365724,"upper_bound":21.004110845820332},"point_estimate":21.00341614175848,"standard_error":0.0003418475911247011},"std_dev":{"confidence_interval":{"confidence_level":0.95,"lower_bound":0.0054907462606083954,"upper_bound":0.021196290732080864},"point_estimate":0.014482104749165017,"standard_error":0.004022780188204548}}