{"mean":{"confidence_interval":{"confidence_level":0.95,"lower_bound":58.013396885821585,"upper_bound":58.02558767147401},"point_estimate":58.018666016111,"standard_error":0.003147503109477707},"median":{"confidence_interval":{"confidence_level":0.95,"lower_bound":58.00691180310746,"upper_bound":58.0139842359522},"point_estimate":58.00985427615862,"standard_error":0.001977746010107089},"median_abs_dev":{"confidence_interval":{"confidence_level":0.95,"lower_bound":0.0054792991062295,"upper_bound":0.013235216359953509},"point_estimate":0.009322093550284006,"standard_error":0.0020523673734413952},"slope":{"confidence_interval":{"confidence_level":0.95,"lower_bound":58.00790889294247,"upper_bound":58.011678498623446},"point_estimate":58.00975025334768,"standard_error":0.0009651254235865043},"std_dev":{"confidence_interval":{"confidence_level":0.95,"lower_bound":0.013293875501019205,"upper_bound":0.048538732445033136},"point_estimate":0.03166217181064936,"standard_error":0.009934211876360342}}