{"mean":{"confidence_interval":{"confidence_level":0.95,"lower_bound":59.013792273139174,"upper_bound":59.028481151189716},"point_estimate":59.020245599412135,"standard_error":0.0037799479614836025},"median":{"confidence_interval":{"confidence_level":0.95,"lower_bound":59.00666956945997,"upper_bound":59.01401168043366},"point_estimate":59.00931269513484,"standard_error":0.0018944768448984361},"median_abs_dev":{"confidence_interval":{"confidence_level":0.95,"lower_bound":0.005078606834307669,"upper_bound":0.013365121894057707},"point_estimate":0.008509723648604141,"standard_error":0.0020607385751009867},"slope":{"confidence_interval":{"confidence_level":0.95,"lower_bound":59.00766990730186,"upper_bound":59.0116691693976},"point_estimate":59.00957339510679,"standard_error":0.0010227217556747499},"std_dev":{"confidence_interval":{"confidence_level":0.95,"lower_bound":0.014879578730690884,"upper_bound":0.0555405804763663},"point_estimate":0.03790627740288951,"standard_error":0.010375069850959175}}