{"mean":{"confidence_interval":{"confidence_level":0.95,"lower_bound":38.00885045525329,"upper_bound":38.017153228894365},"point_estimate":38.01245876208834,"standard_error":0.0021374157739633883},"median":{"confidence_interval":{"confidence_level":0.95,"lower_bound":38.00439223268325,"upper_bound":38.00916274377942},"point_estimate":38.006166435047916,"standard_error":0.0012672319884144648},"median_abs_dev":{"confidence_interval":{"confidence_level":0.95,"lower_bound":0.0033595467672400234,"upper_bound":0.008682565414112253},"point_estimate":0.005623328292319029,"standard_error":0.0013345581977395908},"slope":{"confidence_interval":{"confidence_level":0.95,"lower_bound":38.00496488431856,"upper_bound":38.007273727645085},"point_estimate":38.006090550894314,"standard_error":0.0005882484129689855},"std_dev":{"confidence_interval":{"confidence_level":0.95,"lower_bound":0.009508765369705142,"upper_bound":0.032582144595670035},"point_estimate":0.021465149993735277,"standard_error":0.006393533645840236}}