{"mean":{"confidence_interval":{"confidence_level":0.95,"lower_bound":65.0147332141636,"upper_bound":65.02843047389742},"point_estimate":65.02062034519668,"standard_error":0.0035306433776439022},"median":{"confidence_interval":{"confidence_level":0.95,"lower_bound":65.00758267137086,"upper_bound":65.01541295910496},"point_estimate":65.01066774000319,"standard_error":0.002121290726326496},"median_abs_dev":{"confidence_interval":{"confidence_level":0.95,"lower_bound":0.005911964135218533,"upper_bound":0.014696978105437979},"point_estimate":0.009715247191830383,"standard_error":0.002277157076751457},"slope":{"confidence_interval":{"confidence_level":0.95,"lower_bound":65.0085156703135,"upper_bound":65.01254696865834},"point_estimate":65.01047219421922,"standard_error":0.0010246623345554352},"std_dev":{"confidence_interval":{"confidence_level":0.95,"lower_bound":0.014702434372373027,"upper_bound":0.05447927152958812},"point_estimate":0.035436489708751774,"standard_error":0.011235991497149087}}