{"mean":{"confidence_interval":{"confidence_level":0.95,"lower_bound":47.02566369082814,"upper_bound":47.05060542961708},"point_estimate":47.03663742069894,"standard_error":0.0064327615517333495},"median":{"confidence_interval":{"confidence_level":0.95,"lower_bound":47.01263272200772,"upper_bound":47.02657488315383},"point_estimate":47.01773559493695,"standard_error":0.0036295947976529856},"median_abs_dev":{"confidence_interval":{"confidence_level":0.95,"lower_bound":0.009726334730881614,"upper_bound":0.024984776859245605},"point_estimate":0.016501290134988897,"standard_error":0.0038404276038685324},"slope":{"confidence_interval":{"confidence_level":0.95,"lower_bound":47.01421177475901,"upper_bound":47.02114891676811},"point_estimate":47.01759389765116,"standard_error":0.0017714078722947547},"std_dev":{"confidence_interval":{"confidence_level":0.95,"lower_bound":0.028142981638197305,"upper_bound":0.09640687552710037},"point_estimate":0.06452139403095525,"standard_error":0.018165318377584023}}