{"mean":{"confidence_interval":{"confidence_level":0.95,"lower_bound":19.004922562326495,"upper_bound":19.00939434428215},"point_estimate":19.006871276293605,"standard_error":0.0011507522363153797},"median":{"confidence_interval":{"confidence_level":0.95,"lower_bound":19.00253624032588,"upper_bound":19.004997728305316},"point_estimate":19.003584552993914,"standard_error":0.000716089560737343},"median_abs_dev":{"confidence_interval":{"confidence_level":0.95,"lower_bound":0.0020788470675062553,"upper_bound":0.004847751095801414},"point_estimate":0.0033312055214657706,"standard_error":0.0007445057070803082},"slope":{"confidence_interval":{"confidence_level":0.95,"lower_bound":19.00282127144298,"upper_bound":19.004180081833074},"point_estimate":19.003478164035627,"standard_error":0.00034549118935712277},"std_dev":{"confidence_interval":{"confidence_level":0.95,"lower_bound":0.005203368385205982,"upper_bound":0.01749113305397414},"point_estimate":0.011557360297780372,"standard_error":0.0034443188369998744}}