{"mean":{"confidence_interval":{"confidence_level":0.95,"lower_bound":20.005634115946027,"upper_bound":20.010968150009194},"point_estimate":20.007936373846807,"standard_error":0.0013723310612215392},"median":{"confidence_interval":{"confidence_level":0.95,"lower_bound":20.002810431676927,"upper_bound":20.005913000330796},"point_estimate":20.003907146107174,"standard_error":0.0008030710041591453},"median_abs_dev":{"confidence_interval":{"confidence_level":0.95,"lower_bound":0.002164491950461879,"upper_bound":0.005592864328978034},"point_estimate":0.0035882999515316296,"standard_error":0.0008712996700989395},"slope":{"confidence_interval":{"confidence_level":0.95,"lower_bound":20.003118114376733,"upper_bound":20.00462739562881},"point_estimate":20.003843410720915,"standard_error":0.0003848889571405561},"std_dev":{"confidence_interval":{"confidence_level":0.95,"lower_bound":0.0057815160802403434,"upper_bound":0.021131706420007987},"point_estimate":0.01378285327168288,"standard_error":0.004310701867610934}}