{"mean":{"confidence_interval":{"confidence_level":0.95,"lower_bound":41.00817202201512,"upper_bound":41.01577165214919},"point_estimate":41.0114846754906,"standard_error":0.001960035196737284},"median":{"confidence_interval":{"confidence_level":0.95,"lower_bound":41.00393779265472,"upper_bound":41.00849734204439},"point_estimate":41.00547443702975,"standard_error":0.001135846869396473},"median_abs_dev":{"confidence_interval":{"confidence_level":0.95,"lower_bound":0.0029542227851174848,"upper_bound":0.007857792954822274},"point_estimate":0.005085977632725815,"standard_error":0.0012147126741024862},"slope":{"confidence_interval":{"confidence_level":0.95,"lower_bound":41.004520060865865,"upper_bound":41.00675214213555},"point_estimate":41.00559287321038,"standard_error":0.0005729748822608265},"std_dev":{"confidence_interval":{"confidence_level":0.95,"lower_bound":0.008811417244386825,"upper_bound":0.029794098808544434},"point_estimate":0.019691279798824474,"standard_error":0.005882053451821092}}