{"mean":{"confidence_interval":{"confidence_level":0.95,"lower_bound":19.005137423474245,"upper_bound":19.009865065152642},"point_estimate":19.00720484433575,"standard_error":0.0012201502603687775},"median":{"confidence_interval":{"confidence_level":0.95,"lower_bound":19.002598416582124,"upper_bound":19.005414036603426},"point_estimate":19.003686245746465,"standard_error":0.0007628956837182282},"median_abs_dev":{"confidence_interval":{"confidence_level":0.95,"lower_bound":0.00204089901955912,"upper_bound":0.005074032590288342},"point_estimate":0.0033755819053049013,"standard_error":0.0007852458147313222},"slope":{"confidence_interval":{"confidence_level":0.95,"lower_bound":19.002973174970116,"upper_bound":19.004354450336134},"point_estimate":19.00365143592043,"standard_error":0.0003522872496078809},"std_dev":{"confidence_interval":{"confidence_level":0.95,"lower_bound":0.005366675787857843,"upper_bound":0.01869452120631766},"point_estimate":0.012320620894044643,"standard_error":0.003708241504256481}}