{"mean":{"confidence_interval":{"confidence_level":0.95,"lower_bound":58.012072768891734,"upper_bound":58.023512335380516},"point_estimate":58.01702456658985,"standard_error":0.002954433982524002},"median":{"confidence_interval":{"confidence_level":0.95,"lower_bound":58.00596649190791,"upper_bound":58.01255318494835},"point_estimate":58.00829479535933,"standard_error":0.001702251014886351},"median_abs_dev":{"confidence_interval":{"confidence_level":0.95,"lower_bound":0.004466536337069167,"upper_bound":0.011682768567373538},"point_estimate":0.007599212498246014,"standard_error":0.0018105497514188111},"slope":{"confidence_interval":{"confidence_level":0.95,"lower_bound":58.006777414115454,"upper_bound":58.01007484682605},"point_estimate":58.00837668923818,"standard_error":0.0008413764527651268},"std_dev":{"confidence_interval":{"confidence_level":0.95,"lower_bound":0.0128890069968767,"upper_bound":0.045205173610709075},"point_estimate":0.02967163195108814,"standard_error":0.009033781362603067}}