{"mean":{"confidence_interval":{"confidence_level":0.95,"lower_bound":39.007052955926426,"upper_bound":39.013619360671406},"point_estimate":39.009873396367674,"standard_error":0.0017011509507391378},"median":{"confidence_interval":{"confidence_level":0.95,"lower_bound":39.00354815825622,"upper_bound":39.00738499375099},"point_estimate":39.00495428023183,"standard_error":0.0009964390929884052},"median_abs_dev":{"confidence_interval":{"confidence_level":0.95,"lower_bound":0.0027311103461663956,"upper_bound":0.00719215788334381},"point_estimate":0.004527105745454276,"standard_error":0.00112144276429661},"slope":{"confidence_interval":{"confidence_level":0.95,"lower_bound":39.00399997796951,"upper_bound":39.00604043415672},"point_estimate":39.00497338533687,"standard_error":0.0005202510480619203},"std_dev":{"confidence_interval":{"confidence_level":0.95,"lower_bound":0.007040212351329573,"upper_bound":0.02623088881987094},"point_estimate":0.0170141372542565,"standard_error":0.005443751505949115}}