{"mean":{"confidence_interval":{"confidence_level":0.95,"lower_bound":50.011136435406456,"upper_bound":50.05030067851479},"point_estimate":50.02507677077024,"standard_error":0.011696357469550256},"median":{"confidence_interval":{"confidence_level":0.95,"lower_bound":50.00568007955936,"upper_bound":50.01180367155001},"point_estimate":50.007911706349205,"standard_error":0.001584747548867906},"median_abs_dev":{"confidence_interval":{"confidence_level":0.95,"lower_bound":0.0043859907167147,"upper_bound":0.011177051281554889},"point_estimate":0.007229532766386067,"standard_error":0.001701550931964393},"slope":{"confidence_interval":{"confidence_level":0.95,"lower_bound":50.00625564511581,"upper_bound":50.00924590326813},"point_estimate":50.0077022657686,"standard_error":0.0007638896014649734},"std_dev":{"confidence_interval":{"confidence_level":0.95,"lower_bound":0.011101748145905593,"upper_bound":0.20004978646658247},"point_estimate":0.11733918967613884,"standard_error":0.06627728174572582}}