{"mean":{"confidence_interval":{"confidence_level":0.95,"lower_bound":25.0058576120636,"upper_bound":25.011263668753585},"point_estimate":25.00820943250233,"standard_error":0.0013890816982045071},"median":{"confidence_interval":{"confidence_level":0.95,"lower_bound":25.002938034188034,"upper_bound":25.005978114930183},"point_estimate":25.004168044532626,"standard_error":0.0008292968390228726},"median_abs_dev":{"confidence_interval":{"confidence_level":0.95,"lower_bound":0.002295692526809075,"upper_bound":0.005614719179976237},"point_estimate":0.003800160454488475,"standard_error":0.0008451808169132902},"slope":{"confidence_interval":{"confidence_level":0.95,"lower_bound":25.00338256436384,"upper_bound":25.004998134341918},"point_estimate":25.004168718030485,"standard_error":0.00041215903456577797},"std_dev":{"confidence_interval":{"confidence_level":0.95,"lower_bound":0.006222450448387095,"upper_bound":0.0211923442906652},"point_estimate":0.013979456263705057,"standard_error":0.004168817204903687}}