{"mean":{"confidence_interval":{"confidence_level":0.95,"lower_bound":43.00904740868762,"upper_bound":43.01756386720579},"point_estimate":43.01272551370629,"standard_error":0.00220049943251527},"median":{"confidence_interval":{"confidence_level":0.95,"lower_bound":43.004687780369636,"upper_bound":43.00978106499255},"point_estimate":43.006581366528806,"standard_error":0.0013208688476977438},"median_abs_dev":{"confidence_interval":{"confidence_level":0.95,"lower_bound":0.003586713357253042,"upper_bound":0.009224947186447698},"point_estimate":0.006013391950906202,"standard_error":0.0013961275079076236},"slope":{"confidence_interval":{"confidence_level":0.95,"lower_bound":43.00515311610317,"upper_bound":43.007596958263186},"point_estimate":43.006335218217224,"standard_error":0.000624148691430984},"std_dev":{"confidence_interval":{"confidence_level":0.95,"lower_bound":0.008943649749972827,"upper_bound":0.03414833993206887},"point_estimate":0.022163442918083753,"standard_error":0.007125396090213218}}