{"mean":{"confidence_interval":{"confidence_level":0.95,"lower_bound":29.006165425636073,"upper_bound":29.011866649045253},"point_estimate":29.008604173268722,"standard_error":0.0014712197760859548},"median":{"confidence_interval":{"confidence_level":0.95,"lower_bound":29.003167811307346,"upper_bound":29.006596125299737},"point_estimate":29.004456659896384,"standard_error":0.0008980006390465009},"median_abs_dev":{"confidence_interval":{"confidence_level":0.95,"lower_bound":0.0024664195484078917,"upper_bound":0.006127607925671303},"point_estimate":0.004110062819168219,"standard_error":0.0009349793150396614},"slope":{"confidence_interval":{"confidence_level":0.95,"lower_bound":29.003566893353362,"upper_bound":29.00525536197519},"point_estimate":29.004389492344156,"standard_error":0.0004313045646416395},"std_dev":{"confidence_interval":{"confidence_level":0.95,"lower_bound":0.006132431779584295,"upper_bound":0.02277612520705532},"point_estimate":0.014799189391776397,"standard_error":0.00468740340872812}}