{"mean":{"confidence_interval":{"confidence_level":0.95,"lower_bound":67.01450224398207,"upper_bound":67.02843058584676},"point_estimate":67.02060764647321,"standard_error":0.003584922484151575},"median":{"confidence_interval":{"confidence_level":0.95,"lower_bound":67.00713993453355,"upper_bound":67.01484946653844},"point_estimate":67.01002404602,"standard_error":0.0020535057465186244},"median_abs_dev":{"confidence_interval":{"confidence_level":0.95,"lower_bound":0.005530761782956054,"upper_bound":0.01439392221355175},"point_estimate":0.009122219047106512,"standard_error":0.002235437698172499},"slope":{"confidence_interval":{"confidence_level":0.95,"lower_bound":67.00803478372688,"upper_bound":67.01191743255379},"point_estimate":67.00990796693075,"standard_error":0.0009898476157802238},"std_dev":{"confidence_interval":{"confidence_level":0.95,"lower_bound":0.015714808335617732,"upper_bound":0.05418379109231331},"point_estimate":0.03607269487994601,"standard_error":0.010275474437746322}}