{"mean":{"confidence_interval":{"confidence_level":0.95,"lower_bound":67.01455804642417,"upper_bound":67.02821362992529},"point_estimate":67.02046022539727,"standard_error":0.0035236319188704053},"median":{"confidence_interval":{"confidence_level":0.95,"lower_bound":67.00710758641328,"upper_bound":67.01477459339631},"point_estimate":67.00988117904238,"standard_error":0.00201507840495481},"median_abs_dev":{"confidence_interval":{"confidence_level":0.95,"lower_bound":0.005338968288576477,"upper_bound":0.014074225907408968},"point_estimate":0.00903790219264347,"standard_error":0.00220102892321725},"slope":{"confidence_interval":{"confidence_level":0.95,"lower_bound":67.00807767292851,"upper_bound":67.01217768988553},"point_estimate":67.01005083394521,"standard_error":0.001045508932804703},"std_dev":{"confidence_interval":{"confidence_level":0.95,"lower_bound":0.01551397656659623,"upper_bound":0.053990114557228255},"point_estimate":0.03540394872013275,"standard_error":0.010694986742202681}}