{"mean":{"confidence_interval":{"confidence_level":0.95,"lower_bound":20.00463700168235,"upper_bound":20.00919037976563},"point_estimate":20.006597201919742,"standard_error":0.0011771742783229168},"median":{"confidence_interval":{"confidence_level":0.95,"lower_bound":20.002297637208965,"upper_bound":20.004547048149675},"point_estimate":20.003072369504544,"standard_error":0.0005868416884765842},"median_abs_dev":{"confidence_interval":{"confidence_level":0.95,"lower_bound":0.0016692354876475764,"upper_bound":0.004301204408559927},"point_estimate":0.0027716367053606554,"standard_error":0.0006832292756990793},"slope":{"confidence_interval":{"confidence_level":0.95,"lower_bound":20.002507738006685,"upper_bound":20.00376938381554},"point_estimate":20.003113373702888,"standard_error":0.00032306423505009925},"std_dev":{"confidence_interval":{"confidence_level":0.95,"lower_bound":0.004785021744838461,"upper_bound":0.018237612823274085},"point_estimate":0.011840704090839418,"standard_error":0.0037911889229600678}}