{"mean":{"confidence_interval":{"confidence_level":0.95,"lower_bound":64.03273158687566,"upper_bound":64.06562440577221},"point_estimate":64.04710843284705,"standard_error":0.008463008851466522},"median":{"confidence_interval":{"confidence_level":0.95,"lower_bound":64.01529449573448,"upper_bound":64.03138847647327},"point_estimate":64.02057206855392,"standard_error":0.00408950633510867},"median_abs_dev":{"confidence_interval":{"confidence_level":0.95,"lower_bound":0.011080131998342804,"upper_bound":0.030347240671621995},"point_estimate":0.018822464715956912,"standard_error":0.0048978349703806285},"slope":{"confidence_interval":{"confidence_level":0.95,"lower_bound":64.01733817717003,"upper_bound":64.0267538142868},"point_estimate":64.02182150593369,"standard_error":0.002402956775448786},"std_dev":{"confidence_interval":{"confidence_level":0.95,"lower_bound":0.036581417973834025,"upper_bound":0.12708778744652627},"point_estimate":0.08462922521674819,"standard_error":0.023751119963411452}}