{"mean":{"confidence_interval":{"confidence_level":0.95,"lower_bound":21.00479485672219,"upper_bound":21.009457799320945},"point_estimate":21.00685464358971,"standard_error":0.0012007217835482346},"median":{"confidence_interval":{"confidence_level":0.95,"lower_bound":21.002363280278256,"upper_bound":21.004896221600568},"point_estimate":21.003352669442368,"standard_error":0.0006794355225037505},"median_abs_dev":{"confidence_interval":{"confidence_level":0.95,"lower_bound":0.0018590894634376123,"upper_bound":0.004627093149531995},"point_estimate":0.0030701182402094215,"standard_error":0.0006999535952956535},"slope":{"confidence_interval":{"confidence_level":0.95,"lower_bound":21.002603358156136,"upper_bound":21.00383055263542},"point_estimate":21.003195880478252,"standard_error":0.000313310209145032},"std_dev":{"confidence_interval":{"confidence_level":0.95,"lower_bound":0.0053575009763629075,"upper_bound":0.017896567919126347},"point_estimate":0.01209589085561144,"standard_error":0.003280784859119919}}