{"mean":{"confidence_interval":{"confidence_level":0.95,"lower_bound":25.00571434091572,"upper_bound":25.01103949220214},"point_estimate":25.008019154061717,"standard_error":0.0013706802452437723},"median":{"confidence_interval":{"confidence_level":0.95,"lower_bound":25.002872141600704,"upper_bound":25.006025725593666},"point_estimate":25.00403231702562,"standard_error":0.0008344827910590156},"median_abs_dev":{"confidence_interval":{"confidence_level":0.95,"lower_bound":0.002240309675668596,"upper_bound":0.005733005403866949},"point_estimate":0.003690434584578087,"standard_error":0.0008850620778128119},"slope":{"confidence_interval":{"confidence_level":0.95,"lower_bound":25.003246360925925,"upper_bound":25.004765269362665},"point_estimate":25.003985241443452,"standard_error":0.00038663804855935735},"std_dev":{"confidence_interval":{"confidence_level":0.95,"lower_bound":0.005867349130884146,"upper_bound":0.021088826995844755},"point_estimate":0.01378114334989015,"standard_error":0.004270328530860043}}