{"mean":{"confidence_interval":{"confidence_level":0.95,"lower_bound":20.013068864967966,"upper_bound":20.025216250975657},"point_estimate":20.018309220329773,"standard_error":0.0031331278909012034},"median":{"confidence_interval":{"confidence_level":0.95,"lower_bound":20.006594860166288,"upper_bound":20.013677428643415},"point_estimate":20.00925879382952,"standard_error":0.0018804451630865205},"median_abs_dev":{"confidence_interval":{"confidence_level":0.95,"lower_bound":0.005162880758372406,"upper_bound":0.01285777351826872},"point_estimate":0.00847716537322393,"standard_error":0.001996173890863161},"slope":{"confidence_interval":{"confidence_level":0.95,"lower_bound":20.007453320992806,"upper_bound":20.010974589878124},"point_estimate":20.0091542519399,"standard_error":0.0008999817640924375},"std_dev":{"confidence_interval":{"confidence_level":0.95,"lower_bound":0.01329400775789879,"upper_bound":0.04836138265431606},"point_estimate":0.03149590981968147,"standard_error":0.009851326484073034}}