{"mean":{"confidence_interval":{"confidence_level":0.95,"lower_bound":49.01140473662874,"upper_bound":49.02211076353027},"point_estimate":49.016055827752915,"standard_error":0.0027621915569794172},"median":{"confidence_interval":{"confidence_level":0.95,"lower_bound":49.00555168914791,"upper_bound":49.01168046177304},"point_estimate":49.00771812416597,"standard_error":0.0015781033632822278},"median_abs_dev":{"confidence_interval":{"confidence_level":0.95,"lower_bound":0.004214376811131235,"upper_bound":0.011081934727082651},"point_estimate":0.0070882797343536025,"standard_error":0.001724285490889247},"slope":{"confidence_interval":{"confidence_level":0.95,"lower_bound":49.00618965857306,"upper_bound":49.00923426175487},"point_estimate":49.00765031537826,"standard_error":0.0007762044026210398},"std_dev":{"confidence_interval":{"confidence_level":0.95,"lower_bound":0.012537949808372141,"upper_bound":0.04217125086509301},"point_estimate":0.027759127537825095,"standard_error":0.008292949945804137}}