{"mean":{"confidence_interval":{"confidence_level":0.95,"lower_bound":20.00606957002717,"upper_bound":20.012778488550694},"point_estimate":20.009018078445784,"standard_error":0.0017230984751179202},"median":{"confidence_interval":{"confidence_level":0.95,"lower_bound":20.002822882365493,"upper_bound":20.005939195924242},"point_estimate":20.003924455426514,"standard_error":0.0008048460979824203},"median_abs_dev":{"confidence_interval":{"confidence_level":0.95,"lower_bound":0.002153873878657654,"upper_bound":0.005719780605068684},"point_estimate":0.003604196728375328,"standard_error":0.0008966176836617828},"slope":{"confidence_interval":{"confidence_level":0.95,"lower_bound":20.003162858533216,"upper_bound":20.00470715667696},"point_estimate":20.003904217602173,"standard_error":0.00039148239122105654},"std_dev":{"confidence_interval":{"confidence_level":0.95,"lower_bound":0.006929193512512342,"upper_bound":0.025113155111675906},"point_estimate":0.017291135689663395,"standard_error":0.0046805803881960015}}