{"mean":{"confidence_interval":{"confidence_level":0.95,"lower_bound":-0.00014905726111855418,"upper_bound":0.00013497156629896915},"point_estimate":-3.229775900170928e-6,"standard_error":0.00007222183023374521},"median":{"confidence_interval":{"confidence_level":0.95,"lower_bound":-0.00008960090846954483,"upper_bound":0.00008920209685170377},"point_estimate":6.160540370947487e-6,"standard_error":0.000045528639394513574}}