{"mean":{"confidence_interval":{"confidence_level":0.95,"lower_bound":20.00486165012302,"upper_bound":20.00948332958786},"point_estimate":20.00688094780982,"standard_error":0.0011872944392791545},"median":{"confidence_interval":{"confidence_level":0.95,"lower_bound":20.002390079227123,"upper_bound":20.004911942271285},"point_estimate":20.0033227595692,"standard_error":0.0006744751654116751},"median_abs_dev":{"confidence_interval":{"confidence_level":0.95,"lower_bound":0.001844886188802032,"upper_bound":0.004782557154780258},"point_estimate":0.0030391895407709617,"standard_error":0.0007523161020296878},"slope":{"confidence_interval":{"confidence_level":0.95,"lower_bound":20.002697702992943,"upper_bound":20.00409028393297},"point_estimate":20.00336207490989,"standard_error":0.00035511491864122365},"std_dev":{"confidence_interval":{"confidence_level":0.95,"lower_bound":0.005186576757928485,"upper_bound":0.01819189542344704},"point_estimate":0.011982045301735522,"standard_error":0.003577496361984085}}