{"mean":{"confidence_interval":{"confidence_level":0.95,"lower_bound":20.006921169988445,"upper_bound":20.013749857728342},"point_estimate":20.009921159360157,"standard_error":0.0017519931455086458},"median":{"confidence_interval":{"confidence_level":0.95,"lower_bound":20.003451613009773,"upper_bound":20.007084889862167},"point_estimate":20.00489663353569,"standard_error":0.0010032218427677656},"median_abs_dev":{"confidence_interval":{"confidence_level":0.95,"lower_bound":0.002701315207239249,"upper_bound":0.006712251190569847},"point_estimate":0.004565312721634092,"standard_error":0.0010328582222890142},"slope":{"confidence_interval":{"confidence_level":0.95,"lower_bound":20.003842690659866,"upper_bound":20.00567619679058},"point_estimate":20.00473115499914,"standard_error":0.00046767325101661997},"std_dev":{"confidence_interval":{"confidence_level":0.95,"lower_bound":0.007430530492962561,"upper_bound":0.026217259973294566},"point_estimate":0.017614996500065542,"standard_error":0.0048720227271615716}}