{"mean":{"confidence_interval":{"confidence_level":0.95,"lower_bound":16.003586692393807,"upper_bound":16.00694022081324},"point_estimate":16.005048064863875,"standard_error":0.0008634560712868009},"median":{"confidence_interval":{"confidence_level":0.95,"lower_bound":16.001791213303225,"upper_bound":16.003721271974847},"point_estimate":16.002514757593197,"standard_error":0.0005152163634557191},"median_abs_dev":{"confidence_interval":{"confidence_level":0.95,"lower_bound":0.0013875160950046288,"upper_bound":0.0035663111070924265},"point_estimate":0.00228305943395419,"standard_error":0.0005537853001767553},"slope":{"confidence_interval":{"confidence_level":0.95,"lower_bound":16.002002212381917,"upper_bound":16.002965518065945},"point_estimate":16.002466929779292,"standard_error":0.0002454949137122823},"std_dev":{"confidence_interval":{"confidence_level":0.95,"lower_bound":0.003807063192285729,"upper_bound":0.013197906430815273},"point_estimate":0.008715205292508046,"standard_error":0.0026163494791285216}}