{"mean":{"confidence_interval":{"confidence_level":0.95,"lower_bound":58.01234124658422,"upper_bound":58.0237454799621},"point_estimate":58.0173178963811,"standard_error":0.0029454412930444707},"median":{"confidence_interval":{"confidence_level":0.95,"lower_bound":58.006107092860475,"upper_bound":58.01279238025735},"point_estimate":58.008573997365694,"standard_error":0.0017839448805222183},"median_abs_dev":{"confidence_interval":{"confidence_level":0.95,"lower_bound":0.004722881550365777,"upper_bound":0.012331031299035981},"point_estimate":0.0078819492461897,"standard_error":0.0019015770946261249},"slope":{"confidence_interval":{"confidence_level":0.95,"lower_bound":58.0069370346073,"upper_bound":58.01035299710842},"point_estimate":58.00859362373231,"standard_error":0.0008735229439680364},"std_dev":{"confidence_interval":{"confidence_level":0.95,"lower_bound":0.013076780601259413,"upper_bound":0.0451183172614896},"point_estimate":0.02973266128519669,"standard_error":0.008902086516437717}}