{"mean":{"confidence_interval":{"confidence_level":0.95,"lower_bound":20.004935325885253,"upper_bound":20.00963243829294},"point_estimate":20.00697079817108,"standard_error":0.0012088670676260853},"median":{"confidence_interval":{"confidence_level":0.95,"lower_bound":20.002447077557136,"upper_bound":20.00519220881197},"point_estimate":20.003435552235388,"standard_error":0.0007159087380673799},"median_abs_dev":{"confidence_interval":{"confidence_level":0.95,"lower_bound":0.0019023281442422312,"upper_bound":0.004896219320380044},"point_estimate":0.0031455225144847534,"standard_error":0.0007559577790954201},"slope":{"confidence_interval":{"confidence_level":0.95,"lower_bound":20.00278500574923,"upper_bound":20.004105341510577},"point_estimate":20.003425592085275,"standard_error":0.00033720827383987615},"std_dev":{"confidence_interval":{"confidence_level":0.95,"lower_bound":0.00528686231216101,"upper_bound":0.018353151688272798},"point_estimate":0.012118911032449343,"standard_error":0.0035638359886466264}}