{"mean":{"confidence_interval":{"confidence_level":0.95,"lower_bound":55.027803193892325,"upper_bound":55.05403926213489},"point_estimate":55.03913386458293,"standard_error":0.006770978909981516},"median":{"confidence_interval":{"confidence_level":0.95,"lower_bound":55.013714600089074,"upper_bound":55.02913669455023},"point_estimate":55.01906644690544,"standard_error":0.0038993319060942233},"median_abs_dev":{"confidence_interval":{"confidence_level":0.95,"lower_bound":0.01042340453830725,"upper_bound":0.02782433989312567},"point_estimate":0.017510512437980682,"standard_error":0.004355604723096641},"slope":{"confidence_interval":{"confidence_level":0.95,"lower_bound":55.01533063431521,"upper_bound":55.02300367874291},"point_estimate":55.01902046117849,"standard_error":0.0019571269654427652},"std_dev":{"confidence_interval":{"confidence_level":0.95,"lower_bound":0.029210502770903788,"upper_bound":0.10353000302278989},"point_estimate":0.06777214068050448,"standard_error":0.020857125242631565}}