{"mean":{"confidence_interval":{"confidence_level":0.95,"lower_bound":18.00450051236514,"upper_bound":18.008653811044226},"point_estimate":18.006289274846296,"standard_error":0.001071696764420254},"median":{"confidence_interval":{"confidence_level":0.95,"lower_bound":18.002241334934798,"upper_bound":18.00466110989252},"point_estimate":18.00314670175575,"standard_error":0.0006464419637986711},"median_abs_dev":{"confidence_interval":{"confidence_level":0.95,"lower_bound":0.0017692112221911966,"upper_bound":0.004422037587902902},"point_estimate":0.0029160480838657738,"standard_error":0.0006848823802084185},"slope":{"confidence_interval":{"confidence_level":0.95,"lower_bound":18.002543914977256,"upper_bound":18.003747732500827},"point_estimate":18.0031251778104,"standard_error":0.00030658205240449786},"std_dev":{"confidence_interval":{"confidence_level":0.95,"lower_bound":0.0046497984127787375,"upper_bound":0.01644939956251946},"point_estimate":0.010752790555710016,"standard_error":0.003325993745587902}}