{"mean":{"confidence_interval":{"confidence_level":0.95,"lower_bound":55.03097266099425,"upper_bound":55.06042498116418},"point_estimate":55.044074762644875,"standard_error":0.007576062933689309},"median":{"confidence_interval":{"confidence_level":0.95,"lower_bound":55.014410753785235,"upper_bound":55.02999626488229},"point_estimate":55.01995013719292,"standard_error":0.004169104818782847},"median_abs_dev":{"confidence_interval":{"confidence_level":0.95,"lower_bound":0.011329544431351979,"upper_bound":0.029974341107226472},"point_estimate":0.01866406757142983,"standard_error":0.004811778975866958},"slope":{"confidence_interval":{"confidence_level":0.95,"lower_bound":55.01718137977991,"upper_bound":55.02720531675586},"point_estimate":55.02189413335811,"standard_error":0.0025618731119378766},"std_dev":{"confidence_interval":{"confidence_level":0.95,"lower_bound":0.035026406695470136,"upper_bound":0.11198350124031135},"point_estimate":0.07630618474317007,"standard_error":0.02001373399665669}}