{"mean":{"confidence_interval":{"confidence_level":0.95,"lower_bound":67.01509013753571,"upper_bound":67.02863549476763},"point_estimate":67.02094061386114,"standard_error":0.0034907657155913607},"median":{"confidence_interval":{"confidence_level":0.95,"lower_bound":67.00772254984555,"upper_bound":67.01592737750754},"point_estimate":67.01107778873856,"standard_error":0.0021924636492872984},"median_abs_dev":{"confidence_interval":{"confidence_level":0.95,"lower_bound":0.006125544060125418,"upper_bound":0.015358305148193268},"point_estimate":0.010379996972507244,"standard_error":0.0023749986203006304},"slope":{"confidence_interval":{"confidence_level":0.95,"lower_bound":67.00892025897319,"upper_bound":67.01407090445896},"point_estimate":67.0113439326178,"standard_error":0.0013174250181425538},"std_dev":{"confidence_interval":{"confidence_level":0.95,"lower_bound":0.014912209443624678,"upper_bound":0.053690354692558104},"point_estimate":0.03498252632152494,"standard_error":0.010940191775260406}}