{"mean":{"confidence_interval":{"confidence_level":0.95,"lower_bound":29.00623993320548,"upper_bound":29.012061178444576},"point_estimate":29.008767710011494,"standard_error":0.001501658470492319},"median":{"confidence_interval":{"confidence_level":0.95,"lower_bound":29.003108268887566,"upper_bound":29.006543723973824},"point_estimate":29.004363825778114,"standard_error":0.0009116005850423924},"median_abs_dev":{"confidence_interval":{"confidence_level":0.95,"lower_bound":0.002408426150537261,"upper_bound":0.0062064402211741455},"point_estimate":0.004060126289489239,"standard_error":0.0009722007156839771},"slope":{"confidence_interval":{"confidence_level":0.95,"lower_bound":29.003508952594995,"upper_bound":29.005243772323393},"point_estimate":29.00434932551829,"standard_error":0.0004401504675938879},"std_dev":{"confidence_interval":{"confidence_level":0.95,"lower_bound":0.00654605320460392,"upper_bound":0.022925801102234834},"point_estimate":0.015074096988315753,"standard_error":0.00457660566122242}}