{"mean":{"confidence_interval":{"confidence_level":0.95,"lower_bound":67.0153422608026,"upper_bound":67.02990987932073},"point_estimate":67.02170308892279,"standard_error":0.003748992700780423},"median":{"confidence_interval":{"confidence_level":0.95,"lower_bound":67.00756369426752,"upper_bound":67.01581198127775},"point_estimate":67.01061897963666,"standard_error":0.0021688999271968204},"median_abs_dev":{"confidence_interval":{"confidence_level":0.95,"lower_bound":0.0058417963815946584,"upper_bound":0.015058678953945085},"point_estimate":0.009802281837830096,"standard_error":0.002338861298936979},"slope":{"confidence_interval":{"confidence_level":0.95,"lower_bound":67.00841466547057,"upper_bound":67.0125650257081},"point_estimate":67.0104096945487,"standard_error":0.0010587091392641084},"std_dev":{"confidence_interval":{"confidence_level":0.95,"lower_bound":0.016726078110158617,"upper_bound":0.05673412620805795},"point_estimate":0.03764151821280665,"standard_error":0.010914560345750777}}