{"mean":{"confidence_interval":{"confidence_level":0.95,"lower_bound":49.01331752227847,"upper_bound":49.03013954935454},"point_estimate":49.02088501241562,"standard_error":0.004324138977712026},"median":{"confidence_interval":{"confidence_level":0.95,"lower_bound":49.005727910545936,"upper_bound":49.012058759044066},"point_estimate":49.00804164781079,"standard_error":0.0016207335424233637},"median_abs_dev":{"confidence_interval":{"confidence_level":0.95,"lower_bound":0.004398979339129552,"upper_bound":0.011559121577740803},"point_estimate":0.007510270166644148,"standard_error":0.0017714443132307277},"slope":{"confidence_interval":{"confidence_level":0.95,"lower_bound":49.0065022177313,"upper_bound":49.00975940934603},"point_estimate":49.008069851087114,"standard_error":0.0008303356348009969},"std_dev":{"confidence_interval":{"confidence_level":0.95,"lower_bound":0.022576447805659053,"upper_bound":0.059201087272693895},"point_estimate":0.04331195571931251,"standard_error":0.009436462384502029}}