{"mean":{"confidence_interval":{"confidence_level":0.95,"lower_bound":49.011234139020964,"upper_bound":49.02183662184568},"point_estimate":49.01576892231975,"standard_error":0.0027279365145121354},"median":{"confidence_interval":{"confidence_level":0.95,"lower_bound":49.00572141543134,"upper_bound":49.01190715838634},"point_estimate":49.00784630381886,"standard_error":0.0016113321082452223},"median_abs_dev":{"confidence_interval":{"confidence_level":0.95,"lower_bound":0.0044063185297448645,"upper_bound":0.011213295003091754},"point_estimate":0.007262397798594711,"standard_error":0.0017255469453862633},"slope":{"confidence_interval":{"confidence_level":0.95,"lower_bound":49.0063011926675,"upper_bound":49.00931323702054},"point_estimate":49.007754781678344,"standard_error":0.0007684565661195039},"std_dev":{"confidence_interval":{"confidence_level":0.95,"lower_bound":0.01130566075879059,"upper_bound":0.04224006601729639},"point_estimate":0.027425045655702578,"standard_error":0.00873856925804694}}