{"mean":{"confidence_interval":{"confidence_level":0.95,"lower_bound":64.02921400354087,"upper_bound":64.05650147080073},"point_estimate":64.04097200467724,"standard_error":0.007030552751393264},"median":{"confidence_interval":{"confidence_level":0.95,"lower_bound":64.01462290502793,"upper_bound":64.03001543663629},"point_estimate":64.02052969425104,"standard_error":0.004187053866534252},"median_abs_dev":{"confidence_interval":{"confidence_level":0.95,"lower_bound":0.01136873304840125,"upper_bound":0.028923851656675756},"point_estimate":0.01879657506497917,"standard_error":0.004566068331896252},"slope":{"confidence_interval":{"confidence_level":0.95,"lower_bound":64.01659690681636,"upper_bound":64.02442052149387},"point_estimate":64.0203890569829,"standard_error":0.0020002116064215245},"std_dev":{"confidence_interval":{"confidence_level":0.95,"lower_bound":0.03034501814896625,"upper_bound":0.10772852791915068},"point_estimate":0.07049200378707979,"standard_error":0.021650418346970915}}