{"mean":{"confidence_interval":{"confidence_level":0.95,"lower_bound":21.004936905458493,"upper_bound":21.009461477863447},"point_estimate":21.00688681822303,"standard_error":0.001172266357487666},"median":{"confidence_interval":{"confidence_level":0.95,"lower_bound":21.00254704104514,"upper_bound":21.005228136882128},"point_estimate":21.00361336180015,"standard_error":0.000725904423554888},"median_abs_dev":{"confidence_interval":{"confidence_level":0.95,"lower_bound":0.0019757842768580217,"upper_bound":0.0049970961075854435},"point_estimate":0.003294435679176871,"standard_error":0.0007671618786115453},"slope":{"confidence_interval":{"confidence_level":0.95,"lower_bound":21.002897960879352,"upper_bound":21.00453596566162},"point_estimate":21.003664544611205,"standard_error":0.00041910659373444055},"std_dev":{"confidence_interval":{"confidence_level":0.95,"lower_bound":0.00486008710936728,"upper_bound":0.01808809869960515},"point_estimate":0.011762899847271822,"standard_error":0.0037495373463486774}}