{"mean":{"confidence_interval":{"confidence_level":0.95,"lower_bound":65.0304640433666,"upper_bound":65.05822499288702},"point_estimate":65.04271271468052,"standard_error":0.007165521389292275},"median":{"confidence_interval":{"confidence_level":0.95,"lower_bound":65.01452906867674,"upper_bound":65.03002333419757},"point_estimate":65.0212539923131,"standard_error":0.004453350324485291},"median_abs_dev":{"confidence_interval":{"confidence_level":0.95,"lower_bound":0.01142610079395347,"upper_bound":0.029615606409918723},"point_estimate":0.02002752449732211,"standard_error":0.00494781258313084},"slope":{"confidence_interval":{"confidence_level":0.95,"lower_bound":65.0173605018119,"upper_bound":65.0274895907894},"point_estimate":65.0220748296431,"standard_error":0.0025854262533445025},"std_dev":{"confidence_interval":{"confidence_level":0.95,"lower_bound":0.03380817639865992,"upper_bound":0.10748592847583209},"point_estimate":0.07192140546016111,"standard_error":0.020256941074768806}}