{"mean":{"confidence_interval":{"confidence_level":0.95,"lower_bound":21.00485480907868,"upper_bound":21.00957751205885},"point_estimate":21.006906443310353,"standard_error":0.0012177314389897722},"median":{"confidence_interval":{"confidence_level":0.95,"lower_bound":21.002341535328043,"upper_bound":21.004969564390336},"point_estimate":21.003259606750653,"standard_error":0.0006531177839552864},"median_abs_dev":{"confidence_interval":{"confidence_level":0.95,"lower_bound":0.001722359153419712,"upper_bound":0.004575713590558658},"point_estimate":0.0029671088868536482,"standard_error":0.0007110007641942144},"slope":{"confidence_interval":{"confidence_level":0.95,"lower_bound":21.002616913306646,"upper_bound":21.003891827081024},"point_estimate":21.00323167187921,"standard_error":0.0003260419089913026},"std_dev":{"confidence_interval":{"confidence_level":0.95,"lower_bound":0.0053779551797516634,"upper_bound":0.0185297833470137},"point_estimate":0.012217058055455345,"standard_error":0.0036382996591568548}}