{"mean":{"confidence_interval":{"confidence_level":0.95,"lower_bound":65.01535079098507,"upper_bound":65.02872517947658},"point_estimate":65.02110821228776,"standard_error":0.0034534114850173726},"median":{"confidence_interval":{"confidence_level":0.95,"lower_bound":65.00835164835165,"upper_bound":65.01631790348489},"point_estimate":65.0124442586399,"standard_error":0.0022394494674185875},"median_abs_dev":{"confidence_interval":{"confidence_level":0.95,"lower_bound":0.007023861397936771,"upper_bound":0.015641602519504826},"point_estimate":0.011569149682656403,"standard_error":0.0023094518137788157},"slope":{"confidence_interval":{"confidence_level":0.95,"lower_bound":65.00961147877975,"upper_bound":65.01375197492543},"point_estimate":65.01166105607116,"standard_error":0.001056725359653823},"std_dev":{"confidence_interval":{"confidence_level":0.95,"lower_bound":0.014704898308280931,"upper_bound":0.05327253044410752},"point_estimate":0.03473875498992326,"standard_error":0.010897837006612367}}