{"mean":{"confidence_interval":{"confidence_level":0.95,"lower_bound":19.005022494870364,"upper_bound":19.00976686829987},"point_estimate":19.00710259747764,"standard_error":0.0012227497545695555},"median":{"confidence_interval":{"confidence_level":0.95,"lower_bound":19.002483766388103,"upper_bound":19.005098257322953},"point_estimate":19.003523597157727,"standard_error":0.000708230185251427},"median_abs_dev":{"confidence_interval":{"confidence_level":0.95,"lower_bound":0.0019467808355133488,"upper_bound":0.00488738728334656},"point_estimate":0.0032266407682167574,"standard_error":0.0007452779170570549},"slope":{"confidence_interval":{"confidence_level":0.95,"lower_bound":19.002799927034225,"upper_bound":19.004146517558333},"point_estimate":19.003450313603405,"standard_error":0.00034391499764984264},"std_dev":{"confidence_interval":{"confidence_level":0.95,"lower_bound":0.005490084366033638,"upper_bound":0.018367933534168587},"point_estimate":0.012265653299492217,"standard_error":0.0034580562721799094}}