{"mean":{"confidence_interval":{"confidence_level":0.95,"lower_bound":-0.00013714274047280371,"upper_bound":0.00018573337325961667},"point_estimate":0.000016508151207572652,"standard_error":0.00008018939902450293},"median":{"confidence_interval":{"confidence_level":0.95,"lower_bound":-0.00009484633987522084,"upper_bound":0.00009519651417222441},"point_estimate":-5.379741597755228e-7,"standard_error":0.00004768253337816906}}