{"mean":{"confidence_interval":{"confidence_level":0.95,"lower_bound":16.00364217531376,"upper_bound":16.007031567765782},"point_estimate":16.005116418656684,"standard_error":0.0008767979820117005},"median":{"confidence_interval":{"confidence_level":0.95,"lower_bound":16.001806168920783,"upper_bound":16.003721250265215},"point_estimate":16.002535754396177,"standard_error":0.0005207880567017439},"median_abs_dev":{"confidence_interval":{"confidence_level":0.95,"lower_bound":0.0013895723069787768,"upper_bound":0.0036408556296966235},"point_estimate":0.002291932091778408,"standard_error":0.0005671896041718465},"slope":{"confidence_interval":{"confidence_level":0.95,"lower_bound":16.002052704522086,"upper_bound":16.003079919570812},"point_estimate":16.00254743627044,"standard_error":0.000262859891128768},"std_dev":{"confidence_interval":{"confidence_level":0.95,"lower_bound":0.0038615191543141694,"upper_bound":0.013355920866112897},"point_estimate":0.008797941719284488,"standard_error":0.0026464557055670087}}