{"mean":{"confidence_interval":{"confidence_level":0.95,"lower_bound":22.005289386342668,"upper_bound":22.01120441768959},"point_estimate":22.00789283979959,"standard_error":0.0015285010955530377},"median":{"confidence_interval":{"confidence_level":0.95,"lower_bound":22.002613301295916,"upper_bound":22.00538437629507},"point_estimate":22.0036489429206,"standard_error":0.0007172721144992324},"median_abs_dev":{"confidence_interval":{"confidence_level":0.95,"lower_bound":0.002008781883949469,"upper_bound":0.005032340209952383},"point_estimate":0.003321882346157015,"standard_error":0.0007597395448729252},"slope":{"confidence_interval":{"confidence_level":0.95,"lower_bound":22.002941581366912,"upper_bound":22.00435928632597},"point_estimate":22.003623219188405,"standard_error":0.0003623746105793829},"std_dev":{"confidence_interval":{"confidence_level":0.95,"lower_bound":0.005585210998278926,"upper_bound":0.022585469489503702},"point_estimate":0.015430121005838727,"standard_error":0.004343773562081873}}