{"mean":{"confidence_interval":{"confidence_level":0.95,"lower_bound":40.00863450012136,"upper_bound":40.01675180066672},"point_estimate":40.01214010912915,"standard_error":0.0020970430154479292},"median":{"confidence_interval":{"confidence_level":0.95,"lower_bound":40.00428078684549,"upper_bound":40.00913739341687},"point_estimate":40.00595127780416,"standard_error":0.0012177521708529096},"median_abs_dev":{"confidence_interval":{"confidence_level":0.95,"lower_bound":0.0032983050444855065,"upper_bound":0.008469402616538352},"point_estimate":0.005443385499289484,"standard_error":0.001311652567490688},"slope":{"confidence_interval":{"confidence_level":0.95,"lower_bound":40.00482020373502,"upper_bound":40.007133029180885},"point_estimate":40.00593834639532,"standard_error":0.0005925748474017843},"std_dev":{"confidence_interval":{"confidence_level":0.95,"lower_bound":0.00889885332272935,"upper_bound":0.03219917500342408},"point_estimate":0.02099833101535992,"standard_error":0.006547917337358889}}