{"mean":{"confidence_interval":{"confidence_level":0.95,"lower_bound":39.007181575021626,"upper_bound":39.013880640996746},"point_estimate":39.01006445957615,"standard_error":0.001723806290054366},"median":{"confidence_interval":{"confidence_level":0.95,"lower_bound":39.003624158286065,"upper_bound":39.00762838894063},"point_estimate":39.005060398792025,"standard_error":0.0010266780034929321},"median_abs_dev":{"confidence_interval":{"confidence_level":0.95,"lower_bound":0.0027826940942779236,"upper_bound":0.00727389481717066},"point_estimate":0.004661704741518944,"standard_error":0.0011278803601758136},"slope":{"confidence_interval":{"confidence_level":0.95,"lower_bound":39.00409519886051,"upper_bound":39.006273343261704},"point_estimate":39.005139146396914,"standard_error":0.000556157087723243},"std_dev":{"confidence_interval":{"confidence_level":0.95,"lower_bound":0.007158239201865926,"upper_bound":0.026767014352628404},"point_estimate":0.017382541547476885,"standard_error":0.0055224184610684}}