{"mean":{"confidence_interval":{"confidence_level":0.95,"lower_bound":21.004851372540365,"upper_bound":21.009321762071217},"point_estimate":21.006787362655913,"standard_error":0.0011544461561507093},"median":{"confidence_interval":{"confidence_level":0.95,"lower_bound":21.002469573437317,"upper_bound":21.005240289664254},"point_estimate":21.00350346231683,"standard_error":0.0007126484753937396},"median_abs_dev":{"confidence_interval":{"confidence_level":0.95,"lower_bound":0.001940536441975877,"upper_bound":0.004958696431178201},"point_estimate":0.003224564408032553,"standard_error":0.0007604916240688672},"slope":{"confidence_interval":{"confidence_level":0.95,"lower_bound":21.002824294959513,"upper_bound":21.004214766838867},"point_estimate":21.003496743140165,"standard_error":0.00035420635446015456},"std_dev":{"confidence_interval":{"confidence_level":0.95,"lower_bound":0.004953979658613699,"upper_bound":0.017721328464285327},"point_estimate":0.01161533607224153,"standard_error":0.00357096297817476}}