{"mean":{"confidence_interval":{"confidence_level":0.95,"lower_bound":59.014363160678506,"upper_bound":59.02862442700504},"point_estimate":59.02064222952374,"standard_error":0.003671460697361124},"median":{"confidence_interval":{"confidence_level":0.95,"lower_bound":59.00705871227473,"upper_bound":59.01525941285111},"point_estimate":59.01001384777069,"standard_error":0.002103310163908973},"median_abs_dev":{"confidence_interval":{"confidence_level":0.95,"lower_bound":0.005563356680344244,"upper_bound":0.014195881475410076},"point_estimate":0.009330055229918777,"standard_error":0.0021831759151688247},"slope":{"confidence_interval":{"confidence_level":0.95,"lower_bound":59.008112864696756,"upper_bound":59.012145273630416},"point_estimate":59.01007061947407,"standard_error":0.0010292278490776211},"std_dev":{"confidence_interval":{"confidence_level":0.95,"lower_bound":0.015275991793635164,"upper_bound":0.0544132716008258},"point_estimate":0.03699080778496223,"standard_error":0.010080526799763906}}