{"mean":{"confidence_interval":{"confidence_level":0.95,"lower_bound":64.02996626782337,"upper_bound":64.05800637448168},"point_estimate":64.04207719989944,"standard_error":0.007225176176556207},"median":{"confidence_interval":{"confidence_level":0.95,"lower_bound":64.0144683203206,"upper_bound":64.03011606024685},"point_estimate":64.02011429129628,"standard_error":0.004080000699019455},"median_abs_dev":{"confidence_interval":{"confidence_level":0.95,"lower_bound":0.011102475696263688,"upper_bound":0.02851265492554382},"point_estimate":0.018397703009973405,"standard_error":0.004521502538928401},"slope":{"confidence_interval":{"confidence_level":0.95,"lower_bound":64.0166475832279,"upper_bound":64.02651542365014},"point_estimate":64.02118440976058,"standard_error":0.002524911496397949},"std_dev":{"confidence_interval":{"confidence_level":0.95,"lower_bound":0.032643336881127215,"upper_bound":0.1097992347934129},"point_estimate":0.07218264512378554,"standard_error":0.021670739894576775}}