{"mean":{"confidence_interval":{"confidence_level":0.95,"lower_bound":18.01195691737682,"upper_bound":18.022923875526782},"point_estimate":18.016691668229214,"standard_error":0.0028366882839678488},"median":{"confidence_interval":{"confidence_level":0.95,"lower_bound":18.006069084233282,"upper_bound":18.012351287436296},"point_estimate":18.008380422510687,"standard_error":0.001711840290812583},"median_abs_dev":{"confidence_interval":{"confidence_level":0.95,"lower_bound":0.00473923174131457,"upper_bound":0.011939469735973828},"point_estimate":0.007672946263698841,"standard_error":0.0018663690401526504},"slope":{"confidence_interval":{"confidence_level":0.95,"lower_bound":18.006881162047772,"upper_bound":18.010481973292457},"point_estimate":18.008605905073907,"standard_error":0.0009207826667464803},"std_dev":{"confidence_interval":{"confidence_level":0.95,"lower_bound":0.012066736897215633,"upper_bound":0.04364869237754762},"point_estimate":0.028523670609051827,"standard_error":0.008903917718612079}}