{"mean":{"confidence_interval":{"confidence_level":0.95,"lower_bound":20.01391883333376,"upper_bound":20.02715606197368},"point_estimate":20.019734043493166,"standard_error":0.0033956188613573396},"median":{"confidence_interval":{"confidence_level":0.95,"lower_bound":20.006941958069778,"upper_bound":20.01434212976656},"point_estimate":20.00995805096334,"standard_error":0.001982035366484813},"median_abs_dev":{"confidence_interval":{"confidence_level":0.95,"lower_bound":0.005508171066748445,"upper_bound":0.013502316464745399},"point_estimate":0.009175800216869302,"standard_error":0.002049192593136332},"slope":{"confidence_interval":{"confidence_level":0.95,"lower_bound":20.008183819285122,"upper_bound":20.012802103319025},"point_estimate":20.010341395259097,"standard_error":0.0011734628366634435},"std_dev":{"confidence_interval":{"confidence_level":0.95,"lower_bound":0.01510483124704427,"upper_bound":0.05094692666505116},"point_estimate":0.03425689924094748,"standard_error":0.009397922722897618}}