{"mean":{"confidence_interval":{"confidence_level":0.95,"lower_bound":46.01017995149576,"upper_bound":46.019917321100024},"point_estimate":46.014432038350805,"standard_error":0.002506172020117653},"median":{"confidence_interval":{"confidence_level":0.95,"lower_bound":46.00504609084895,"upper_bound":46.010888932884576},"point_estimate":46.00701522630092,"standard_error":0.001456259194313254},"median_abs_dev":{"confidence_interval":{"confidence_level":0.95,"lower_bound":0.003813458459459066,"upper_bound":0.010107792668799478},"point_estimate":0.006529184389995853,"standard_error":0.0015520221562221094},"slope":{"confidence_interval":{"confidence_level":0.95,"lower_bound":46.00559702822134,"upper_bound":46.00827190810448},"point_estimate":46.006899222726474,"standard_error":0.0006836484586892355},"std_dev":{"confidence_interval":{"confidence_level":0.95,"lower_bound":0.01093526400778792,"upper_bound":0.03827998736764698},"point_estimate":0.025237393606378125,"standard_error":0.007587240558328491}}