{"mean":{"confidence_interval":{"confidence_level":0.95,"lower_bound":21.004952193032306,"upper_bound":21.012503300285342},"point_estimate":21.00810237992214,"standard_error":0.0019635634584689045},"median":{"confidence_interval":{"confidence_level":0.95,"lower_bound":21.0024477653893,"upper_bound":21.005178651979513},"point_estimate":21.003380247442365,"standard_error":0.0007066307856588146},"median_abs_dev":{"confidence_interval":{"confidence_level":0.95,"lower_bound":0.001879858256166316,"upper_bound":0.004879952878788841},"point_estimate":0.0031501940040853053,"standard_error":0.0007440072825739395},"slope":{"confidence_interval":{"confidence_level":0.95,"lower_bound":21.00272320476258,"upper_bound":21.004029576539896},"point_estimate":21.003358529554177,"standard_error":0.0003333962124191291},"std_dev":{"confidence_interval":{"confidence_level":0.95,"lower_bound":0.005149764126592458,"upper_bound":0.031283129971169575},"point_estimate":0.019775928564407852,"standard_error":0.00710206304548967}}