{"mean":{"confidence_interval":{"confidence_level":0.95,"lower_bound":21.005622938148033,"upper_bound":21.010747109609927},"point_estimate":21.00789781810517,"standard_error":0.0013187368395270254},"median":{"confidence_interval":{"confidence_level":0.95,"lower_bound":21.002561776818983,"upper_bound":21.005393214355756},"point_estimate":21.003596583218773,"standard_error":0.0007382454956475202},"median_abs_dev":{"confidence_interval":{"confidence_level":0.95,"lower_bound":0.002010506242324442,"upper_bound":0.005297760471609037},"point_estimate":0.003355484512564342,"standard_error":0.0008458743696005001},"slope":{"confidence_interval":{"confidence_level":0.95,"lower_bound":21.003169566297032,"upper_bound":21.005537096217612},"point_estimate":21.00424365930518,"standard_error":0.0006047806257759907},"std_dev":{"confidence_interval":{"confidence_level":0.95,"lower_bound":0.006641005241395226,"upper_bound":0.019499814803216168},"point_estimate":0.013252123120104396,"standard_error":0.0035000090387686394}}