{"mean":{"confidence_interval":{"confidence_level":0.95,"lower_bound":47.01112424404946,"upper_bound":47.021786327915606},"point_estimate":47.01580149168976,"standard_error":0.0027398182748727437},"median":{"confidence_interval":{"confidence_level":0.95,"lower_bound":47.00547464375524,"upper_bound":47.01129656674242},"point_estimate":47.007686076208095,"standard_error":0.0015730670987951975},"median_abs_dev":{"confidence_interval":{"confidence_level":0.95,"lower_bound":0.004212516813569499,"upper_bound":0.01093071415132117},"point_estimate":0.007178194096829429,"standard_error":0.0017011366157058691},"slope":{"confidence_interval":{"confidence_level":0.95,"lower_bound":47.00614296302801,"upper_bound":47.009225170850506},"point_estimate":47.00762126021812,"standard_error":0.0007863374278617109},"std_dev":{"confidence_interval":{"confidence_level":0.95,"lower_bound":0.012129208306848887,"upper_bound":0.04146072105532622},"point_estimate":0.02759113969983156,"standard_error":0.007868380698945231}}