{"mean":{"confidence_interval":{"confidence_level":0.95,"lower_bound":19.004699728524763,"upper_bound":19.009010441661864},"point_estimate":19.006577026588623,"standard_error":0.001107527283936432},"median":{"confidence_interval":{"confidence_level":0.95,"lower_bound":19.002415078324596,"upper_bound":19.005015705251367},"point_estimate":19.00337709365117,"standard_error":0.0007084002689426287},"median_abs_dev":{"confidence_interval":{"confidence_level":0.95,"lower_bound":0.0019436202785641451,"upper_bound":0.004782481132743851},"point_estimate":0.0031082554928157026,"standard_error":0.0007235894842431926},"slope":{"confidence_interval":{"confidence_level":0.95,"lower_bound":19.00267529823012,"upper_bound":19.003916538697524},"point_estimate":19.003276284403732,"standard_error":0.00031702561694716335},"std_dev":{"confidence_interval":{"confidence_level":0.95,"lower_bound":0.004859990670345915,"upper_bound":0.017019417574249445},"point_estimate":0.011174836070890799,"standard_error":0.0034190758833868773}}