{"mean":{"confidence_interval":{"confidence_level":0.95,"lower_bound":-0.00016761302274485298,"upper_bound":0.0003921729259595273},"point_estimate":0.00007934375045204334,"standard_error":0.0001421793312912933},"median":{"confidence_interval":{"confidence_level":0.95,"lower_bound":-0.00009344783807341273,"upper_bound":0.00010744610612456462},"point_estimate":3.0201537255525324e-6,"standard_error":0.00004955285267740864}}