{"mean":{"confidence_interval":{"confidence_level":0.95,"lower_bound":-0.0001619552686972725,"upper_bound":0.0001760113261044303},"point_estimate":0.000011136341578232845,"standard_error":0.00008520626992441672},"median":{"confidence_interval":{"confidence_level":0.95,"lower_bound":-0.00009674889877553383,"upper_bound":0.00008803889593766989},"point_estimate":3.7532395880113256e-7,"standard_error":0.00004621445880637491}}