{"mean":{"confidence_interval":{"confidence_level":0.95,"lower_bound":46.026010821835754,"upper_bound":46.050281793345334},"point_estimate":46.036510662413086,"standard_error":0.006258459652088256},"median":{"confidence_interval":{"confidence_level":0.95,"lower_bound":46.01308095952024,"upper_bound":46.02708339707697},"point_estimate":46.01836489390773,"standard_error":0.003762503592926071},"median_abs_dev":{"confidence_interval":{"confidence_level":0.95,"lower_bound":0.010169931112780042,"upper_bound":0.025665927403302067},"point_estimate":0.017018744656107077,"standard_error":0.004027577672129136},"slope":{"confidence_interval":{"confidence_level":0.95,"lower_bound":46.014845528261155,"upper_bound":46.02190502169405},"point_estimate":46.01828549298574,"standard_error":0.0018056455605135145},"std_dev":{"confidence_interval":{"confidence_level":0.95,"lower_bound":0.02663052643777284,"upper_bound":0.0959284567160473},"point_estimate":0.06272526087533209,"standard_error":0.019482092413568276}}