{"mean":{"confidence_interval":{"confidence_level":0.95,"lower_bound":21.004911238143464,"upper_bound":21.009537290706977},"point_estimate":21.00689016109722,"standard_error":0.0011970451496875034},"median":{"confidence_interval":{"confidence_level":0.95,"lower_bound":21.002500353585354,"upper_bound":21.005294309296264},"point_estimate":21.003482708847606,"standard_error":0.0006979840850267176},"median_abs_dev":{"confidence_interval":{"confidence_level":0.95,"lower_bound":0.0019174667544028215,"upper_bound":0.004890281957286373},"point_estimate":0.0032083163828470263,"standard_error":0.0007468834407056362},"slope":{"confidence_interval":{"confidence_level":0.95,"lower_bound":21.002795726754876,"upper_bound":21.004121808393514},"point_estimate":21.003434584053863,"standard_error":0.0003383809629989811},"std_dev":{"confidence_interval":{"confidence_level":0.95,"lower_bound":0.004926604443859227,"upper_bound":0.0185085059047244},"point_estimate":0.011971859971715937,"standard_error":0.003826212715950214}}