{"mean":{"confidence_interval":{"confidence_level":0.95,"lower_bound":21.005247137609338,"upper_bound":21.00983667551326},"point_estimate":21.007249382543158,"standard_error":0.0011827385588208182},"median":{"confidence_interval":{"confidence_level":0.95,"lower_bound":21.002662196554176,"upper_bound":21.00542220797367},"point_estimate":21.00386428069056,"standard_error":0.00075213916930757},"median_abs_dev":{"confidence_interval":{"confidence_level":0.95,"lower_bound":0.0021843288208451897,"upper_bound":0.005265019202726909},"point_estimate":0.0036278077317763915,"standard_error":0.0008027573713137366},"slope":{"confidence_interval":{"confidence_level":0.95,"lower_bound":21.003125952649278,"upper_bound":21.004968210042968},"point_estimate":21.003984303458886,"standard_error":0.000470123492953352},"std_dev":{"confidence_interval":{"confidence_level":0.95,"lower_bound":0.005393765695098443,"upper_bound":0.01810005129188514},"point_estimate":0.01191445280100884,"standard_error":0.003571714565480664}}