{"mean":{"confidence_interval":{"confidence_level":0.95,"lower_bound":36.00761466292187,"upper_bound":36.01487365992368},"point_estimate":36.01078871966819,"standard_error":0.001867793709265035},"median":{"confidence_interval":{"confidence_level":0.95,"lower_bound":36.00375305272231,"upper_bound":36.00780488252177},"point_estimate":36.00526906416679,"standard_error":0.0010509265046259057},"median_abs_dev":{"confidence_interval":{"confidence_level":0.95,"lower_bound":0.002906316929741214,"upper_bound":0.007406320143281834},"point_estimate":0.00486382437406783,"standard_error":0.0011356615893366063},"slope":{"confidence_interval":{"confidence_level":0.95,"lower_bound":36.00413782161103,"upper_bound":36.00616880594944},"point_estimate":36.00511324902128,"standard_error":0.0005189486951765639},"std_dev":{"confidence_interval":{"confidence_level":0.95,"lower_bound":0.008373856682464403,"upper_bound":0.028258112899639917},"point_estimate":0.018816926293510415,"standard_error":0.005394932678551041}}