{"mean":{"confidence_interval":{"confidence_level":0.95,"lower_bound":25.00572487520843,"upper_bound":25.011062932442652},"point_estimate":25.00802509892349,"standard_error":0.0013733152740368056},"median":{"confidence_interval":{"confidence_level":0.95,"lower_bound":25.002862926547138,"upper_bound":25.00582109180447},"point_estimate":25.003926194797337,"standard_error":0.0007985261337292581},"median_abs_dev":{"confidence_interval":{"confidence_level":0.95,"lower_bound":0.002210699141795893,"upper_bound":0.005698068587510936},"point_estimate":0.0036747725758992217,"standard_error":0.0008914542695884661},"slope":{"confidence_interval":{"confidence_level":0.95,"lower_bound":25.00322403573296,"upper_bound":25.00487880113337},"point_estimate":25.004016285648905,"standard_error":0.0004216977913876716},"std_dev":{"confidence_interval":{"confidence_level":0.95,"lower_bound":0.005841310604924484,"upper_bound":0.021196085158346364},"point_estimate":0.013816336614568346,"standard_error":0.004326546738457529}}