{"mean":{"confidence_interval":{"confidence_level":0.95,"lower_bound":-0.00018595678572559668,"upper_bound":0.00011662086198114256},"point_estimate":-0.0000240368573088956,"standard_error":0.00007750094189909823},"median":{"confidence_interval":{"confidence_level":0.95,"lower_bound":-0.0000875925409076217,"upper_bound":0.00008528768645676976},"point_estimate":1.8447283427480698e-6,"standard_error":0.00004312254833810344}}