{"mean":{"confidence_interval":{"confidence_level":0.95,"lower_bound":50.01167228492297,"upper_bound":50.02305558962928},"point_estimate":50.01664854074195,"standard_error":0.0029330575816147847},"median":{"confidence_interval":{"confidence_level":0.95,"lower_bound":50.005764563106794,"upper_bound":50.012098759697125},"point_estimate":50.00809310583959,"standard_error":0.0016473246430906334},"median_abs_dev":{"confidence_interval":{"confidence_level":0.95,"lower_bound":0.0044285328065718724,"upper_bound":0.011297152042488719},"point_estimate":0.007462169685008285,"standard_error":0.0017186376652067446},"slope":{"confidence_interval":{"confidence_level":0.95,"lower_bound":50.00636087988945,"upper_bound":50.00936703144145},"point_estimate":50.007817541933875,"standard_error":0.0007678507851143641},"std_dev":{"confidence_interval":{"confidence_level":0.95,"lower_bound":0.01289558725159086,"upper_bound":0.04410022169547553},"point_estimate":0.029422216580639537,"standard_error":0.008291703869903409}}