{"mean":{"confidence_interval":{"confidence_level":0.95,"lower_bound":19.0048511611131,"upper_bound":19.00941382214759},"point_estimate":19.00685025922997,"standard_error":0.0011721549608056353},"median":{"confidence_interval":{"confidence_level":0.95,"lower_bound":19.002409394100788,"upper_bound":19.004971963379596},"point_estimate":19.0034180888533,"standard_error":0.0006994314349067179},"median_abs_dev":{"confidence_interval":{"confidence_level":0.95,"lower_bound":0.00193226516609712,"upper_bound":0.004731837013179124},"point_estimate":0.0031300243330190905,"standard_error":0.000725329697859431},"slope":{"confidence_interval":{"confidence_level":0.95,"lower_bound":19.002710728625946,"upper_bound":19.003961921921096},"point_estimate":19.003317515949302,"standard_error":0.00032010733718058356},"std_dev":{"confidence_interval":{"confidence_level":0.95,"lower_bound":0.005348543326867545,"upper_bound":0.01771893750000001},"point_estimate":0.011790880935278965,"standard_error":0.0033602475380121516}}