{"mean":{"confidence_interval":{"confidence_level":0.95,"lower_bound":-0.00015008148526865495,"upper_bound":0.0001279350820743929},"point_estimate":-6.337554442903404e-6,"standard_error":0.00007028525294374},"median":{"confidence_interval":{"confidence_level":0.95,"lower_bound":-0.0000895068127565457,"upper_bound":0.00007937880081265725},"point_estimate":-2.8088376907708934e-6,"standard_error":0.00004127759583744651}}