{"mean":{"confidence_interval":{"confidence_level":0.95,"lower_bound":19.004770416252853,"upper_bound":19.009155213816097},"point_estimate":19.00666928243423,"standard_error":0.0011311900723440136},"median":{"confidence_interval":{"confidence_level":0.95,"lower_bound":19.002486200989722,"upper_bound":19.004975877995243},"point_estimate":19.00347654711337,"standard_error":0.0007064672855894416},"median_abs_dev":{"confidence_interval":{"confidence_level":0.95,"lower_bound":0.0019795252648027064,"upper_bound":0.004779463120314804},"point_estimate":0.003185932555749219,"standard_error":0.0007265125298493918},"slope":{"confidence_interval":{"confidence_level":0.95,"lower_bound":19.002751692650072,"upper_bound":19.003991726762923},"point_estimate":19.00335446509004,"standard_error":0.0003162199500355737},"std_dev":{"confidence_interval":{"confidence_level":0.95,"lower_bound":0.004809211329334402,"upper_bound":0.017480641924681278},"point_estimate":0.011399190693708134,"standard_error":0.0035737055909359516}}