{"mean":{"confidence_interval":{"confidence_level":0.95,"lower_bound":20.004067730857624,"upper_bound":20.010307532602106},"point_estimate":20.006686041058234,"standard_error":0.0016246575766391837},"median":{"confidence_interval":{"confidence_level":0.95,"lower_bound":20.001936751289318,"upper_bound":20.004164015272032},"point_estimate":20.002644485505424,"standard_error":0.0005307278987551749},"median_abs_dev":{"confidence_interval":{"confidence_level":0.95,"lower_bound":0.001438038724705203,"upper_bound":0.0038025605744973303},"point_estimate":0.002440272181433808,"standard_error":0.0005910698900171669},"slope":{"confidence_interval":{"confidence_level":0.95,"lower_bound":20.00217551253894,"upper_bound":20.00324638752247},"point_estimate":20.002692337150574,"standard_error":0.00027306266084916117},"std_dev":{"confidence_interval":{"confidence_level":0.95,"lower_bound":0.0041782596953011605,"upper_bound":0.025853892803139246},"point_estimate":0.01635545607783491,"standard_error":0.005839375388560285}}