{"mean":{"confidence_interval":{"confidence_level":0.95,"lower_bound":65.01854293525572,"upper_bound":65.05247741906736},"point_estimate":65.03324892158656,"standard_error":0.00874523292942906},"median":{"confidence_interval":{"confidence_level":0.95,"lower_bound":65.0078214464811,"upper_bound":65.01562185719075},"point_estimate":65.01135313039218,"standard_error":0.002194806567555452},"median_abs_dev":{"confidence_interval":{"confidence_level":0.95,"lower_bound":0.00647280985748682,"upper_bound":0.01546650308630304},"point_estimate":0.010585878929758657,"standard_error":0.002367538637179101},"slope":{"confidence_interval":{"confidence_level":0.95,"lower_bound":65.0099266452452,"upper_bound":65.0462320093382},"point_estimate":65.02335067753708,"standard_error":0.009794615217794697},"std_dev":{"confidence_interval":{"confidence_level":0.95,"lower_bound":0.028766671714730407,"upper_bound":0.13292386558766775},"point_estimate":0.08818554944472974,"standard_error":0.0268627152043716}}