{"mean":{"confidence_interval":{"confidence_level":0.95,"lower_bound":31.006925518525744,"upper_bound":31.01570907794111},"point_estimate":31.010721621189408,"standard_error":0.002271786516971868},"median":{"confidence_interval":{"confidence_level":0.95,"lower_bound":31.003359424486472,"upper_bound":31.007133592736707},"point_estimate":31.004679297140385,"standard_error":0.0009668951329345023},"median_abs_dev":{"confidence_interval":{"confidence_level":0.95,"lower_bound":0.00259086930071573,"upper_bound":0.006805521611733442},"point_estimate":0.004348938538131806,"standard_error":0.0010637862240312158},"slope":{"confidence_interval":{"confidence_level":0.95,"lower_bound":31.003791448348867,"upper_bound":31.005751662171328},"point_estimate":31.004733577556607,"standard_error":0.0005003087290834508},"std_dev":{"confidence_interval":{"confidence_level":0.95,"lower_bound":0.007172754964907164,"upper_bound":0.0346072924352376},"point_estimate":0.02287451572642101,"standard_error":0.0071124951080123525}}