{"mean":{"confidence_interval":{"confidence_level":0.95,"lower_bound":16.003677411494948,"upper_bound":16.007153795508927},"point_estimate":16.005206217453846,"standard_error":0.0008966292987917387},"median":{"confidence_interval":{"confidence_level":0.95,"lower_bound":16.001766432716966,"upper_bound":16.003610133286138},"point_estimate":16.00247996711495,"standard_error":0.0005069547598751132},"median_abs_dev":{"confidence_interval":{"confidence_level":0.95,"lower_bound":0.0013670844062474838,"upper_bound":0.0036271331662224666},"point_estimate":0.0022632331957532364,"standard_error":0.0005816213738296855},"slope":{"confidence_interval":{"confidence_level":0.95,"lower_bound":16.00203503115626,"upper_bound":16.003084043768908},"point_estimate":16.002536857678894,"standard_error":0.0002680280258098656},"std_dev":{"confidence_interval":{"confidence_level":0.95,"lower_bound":0.003949298250572443,"upper_bound":0.013467089934281555},"point_estimate":0.009008280852896495,"standard_error":0.002530125322653291}}