{"mean":{"confidence_interval":{"confidence_level":0.95,"lower_bound":21.004853810744148,"upper_bound":21.009528322030853},"point_estimate":21.006884668553415,"standard_error":0.0011970705181117008},"median":{"confidence_interval":{"confidence_level":0.95,"lower_bound":21.002428425357873,"upper_bound":21.00503888579042},"point_estimate":21.003409365650214,"standard_error":0.0006901622755396308},"median_abs_dev":{"confidence_interval":{"confidence_level":0.95,"lower_bound":0.001905146775118764,"upper_bound":0.00473137461389591},"point_estimate":0.0030815423442044974,"standard_error":0.0007270194411602458},"slope":{"confidence_interval":{"confidence_level":0.95,"lower_bound":21.002717243382744,"upper_bound":21.003965161223096},"point_estimate":21.00332242307648,"standard_error":0.0003197290092738156},"std_dev":{"confidence_interval":{"confidence_level":0.95,"lower_bound":0.005192757891032988,"upper_bound":0.018213872233081227},"point_estimate":0.01201979058585605,"standard_error":0.00354040217781168}}