{"mean":{"confidence_interval":{"confidence_level":0.95,"lower_bound":58.013193970016786,"upper_bound":58.02525230243543},"point_estimate":58.01840540170181,"standard_error":0.0031053031531080282},"median":{"confidence_interval":{"confidence_level":0.95,"lower_bound":58.00659647262306,"upper_bound":58.013540128015755},"point_estimate":58.009358091121996,"standard_error":0.0019070351228659633},"median_abs_dev":{"confidence_interval":{"confidence_level":0.95,"lower_bound":0.005199736840920584,"upper_bound":0.012996568683857387},"point_estimate":0.008585654492244674,"standard_error":0.002043976045735455},"slope":{"confidence_interval":{"confidence_level":0.95,"lower_bound":58.00753845937636,"upper_bound":58.011225576677674},"point_estimate":58.0093222350741,"standard_error":0.0009416111420105454},"std_dev":{"confidence_interval":{"confidence_level":0.95,"lower_bound":0.013681373063191875,"upper_bound":0.04739381489221982},"point_estimate":0.031139793063535072,"standard_error":0.009448062850561956}}