{"mean":{"confidence_interval":{"confidence_level":0.95,"lower_bound":64.0330880233393,"upper_bound":64.06276147610893},"point_estimate":64.04618155394944,"standard_error":0.0076208531357514825},"median":{"confidence_interval":{"confidence_level":0.95,"lower_bound":64.01595250632616,"upper_bound":64.0321010420619},"point_estimate":64.02254620894095,"standard_error":0.004585899924969145},"median_abs_dev":{"confidence_interval":{"confidence_level":0.95,"lower_bound":0.012932013651790681,"upper_bound":0.03172487648094322},"point_estimate":0.02154056219181351,"standard_error":0.005038648163879062},"slope":{"confidence_interval":{"confidence_level":0.95,"lower_bound":64.01870960316035,"upper_bound":64.03033883335036},"point_estimate":64.02413121090059,"standard_error":0.002982064243084575},"std_dev":{"confidence_interval":{"confidence_level":0.95,"lower_bound":0.0378567323557053,"upper_bound":0.11282970544169717},"point_estimate":0.07623777449485444,"standard_error":0.020582394982402503}}