{"mean":{"confidence_interval":{"confidence_level":0.95,"lower_bound":53.01185301239628,"upper_bound":53.02307802964939},"point_estimate":53.01675371472642,"standard_error":0.0028876434742935984},"median":{"confidence_interval":{"confidence_level":0.95,"lower_bound":53.00590662446304,"upper_bound":53.01217579365895},"point_estimate":53.00829255158603,"standard_error":0.0016999424628298403},"median_abs_dev":{"confidence_interval":{"confidence_level":0.95,"lower_bound":0.004560759744988397,"upper_bound":0.01170460476024732},"point_estimate":0.007623220294426216,"standard_error":0.0017864293506400363},"slope":{"confidence_interval":{"confidence_level":0.95,"lower_bound":53.006570771347114,"upper_bound":53.00964575125965},"point_estimate":53.00805261372527,"standard_error":0.0007870981967464165},"std_dev":{"confidence_interval":{"confidence_level":0.95,"lower_bound":0.012785420590766249,"upper_bound":0.04390236246402611},"point_estimate":0.02907593707986371,"standard_error":0.00859850943591447}}