{"mean":{"confidence_interval":{"confidence_level":0.95,"lower_bound":21.004974042388536,"upper_bound":21.00987024764419},"point_estimate":21.00711048907925,"standard_error":0.0012593218277188597},"median":{"confidence_interval":{"confidence_level":0.95,"lower_bound":21.00246811525744,"upper_bound":21.005066131317903},"point_estimate":21.003465087923004,"standard_error":0.0006999933401933975},"median_abs_dev":{"confidence_interval":{"confidence_level":0.95,"lower_bound":0.0018988393459234297,"upper_bound":0.004817807944696797},"point_estimate":0.00317256479590339,"standard_error":0.0007385286212312676},"slope":{"confidence_interval":{"confidence_level":0.95,"lower_bound":21.00275776926647,"upper_bound":21.00403205232162},"point_estimate":21.003373152896337,"standard_error":0.0003256276185174222},"std_dev":{"confidence_interval":{"confidence_level":0.95,"lower_bound":0.005360236640176189,"upper_bound":0.01890812246645289},"point_estimate":0.012578408189815513,"standard_error":0.0035872123168411187}}