{"mean":{"confidence_interval":{"confidence_level":0.95,"lower_bound":40.009109489470646,"upper_bound":40.01770462628593},"point_estimate":40.01282172195982,"standard_error":0.0022157394927234553},"median":{"confidence_interval":{"confidence_level":0.95,"lower_bound":40.00452794543934,"upper_bound":40.00945765027573},"point_estimate":40.00629488506768,"standard_error":0.0012843552505019118},"median_abs_dev":{"confidence_interval":{"confidence_level":0.95,"lower_bound":0.003439980775879062,"upper_bound":0.009010781062269432},"point_estimate":0.0057919038651809175,"standard_error":0.0014207552061031399},"slope":{"confidence_interval":{"confidence_level":0.95,"lower_bound":40.005045819849435,"upper_bound":40.0074570874411},"point_estimate":40.00621338813549,"standard_error":0.0006174595531944488},"std_dev":{"confidence_interval":{"confidence_level":0.95,"lower_bound":0.00945966491387587,"upper_bound":0.034069362735453135},"point_estimate":0.02226188638503471,"standard_error":0.0069237450794722545}}