{"mean":{"confidence_interval":{"confidence_level":0.95,"lower_bound":38.010331737209476,"upper_bound":38.02109765200177},"point_estimate":38.01493563033781,"standard_error":0.00277909541893759},"median":{"confidence_interval":{"confidence_level":0.95,"lower_bound":38.00496380388121,"upper_bound":38.00907286589177},"point_estimate":38.006454514131676,"standard_error":0.0010921968541071508},"median_abs_dev":{"confidence_interval":{"confidence_level":0.95,"lower_bound":0.003295669957390981,"upper_bound":0.00851295844301381},"point_estimate":0.00538703902609669,"standard_error":0.001411746596064438},"slope":{"confidence_interval":{"confidence_level":0.95,"lower_bound":38.00529035979246,"upper_bound":38.00812398438524},"point_estimate":38.00663158851855,"standard_error":0.0007237878683473357},"std_dev":{"confidence_interval":{"confidence_level":0.95,"lower_bound":0.010992956460376528,"upper_bound":0.043116499471173575},"point_estimate":0.027885422804547807,"standard_error":0.009059117504860922}}