{"mean":{"confidence_interval":{"confidence_level":0.95,"lower_bound":-0.0002301045356345621,"upper_bound":0.00011522366915545085},"point_estimate":-0.00005340507189466326,"standard_error":0.00008818658932288994},"median":{"confidence_interval":{"confidence_level":0.95,"lower_bound":-0.00008379118220092074,"upper_bound":0.00008746676453075253},"point_estimate":-7.107980024567695e-7,"standard_error":0.000042092457636466485}}