{"mean":{"confidence_interval":{"confidence_level":0.95,"lower_bound":21.004792319504414,"upper_bound":21.009355417509127},"point_estimate":21.00677811688975,"standard_error":0.0011755367391111777},"median":{"confidence_interval":{"confidence_level":0.95,"lower_bound":21.002461603693583,"upper_bound":21.005074358491157},"point_estimate":21.003455946072272,"standard_error":0.0006562123201428006},"median_abs_dev":{"confidence_interval":{"confidence_level":0.95,"lower_bound":0.0018988273400680365,"upper_bound":0.004782199852062706},"point_estimate":0.003081966225979657,"standard_error":0.0006953163490767182},"slope":{"confidence_interval":{"confidence_level":0.95,"lower_bound":21.00277762249908,"upper_bound":21.004109903011514},"point_estimate":21.00342395993348,"standard_error":0.0003404580442911873},"std_dev":{"confidence_interval":{"confidence_level":0.95,"lower_bound":0.004962081323306132,"upper_bound":0.018106198428042904},"point_estimate":0.011837806717789574,"standard_error":0.00366565112448547}}