{"mean":{"confidence_interval":{"confidence_level":0.95,"lower_bound":67.01490214335507,"upper_bound":67.02868052452058},"point_estimate":67.02085020478434,"standard_error":0.0035472722674080126},"median":{"confidence_interval":{"confidence_level":0.95,"lower_bound":67.00742609437181,"upper_bound":67.01559327539998},"point_estimate":67.01042579751706,"standard_error":0.0021401876120992988},"median_abs_dev":{"confidence_interval":{"confidence_level":0.95,"lower_bound":0.005793561418556823,"upper_bound":0.014924334015864219},"point_estimate":0.009545650473181164,"standard_error":0.0023801934699484704},"slope":{"confidence_interval":{"confidence_level":0.95,"lower_bound":67.00854398547078,"upper_bound":67.01283074892194},"point_estimate":67.01061916871942,"standard_error":0.0010900336710264061},"std_dev":{"confidence_interval":{"confidence_level":0.95,"lower_bound":0.015220362422704968,"upper_bound":0.054472220288415855},"point_estimate":0.03562004018733016,"standard_error":0.011044713283080314}}