{"mean":{"confidence_interval":{"confidence_level":0.95,"lower_bound":18.004766763141067,"upper_bound":18.00934595585301},"point_estimate":18.006783173335638,"standard_error":0.0011761412453288036},"median":{"confidence_interval":{"confidence_level":0.95,"lower_bound":18.002285082022418,"upper_bound":18.0048721027742},"point_estimate":18.003176789317372,"standard_error":0.0006409533554201734},"median_abs_dev":{"confidence_interval":{"confidence_level":0.95,"lower_bound":0.001722036395808036,"upper_bound":0.004559839227550565},"point_estimate":0.0029513682090513077,"standard_error":0.0007010138636559289},"slope":{"confidence_interval":{"confidence_level":0.95,"lower_bound":18.002564438559745,"upper_bound":18.00385573688584},"point_estimate":18.003179060200466,"standard_error":0.0003298112469488429},"std_dev":{"confidence_interval":{"confidence_level":0.95,"lower_bound":0.005536068191230489,"upper_bound":0.017686238282514196},"point_estimate":0.011837456359427668,"standard_error":0.0033177567983336685}}