{"mean":{"confidence_interval":{"confidence_level":0.95,"lower_bound":56.013879442233694,"upper_bound":56.02622121993043},"point_estimate":56.019298800778344,"standard_error":0.0031685541811012066},"median":{"confidence_interval":{"confidence_level":0.95,"lower_bound":56.00697608717479,"upper_bound":56.01387018836689},"point_estimate":56.00985953654036,"standard_error":0.0019688293461646296},"median_abs_dev":{"confidence_interval":{"confidence_level":0.95,"lower_bound":0.00567639995743451,"upper_bound":0.013542995145418549},"point_estimate":0.009201645504201486,"standard_error":0.0021121581695760132},"slope":{"confidence_interval":{"confidence_level":0.95,"lower_bound":56.008247643048534,"upper_bound":56.01306327050903},"point_estimate":56.0105026972162,"standard_error":0.0012363342362428091},"std_dev":{"confidence_interval":{"confidence_level":0.95,"lower_bound":0.014645981966574878,"upper_bound":0.04826235769661309},"point_estimate":0.03198136434899904,"standard_error":0.009389673661185621}}