{"mean":{"confidence_interval":{"confidence_level":0.95,"lower_bound":67.01514633127486,"upper_bound":67.02888131976907},"point_estimate":67.02114226715511,"standard_error":0.0035557376982679944},"median":{"confidence_interval":{"confidence_level":0.95,"lower_bound":67.00738620299688,"upper_bound":67.01554990104609},"point_estimate":67.01074712076267,"standard_error":0.002315734377351911},"median_abs_dev":{"confidence_interval":{"confidence_level":0.95,"lower_bound":0.005824919652454903,"upper_bound":0.015205460227403685},"point_estimate":0.009841391181091027,"standard_error":0.0025361418896589524},"slope":{"confidence_interval":{"confidence_level":0.95,"lower_bound":67.00841540245779,"upper_bound":67.01246561146093},"point_estimate":67.01037255797283,"standard_error":0.0010325484750280348},"std_dev":{"confidence_interval":{"confidence_level":0.95,"lower_bound":0.015696303726781193,"upper_bound":0.05434974914500594},"point_estimate":0.03573062656871229,"standard_error":0.010840956636857902}}