{"mean":{"confidence_interval":{"confidence_level":0.95,"lower_bound":67.01430903272646,"upper_bound":67.02744713122134},"point_estimate":67.0199785428877,"standard_error":0.003398567605935166},"median":{"confidence_interval":{"confidence_level":0.95,"lower_bound":67.00728446994303,"upper_bound":67.01492178924259},"point_estimate":67.01008456440982,"standard_error":0.0020695282370231036},"median_abs_dev":{"confidence_interval":{"confidence_level":0.95,"lower_bound":0.005686198857484448,"upper_bound":0.014362008377723409},"point_estimate":0.009233224304706838,"standard_error":0.0022489786768082414},"slope":{"confidence_interval":{"confidence_level":0.95,"lower_bound":67.00825566195145,"upper_bound":67.01232938887897},"point_estimate":67.01020789775784,"standard_error":0.0010396886809641082},"std_dev":{"confidence_interval":{"confidence_level":0.95,"lower_bound":0.01431399996098107,"upper_bound":0.05248897607180511},"point_estimate":0.03421063471715971,"standard_error":0.010744220677925027}}