{"mean":{"confidence_interval":{"confidence_level":0.95,"lower_bound":21.00577984987166,"upper_bound":21.021264957004554},"point_estimate":21.01201081325226,"standard_error":0.004062691689752568},"median":{"confidence_interval":{"confidence_level":0.95,"lower_bound":21.002495796553173,"upper_bound":21.00523583797706},"point_estimate":21.00354066376095,"standard_error":0.0007294204223965212},"median_abs_dev":{"confidence_interval":{"confidence_level":0.95,"lower_bound":0.001936033028360387,"upper_bound":0.005076058571009138},"point_estimate":0.003298890615948776,"standard_error":0.00079756146355308},"slope":{"confidence_interval":{"confidence_level":0.95,"lower_bound":21.00298281622,"upper_bound":21.006236871362916},"point_estimate":21.00433121187088,"standard_error":0.0008557692015632548},"std_dev":{"confidence_interval":{"confidence_level":0.95,"lower_bound":0.009701772987737676,"upper_bound":0.06646466266627454},"point_estimate":0.040912064663054686,"standard_error":0.01667635462738425}}