{"mean":{"confidence_interval":{"confidence_level":0.95,"lower_bound":-0.00011248035551243425,"upper_bound":0.0002181668093868327},"point_estimate":0.00004316501690282415,"standard_error":0.00008425289175308102},"median":{"confidence_interval":{"confidence_level":0.95,"lower_bound":-0.00008013221773284229,"upper_bound":0.0000876003557735816},"point_estimate":1.4253412230491591e-6,"standard_error":0.000041845637169443784}}