{"mean":{"confidence_interval":{"confidence_level":0.95,"lower_bound":49.01020231247922,"upper_bound":49.01997935386021},"point_estimate":49.014464433723994,"standard_error":0.0025145064513112094},"median":{"confidence_interval":{"confidence_level":0.95,"lower_bound":49.00507759456838,"upper_bound":49.010411761703},"point_estimate":49.00712864262063,"standard_error":0.0014362398839148547},"median_abs_dev":{"confidence_interval":{"confidence_level":0.95,"lower_bound":0.0039000697308131764,"upper_bound":0.009798420970987999},"point_estimate":0.0065532559590966155,"standard_error":0.0014962721421183625},"slope":{"confidence_interval":{"confidence_level":0.95,"lower_bound":49.00564277939375,"upper_bound":49.008268754900676},"point_estimate":49.00692546544056,"standard_error":0.0006722320812971496},"std_dev":{"confidence_interval":{"confidence_level":0.95,"lower_bound":0.011185265947352377,"upper_bound":0.038115636512487366},"point_estimate":0.02525457749923328,"standard_error":0.007347516332752728}}