{"mean":{"confidence_interval":{"confidence_level":0.95,"lower_bound":19.003840976664613,"upper_bound":19.007359243951008},"point_estimate":19.005365392165594,"standard_error":0.0009096207481168775},"median":{"confidence_interval":{"confidence_level":0.95,"lower_bound":19.001947772897495,"upper_bound":19.003998060158015},"point_estimate":19.00276320956688,"standard_error":0.0005569085044009578},"median_abs_dev":{"confidence_interval":{"confidence_level":0.95,"lower_bound":0.001549987621957823,"upper_bound":0.003810978781797476},"point_estimate":0.00253033597216706,"standard_error":0.0005978679998918338},"slope":{"confidence_interval":{"confidence_level":0.95,"lower_bound":19.0021924461475,"upper_bound":19.00320909563889},"point_estimate":19.002684499608613,"standard_error":0.00026058038196369077},"std_dev":{"confidence_interval":{"confidence_level":0.95,"lower_bound":0.0039320347669179415,"upper_bound":0.01394631569625319},"point_estimate":0.009138428057757239,"standard_error":0.0028135022548069406}}