{"mean":{"confidence_interval":{"confidence_level":0.95,"lower_bound":31.006684136583328,"upper_bound":31.012881023192225},"point_estimate":31.00938114008243,"standard_error":0.0015939724775384516},"median":{"confidence_interval":{"confidence_level":0.95,"lower_bound":31.003337677104494,"upper_bound":31.006990995433508},"point_estimate":31.00473499827324,"standard_error":0.0010035071695685947},"median_abs_dev":{"confidence_interval":{"confidence_level":0.95,"lower_bound":0.002606462786401886,"upper_bound":0.006775466881567409},"point_estimate":0.004354308191857958,"standard_error":0.0010612461320855086},"slope":{"confidence_interval":{"confidence_level":0.95,"lower_bound":31.00385241784112,"upper_bound":31.005746502754963},"point_estimate":31.004771088614117,"standard_error":0.0004824152319529342},"std_dev":{"confidence_interval":{"confidence_level":0.95,"lower_bound":0.0070692148862344815,"upper_bound":0.024199427008342347},"point_estimate":0.01600557901492007,"standard_error":0.004727148187518882}}