{"mean":{"confidence_interval":{"confidence_level":0.95,"lower_bound":47.01113024990589,"upper_bound":47.021427427968696},"point_estimate":47.01558992536789,"standard_error":0.0026497328724563213},"median":{"confidence_interval":{"confidence_level":0.95,"lower_bound":47.00551392992824,"upper_bound":47.011608273533135},"point_estimate":47.007741231672654,"standard_error":0.0015843797287899922},"median_abs_dev":{"confidence_interval":{"confidence_level":0.95,"lower_bound":0.004302606508672456,"upper_bound":0.011106983755938599},"point_estimate":0.007170600657176505,"standard_error":0.0017324594591706286},"slope":{"confidence_interval":{"confidence_level":0.95,"lower_bound":47.00633795984675,"upper_bound":47.00960016404187},"point_estimate":47.007906476710815,"standard_error":0.0008311540356941414},"std_dev":{"confidence_interval":{"confidence_level":0.95,"lower_bound":0.011584232504828344,"upper_bound":0.04047319483971408},"point_estimate":0.026618462704542926,"standard_error":0.008117335679174812}}