{"mean":{"confidence_interval":{"confidence_level":0.95,"lower_bound":47.01217389254053,"upper_bound":47.02290094625797},"point_estimate":47.01689119346917,"standard_error":0.0027552292208930405},"median":{"confidence_interval":{"confidence_level":0.95,"lower_bound":47.00579191238416,"upper_bound":47.01199609241965},"point_estimate":47.00898711738276,"standard_error":0.0018109643166122327},"median_abs_dev":{"confidence_interval":{"confidence_level":0.95,"lower_bound":0.004792793943240311,"upper_bound":0.011949734861658763},"point_estimate":0.008560405482536688,"standard_error":0.001966774725065797},"slope":{"confidence_interval":{"confidence_level":0.95,"lower_bound":47.0067223187206,"upper_bound":47.0101931916526},"point_estimate":47.008342826310695,"standard_error":0.0008853121613278419},"std_dev":{"confidence_interval":{"confidence_level":0.95,"lower_bound":0.013500029063764862,"upper_bound":0.04102890988956206},"point_estimate":0.02748250195399921,"standard_error":0.007706132289285686}}