{"mean":{"confidence_interval":{"confidence_level":0.95,"lower_bound":21.004926358477853,"upper_bound":21.009789965956145},"point_estimate":21.007064108613267,"standard_error":0.0012494613841588743},"median":{"confidence_interval":{"confidence_level":0.95,"lower_bound":21.002443187131767,"upper_bound":21.005076334985503},"point_estimate":21.00343009030815,"standard_error":0.0006972787687177891},"median_abs_dev":{"confidence_interval":{"confidence_level":0.95,"lower_bound":0.0018800761202113468,"upper_bound":0.004772807283914337},"point_estimate":0.0031036079457832317,"standard_error":0.0007244608494220942},"slope":{"confidence_interval":{"confidence_level":0.95,"lower_bound":21.002734335223625,"upper_bound":21.00400350724797},"point_estimate":21.003348692240696,"standard_error":0.0003239745290568293},"std_dev":{"confidence_interval":{"confidence_level":0.95,"lower_bound":0.005330956356009369,"upper_bound":0.01879015091098907},"point_estimate":0.012534941370904459,"standard_error":0.0035366628244145664}}