{"mean":{"confidence_interval":{"confidence_level":0.95,"lower_bound":49.01238170141502,"upper_bound":49.028549070475094},"point_estimate":49.019496437128666,"standard_error":0.004144508455714698},"median":{"confidence_interval":{"confidence_level":0.95,"lower_bound":49.00555653038545,"upper_bound":49.011636707503726},"point_estimate":49.007724854599076,"standard_error":0.0015814180922726173},"median_abs_dev":{"confidence_interval":{"confidence_level":0.95,"lower_bound":0.004271032943911603,"upper_bound":0.01107351721074894},"point_estimate":0.007141120459859916,"standard_error":0.0017160829321303417},"slope":{"confidence_interval":{"confidence_level":0.95,"lower_bound":49.00632007552663,"upper_bound":49.00941635025177},"point_estimate":49.00780475685279,"standard_error":0.0007920254481179303},"std_dev":{"confidence_interval":{"confidence_level":0.95,"lower_bound":0.015471940392405096,"upper_bound":0.060070350057074354},"point_estimate":0.04174546220069084,"standard_error":0.010872351748051665}}