{"mean":{"confidence_interval":{"confidence_level":0.95,"lower_bound":67.01464651712934,"upper_bound":67.02821528556846},"point_estimate":67.02050338785233,"standard_error":0.003498553760826396},"median":{"confidence_interval":{"confidence_level":0.95,"lower_bound":67.00752680584077,"upper_bound":67.01512046445102},"point_estimate":67.0105891451491,"standard_error":0.002103563164272438},"median_abs_dev":{"confidence_interval":{"confidence_level":0.95,"lower_bound":0.005898043016324729,"upper_bound":0.014707430706179848},"point_estimate":0.009806256418820691,"standard_error":0.002273860462439507},"slope":{"confidence_interval":{"confidence_level":0.95,"lower_bound":67.0084644368339,"upper_bound":67.0124634952525},"point_estimate":67.01040115376645,"standard_error":0.0010206999439034165},"std_dev":{"confidence_interval":{"confidence_level":0.95,"lower_bound":0.01457711400649873,"upper_bound":0.05400407027480435},"point_estimate":0.035158545153807494,"standard_error":0.011138962183512994}}