{"mean":{"confidence_interval":{"confidence_level":0.95,"lower_bound":29.006369756453292,"upper_bound":29.01215305211033},"point_estimate":29.008848675536086,"standard_error":0.0014840222261726054},"median":{"confidence_interval":{"confidence_level":0.95,"lower_bound":29.0032722513089,"upper_bound":29.006461707380986},"point_estimate":29.004611716817216,"standard_error":0.0009018582190033277},"median_abs_dev":{"confidence_interval":{"confidence_level":0.95,"lower_bound":0.002591961270660465,"upper_bound":0.00621367871091021},"point_estimate":0.0042588176017333435,"standard_error":0.000955674897727394},"slope":{"confidence_interval":{"confidence_level":0.95,"lower_bound":29.00374421155219,"upper_bound":29.00583706084139},"point_estimate":29.00472467106834,"standard_error":0.0005324761550898437},"std_dev":{"confidence_interval":{"confidence_level":0.95,"lower_bound":0.006418811422304675,"upper_bound":0.022820596360363064},"point_estimate":0.014866179151537281,"standard_error":0.004611595838997005}}