{"mean":{"confidence_interval":{"confidence_level":0.95,"lower_bound":-0.00013408572705775332,"upper_bound":0.00016436096341136962},"point_estimate":0.000014231509471329673,"standard_error":0.00007530373803905277},"median":{"confidence_interval":{"confidence_level":0.95,"lower_bound":-0.00008557296635136602,"upper_bound":0.00009112991680448879},"point_estimate":5.375276092678405e-6,"standard_error":0.00004497859789234382}}