{"mean":{"confidence_interval":{"confidence_level":0.95,"lower_bound":-0.0001243352602077252,"upper_bound":0.0001533002780969072},"point_estimate":0.00001401243989973544,"standard_error":0.00007078902497901823},"median":{"confidence_interval":{"confidence_level":0.95,"lower_bound":-0.00007907703662990428,"upper_bound":0.0000828418088312742},"point_estimate":1.4021540359898665e-6,"standard_error":0.00003969645738512743}}