{"mean":{"confidence_interval":{"confidence_level":0.95,"lower_bound":50.01500740553944,"upper_bound":50.02761368453163},"point_estimate":50.0207131187546,"standard_error":0.003228205321212265},"median":{"confidence_interval":{"confidence_level":0.95,"lower_bound":50.007131326753715,"upper_bound":50.01399495320253},"point_estimate":50.01001873894475,"standard_error":0.0019202393218108313},"median_abs_dev":{"confidence_interval":{"confidence_level":0.95,"lower_bound":0.006010099553873811,"upper_bound":0.014273421557422587},"point_estimate":0.009759994493470219,"standard_error":0.0021804443543012},"slope":{"confidence_interval":{"confidence_level":0.95,"lower_bound":50.009274167217576,"upper_bound":50.01474087613729},"point_estimate":50.01186065891741,"standard_error":0.0013936169163305992},"std_dev":{"confidence_interval":{"confidence_level":0.95,"lower_bound":0.017901965856291523,"upper_bound":0.04624600494464554},"point_estimate":0.03246635534679936,"standard_error":0.007507429007543061}}