{"mean":{"confidence_interval":{"confidence_level":0.95,"lower_bound":65.01428797900319,"upper_bound":65.02787945712444},"point_estimate":65.02009491456354,"standard_error":0.003497184104023146},"median":{"confidence_interval":{"confidence_level":0.95,"lower_bound":65.00739247311827,"upper_bound":65.01492570712496},"point_estimate":65.01037859526457,"standard_error":0.0019235127156485173},"median_abs_dev":{"confidence_interval":{"confidence_level":0.95,"lower_bound":0.005733779596133702,"upper_bound":0.014003051189929538},"point_estimate":0.009255491668445989,"standard_error":0.0020814580501874467},"slope":{"confidence_interval":{"confidence_level":0.95,"lower_bound":65.00825297025779,"upper_bound":65.01215405723799},"point_estimate":65.01015176098863,"standard_error":0.0009997399075267978},"std_dev":{"confidence_interval":{"confidence_level":0.95,"lower_bound":0.014344884636884613,"upper_bound":0.05416331741297835},"point_estimate":0.035135840662264654,"standard_error":0.011169035031393399}}