{"mean":{"confidence_interval":{"confidence_level":0.95,"lower_bound":34.00714394082706,"upper_bound":34.01373620328209},"point_estimate":34.00999383451247,"standard_error":0.001703735994912251},"median":{"confidence_interval":{"confidence_level":0.95,"lower_bound":34.00366778484011,"upper_bound":34.0075762699446},"point_estimate":34.00516005153703,"standard_error":0.0010304694740752246},"median_abs_dev":{"confidence_interval":{"confidence_level":0.95,"lower_bound":0.0028791541412883682,"upper_bound":0.007176346716862535},"point_estimate":0.004778552734334095,"standard_error":0.0011134507587418168},"slope":{"confidence_interval":{"confidence_level":0.95,"lower_bound":34.00410590228385,"upper_bound":34.00608141472658},"point_estimate":34.00506745966983,"standard_error":0.000504538461362573},"std_dev":{"confidence_interval":{"confidence_level":0.95,"lower_bound":0.007123306805351702,"upper_bound":0.02633905589179028},"point_estimate":0.017132795680011272,"standard_error":0.005423034551267974}}