{"mean":{"confidence_interval":{"confidence_level":0.95,"lower_bound":67.0157469396146,"upper_bound":67.03094693338295},"point_estimate":67.02238366740958,"standard_error":0.00390564254808005},"median":{"confidence_interval":{"confidence_level":0.95,"lower_bound":67.00769094896742,"upper_bound":67.0163888050694},"point_estimate":67.01069218709897,"standard_error":0.0021908534903919835},"median_abs_dev":{"confidence_interval":{"confidence_level":0.95,"lower_bound":0.005819357598186505,"upper_bound":0.01516463504417509},"point_estimate":0.009933482499622674,"standard_error":0.0023463072656184593},"slope":{"confidence_interval":{"confidence_level":0.95,"lower_bound":67.00852571782634,"upper_bound":67.0127120823674},"point_estimate":67.01052886585553,"standard_error":0.0010723750020389456},"std_dev":{"confidence_interval":{"confidence_level":0.95,"lower_bound":0.017316987210963825,"upper_bound":0.059111363294617206},"point_estimate":0.03914108917429865,"standard_error":0.011437096125455537}}