{"mean":{"confidence_interval":{"confidence_level":0.95,"lower_bound":21.004995565080378,"upper_bound":21.009971556073886},"point_estimate":21.007185858052576,"standard_error":0.0012762775181847227},"median":{"confidence_interval":{"confidence_level":0.95,"lower_bound":21.002460212826065,"upper_bound":21.005179395423298},"point_estimate":21.003453993376496,"standard_error":0.0007051901508641043},"median_abs_dev":{"confidence_interval":{"confidence_level":0.95,"lower_bound":0.0019005880171280483,"upper_bound":0.004842401115595193},"point_estimate":0.0031968566780274203,"standard_error":0.0007397448692770349},"slope":{"confidence_interval":{"confidence_level":0.95,"lower_bound":21.002718844053504,"upper_bound":21.004007319908734},"point_estimate":21.003338859960774,"standard_error":0.00032874784977637297},"std_dev":{"confidence_interval":{"confidence_level":0.95,"lower_bound":0.005445399551833636,"upper_bound":0.01909505791179909},"point_estimate":0.012824889535581795,"standard_error":0.003551427943452896}}