{"mean":{"confidence_interval":{"confidence_level":0.95,"lower_bound":65.01531849090351,"upper_bound":65.03245367082914},"point_estimate":65.02283329312358,"standard_error":0.004419429613972526},"median":{"confidence_interval":{"confidence_level":0.95,"lower_bound":65.00757773523611,"upper_bound":65.01550315297969},"point_estimate":65.01075016010678,"standard_error":0.002126257203058992},"median_abs_dev":{"confidence_interval":{"confidence_level":0.95,"lower_bound":0.005916948572345022,"upper_bound":0.014717924412803816},"point_estimate":0.009757238814001833,"standard_error":0.002266312688439594},"slope":{"confidence_interval":{"confidence_level":0.95,"lower_bound":65.0085181299495,"upper_bound":65.01256581087763},"point_estimate":65.01048636181577,"standard_error":0.0010321407610835967},"std_dev":{"confidence_interval":{"confidence_level":0.95,"lower_bound":0.01637189443575633,"upper_bound":0.06477791354572099},"point_estimate":0.04434378585085094,"standard_error":0.012468389395704894}}