{"mean":{"confidence_interval":{"confidence_level":0.95,"lower_bound":61.013394471773196,"upper_bound":61.02582187968276},"point_estimate":61.01870389917242,"standard_error":0.003201897922107922},"median":{"confidence_interval":{"confidence_level":0.95,"lower_bound":61.006847739064106,"upper_bound":61.014239296132},"point_estimate":61.00965859220242,"standard_error":0.0019488315840789263},"median_abs_dev":{"confidence_interval":{"confidence_level":0.95,"lower_bound":0.005339250357523135,"upper_bound":0.013348125893810469},"point_estimate":0.008965113164251439,"standard_error":0.002055288773644943},"slope":{"confidence_interval":{"confidence_level":0.95,"lower_bound":61.007769003787296,"upper_bound":61.01144515370559},"point_estimate":61.009560935015124,"standard_error":0.0009383199947605108},"std_dev":{"confidence_interval":{"confidence_level":0.95,"lower_bound":0.013341163278894905,"upper_bound":0.04947520838324764},"point_estimate":0.0320796725542264,"standard_error":0.01018895192399413}}