{"mean":{"confidence_interval":{"confidence_level":0.95,"lower_bound":21.00480036768553,"upper_bound":21.009347817684965},"point_estimate":21.00674582767028,"standard_error":0.0011727902040389116},"median":{"confidence_interval":{"confidence_level":0.95,"lower_bound":21.0024539758845,"upper_bound":21.005097033589767},"point_estimate":21.00342647743873,"standard_error":0.000685189447358472},"median_abs_dev":{"confidence_interval":{"confidence_level":0.95,"lower_bound":0.0018931597987590651,"upper_bound":0.0047958124658019075},"point_estimate":0.0031310351804283354,"standard_error":0.000732869849698215},"slope":{"confidence_interval":{"confidence_level":0.95,"lower_bound":21.002690009731822,"upper_bound":21.00397098495854},"point_estimate":21.003305017114236,"standard_error":0.00032684231052575055},"std_dev":{"confidence_interval":{"confidence_level":0.95,"lower_bound":0.0048006279300274205,"upper_bound":0.018176624397941904},"point_estimate":0.011753223622843268,"standard_error":0.003766398121353889}}