{"mean":{"confidence_interval":{"confidence_level":0.95,"lower_bound":49.010756151027955,"upper_bound":49.0208610387784},"point_estimate":49.01510771394299,"standard_error":0.002609817112771639},"median":{"confidence_interval":{"confidence_level":0.95,"lower_bound":49.005355706005055,"upper_bound":49.011387249252344},"point_estimate":49.00744566254381,"standard_error":0.0015226403780822192},"median_abs_dev":{"confidence_interval":{"confidence_level":0.95,"lower_bound":0.00412212051809923,"upper_bound":0.010613025341654035},"point_estimate":0.006917327380497463,"standard_error":0.001649856630142568},"slope":{"confidence_interval":{"confidence_level":0.95,"lower_bound":49.00594962949194,"upper_bound":49.00881685735238},"point_estimate":49.00733625566864,"standard_error":0.0007335180260429428},"std_dev":{"confidence_interval":{"confidence_level":0.95,"lower_bound":0.011105640676861395,"upper_bound":0.040262035793217604},"point_estimate":0.026238005065154182,"standard_error":0.008215083666999747}}