{"mean":{"confidence_interval":{"confidence_level":0.95,"lower_bound":-0.00011353756837212955,"upper_bound":0.00017998842036140433},"point_estimate":0.000029572882168649173,"standard_error":0.00007400450046088521},"median":{"confidence_interval":{"confidence_level":0.95,"lower_bound":-0.00007301799675017973,"upper_bound":0.00010473937075272666},"point_estimate":8.43467065814174e-6,"standard_error":0.00004360692872838833}}