{"mean":{"confidence_interval":{"confidence_level":0.95,"lower_bound":40.00854146561544,"upper_bound":40.01653566647492},"point_estimate":40.01197497549777,"standard_error":0.00206843743868787},"median":{"confidence_interval":{"confidence_level":0.95,"lower_bound":40.004382653917126,"upper_bound":40.00902859276309},"point_estimate":40.00605223636175,"standard_error":0.001221215362786145},"median_abs_dev":{"confidence_interval":{"confidence_level":0.95,"lower_bound":0.003345650839702077,"upper_bound":0.008523605318646297},"point_estimate":0.00550976476266701,"standard_error":0.0012928485532354872},"slope":{"confidence_interval":{"confidence_level":0.95,"lower_bound":40.00484227539392,"upper_bound":40.00712822951538},"point_estimate":40.00594330911131,"standard_error":0.0005839352280016015},"std_dev":{"confidence_interval":{"confidence_level":0.95,"lower_bound":0.008578434246970336,"upper_bound":0.03201693162907989},"point_estimate":0.020782647999374754,"standard_error":0.006622647976835726}}