{"mean":{"confidence_interval":{"confidence_level":0.95,"lower_bound":40.00871624956322,"upper_bound":40.01689149308586},"point_estimate":40.012263695032914,"standard_error":0.0021096232060408924},"median":{"confidence_interval":{"confidence_level":0.95,"lower_bound":40.00432436458738,"upper_bound":40.00914611749149},"point_estimate":40.00601186088327,"standard_error":0.0012266349109267718},"median_abs_dev":{"confidence_interval":{"confidence_level":0.95,"lower_bound":0.003313559217860149,"upper_bound":0.008596203237413448},"point_estimate":0.0054987983140167155,"standard_error":0.0013302519362206468},"slope":{"confidence_interval":{"confidence_level":0.95,"lower_bound":40.00486513665934,"upper_bound":40.00718691056258},"point_estimate":40.005987775061,"standard_error":0.0005932391006912478},"std_dev":{"confidence_interval":{"confidence_level":0.95,"lower_bound":0.00903209926393496,"upper_bound":0.03244790035095267},"point_estimate":0.021221764718899097,"standard_error":0.006615150304358863}}