{"mean":{"confidence_interval":{"confidence_level":0.95,"lower_bound":43.01672354417033,"upper_bound":43.03364934808789},"point_estimate":43.0242149212963,"standard_error":0.004346459695670972},"median":{"confidence_interval":{"confidence_level":0.95,"lower_bound":43.00784291253234,"upper_bound":43.01664542848041},"point_estimate":43.010750172560265,"standard_error":0.0021537306870896005},"median_abs_dev":{"confidence_interval":{"confidence_level":0.95,"lower_bound":0.005821106975569398,"upper_bound":0.015508191625773228},"point_estimate":0.009888096589967633,"standard_error":0.002402698880803163},"slope":{"confidence_interval":{"confidence_level":0.95,"lower_bound":43.00880878716373,"upper_bound":43.01335536005602},"point_estimate":43.010982879689976,"standard_error":0.0011618308336929677},"std_dev":{"confidence_interval":{"confidence_level":0.95,"lower_bound":0.018872575768439596,"upper_bound":0.06483555572536634},"point_estimate":0.04367402510734652,"standard_error":0.0119752635767962}}