{"mean":{"confidence_interval":{"confidence_level":0.95,"lower_bound":21.004929367205413,"upper_bound":21.00957665365412},"point_estimate":21.006934413660478,"standard_error":0.0011994482309051024},"median":{"confidence_interval":{"confidence_level":0.95,"lower_bound":21.002458551642523,"upper_bound":21.00519590811049},"point_estimate":21.003417951967393,"standard_error":0.0006976274424723384},"median_abs_dev":{"confidence_interval":{"confidence_level":0.95,"lower_bound":0.0018866053041561599,"upper_bound":0.004870683381791518},"point_estimate":0.003163594912554331,"standard_error":0.0007559767104168289},"slope":{"confidence_interval":{"confidence_level":0.95,"lower_bound":21.002748224961874,"upper_bound":21.004071895556518},"point_estimate":21.003390317479433,"standard_error":0.0003367369321371852},"std_dev":{"confidence_interval":{"confidence_level":0.95,"lower_bound":0.005072517304933914,"upper_bound":0.01845460514593221},"point_estimate":0.012046908788956812,"standard_error":0.0037686942774451024}}