{"mean":{"confidence_interval":{"confidence_level":0.95,"lower_bound":56.012798101321216,"upper_bound":56.0245682368519},"point_estimate":56.017905249898114,"standard_error":0.0030394258170963603},"median":{"confidence_interval":{"confidence_level":0.95,"lower_bound":56.00658129281767,"upper_bound":56.01332796498183},"point_estimate":56.009087699619684,"standard_error":0.0018394417915101435},"median_abs_dev":{"confidence_interval":{"confidence_level":0.95,"lower_bound":0.0051760249335407165,"upper_bound":0.012567315807606593},"point_estimate":0.008421569986511987,"standard_error":0.0019462987728755502},"slope":{"confidence_interval":{"confidence_level":0.95,"lower_bound":56.00732870210061,"upper_bound":56.01082157001183},"point_estimate":56.009022188071505,"standard_error":0.0008923418397334256},"std_dev":{"confidence_interval":{"confidence_level":0.95,"lower_bound":0.01283958212580484,"upper_bound":0.0471930703180049},"point_estimate":0.03080362744252701,"standard_error":0.009653066585393276}}