{"mean":{"confidence_interval":{"confidence_level":0.95,"lower_bound":21.005163370315575,"upper_bound":21.009802043014314},"point_estimate":21.007177978055473,"standard_error":0.0011947413135146533},"median":{"confidence_interval":{"confidence_level":0.95,"lower_bound":21.002429492410453,"upper_bound":21.00502402732886},"point_estimate":21.003377552954532,"standard_error":0.0006939711633065881},"median_abs_dev":{"confidence_interval":{"confidence_level":0.95,"lower_bound":0.0019042631475366374,"upper_bound":0.005066677934959674},"point_estimate":0.0031851340089835817,"standard_error":0.0008138262415553527},"slope":{"confidence_interval":{"confidence_level":0.95,"lower_bound":21.002853717499264,"upper_bound":21.00501048287839},"point_estimate":21.003826544900168,"standard_error":0.000554425714526425},"std_dev":{"confidence_interval":{"confidence_level":0.95,"lower_bound":0.005469080158997461,"upper_bound":0.01830003405317627},"point_estimate":0.012056470997066613,"standard_error":0.0036162211204265183}}