{"mean":{"confidence_interval":{"confidence_level":0.95,"lower_bound":21.00511266599583,"upper_bound":21.01150977698556},"point_estimate":21.00788639966228,"standard_error":0.0016459551520032684},"median":{"confidence_interval":{"confidence_level":0.95,"lower_bound":21.00249784874271,"upper_bound":21.005196879880167},"point_estimate":21.003506831978683,"standard_error":0.0007074511635180176},"median_abs_dev":{"confidence_interval":{"confidence_level":0.95,"lower_bound":0.0019144484435663694,"upper_bound":0.004909905463438606},"point_estimate":0.0031837286639007046,"standard_error":0.0007442821847779062},"slope":{"confidence_interval":{"confidence_level":0.95,"lower_bound":21.0027992194869,"upper_bound":21.004150556895002},"point_estimate":21.003452637292447,"standard_error":0.0003441206210712302},"std_dev":{"confidence_interval":{"confidence_level":0.95,"lower_bound":0.005517652212449963,"upper_bound":0.024816403786389954},"point_estimate":0.01650787490304081,"standard_error":0.004996859454609705}}