{"mean":{"confidence_interval":{"confidence_level":0.95,"lower_bound":65.01502740229611,"upper_bound":65.02906128317362},"point_estimate":65.02117501913162,"standard_error":0.00360772251625987},"median":{"confidence_interval":{"confidence_level":0.95,"lower_bound":65.00741295535508,"upper_bound":65.01511758902012},"point_estimate":65.01045581791583,"standard_error":0.0020713178800846454},"median_abs_dev":{"confidence_interval":{"confidence_level":0.95,"lower_bound":0.005828754000308369,"upper_bound":0.014449887824043214},"point_estimate":0.00963884986564504,"standard_error":0.0022546229501444106},"slope":{"confidence_interval":{"confidence_level":0.95,"lower_bound":65.00857955873688,"upper_bound":65.01342361344442},"point_estimate":65.01081666856727,"standard_error":0.0012364965442672549},"std_dev":{"confidence_interval":{"confidence_level":0.95,"lower_bound":0.01652758721113519,"upper_bound":0.05447824673623469},"point_estimate":0.03621569455534166,"standard_error":0.010496359152020693}}