{"mean":{"confidence_interval":{"confidence_level":0.95,"lower_bound":25.00612101139687,"upper_bound":25.01154415790631},"point_estimate":25.00846062995765,"standard_error":0.001392302264823841},"median":{"confidence_interval":{"confidence_level":0.95,"lower_bound":25.00312805883744,"upper_bound":25.006175137794763},"point_estimate":25.004458063113507,"standard_error":0.000857316904778141},"median_abs_dev":{"confidence_interval":{"confidence_level":0.95,"lower_bound":0.002565691060884258,"upper_bound":0.0059561539970465266},"point_estimate":0.004118863750930379,"standard_error":0.0008972760816257983},"slope":{"confidence_interval":{"confidence_level":0.95,"lower_bound":25.00357160151862,"upper_bound":25.00561231293538},"point_estimate":25.004518726688644,"standard_error":0.000521854151314376},"std_dev":{"confidence_interval":{"confidence_level":0.95,"lower_bound":0.006315964139346946,"upper_bound":0.0212703720431958},"point_estimate":0.013990340542564162,"standard_error":0.004205607982583988}}