{"mean":{"confidence_interval":{"confidence_level":0.95,"lower_bound":21.00499879489137,"upper_bound":21.00991215744682},"point_estimate":21.007147905361627,"standard_error":0.0012610301406733974},"median":{"confidence_interval":{"confidence_level":0.95,"lower_bound":21.002441594489706,"upper_bound":21.0050052687039},"point_estimate":21.00323256937127,"standard_error":0.0006404320102502902},"median_abs_dev":{"confidence_interval":{"confidence_level":0.95,"lower_bound":0.0018208573002118646,"upper_bound":0.004650457214438438},"point_estimate":0.002974626907265157,"standard_error":0.0007072963353729421},"slope":{"confidence_interval":{"confidence_level":0.95,"lower_bound":21.002716470105444,"upper_bound":21.004558457987073},"point_estimate":21.003540728135064,"standard_error":0.0004709945236192112},"std_dev":{"confidence_interval":{"confidence_level":0.95,"lower_bound":0.005703375570011223,"upper_bound":0.018958743418564742},"point_estimate":0.012635396019710378,"standard_error":0.0035892963806778114}}