{"mean":{"confidence_interval":{"confidence_level":0.95,"lower_bound":58.013512602245605,"upper_bound":58.026064071545534},"point_estimate":58.018965627909694,"standard_error":0.003231397308975607},"median":{"confidence_interval":{"confidence_level":0.95,"lower_bound":58.0067263130793,"upper_bound":58.01416065911432},"point_estimate":58.00944334594877,"standard_error":0.0019435661157050307},"median_abs_dev":{"confidence_interval":{"confidence_level":0.95,"lower_bound":0.005227724184624591,"upper_bound":0.013492594460803566},"point_estimate":0.008681128569064334,"standard_error":0.002100744228001065},"slope":{"confidence_interval":{"confidence_level":0.95,"lower_bound":58.00752714431622,"upper_bound":58.01120751478323},"point_estimate":58.009299970307836,"standard_error":0.0009423098164622583},"std_dev":{"confidence_interval":{"confidence_level":0.95,"lower_bound":0.014175307709301596,"upper_bound":0.049482881923976395},"point_estimate":0.03256459494364542,"standard_error":0.009882306154380177}}