{"mean":{"confidence_interval":{"confidence_level":0.95,"lower_bound":70.0166390636124,"upper_bound":70.03401334400132},"point_estimate":70.02430655466777,"standard_error":0.0044569028605084965},"median":{"confidence_interval":{"confidence_level":0.95,"lower_bound":70.00811039310848,"upper_bound":70.01714694656489},"point_estimate":70.01160689042368,"standard_error":0.0023731382032782583},"median_abs_dev":{"confidence_interval":{"confidence_level":0.95,"lower_bound":0.006392890334199189,"upper_bound":0.01651360040173086},"point_estimate":0.010682908038812016,"standard_error":0.0025286095190475647},"slope":{"confidence_interval":{"confidence_level":0.95,"lower_bound":70.0089098214873,"upper_bound":70.01326036269785},"point_estimate":70.01099726129387,"standard_error":0.0011084386901346068},"std_dev":{"confidence_interval":{"confidence_level":0.95,"lower_bound":0.017919419579838326,"upper_bound":0.06571994866515712},"point_estimate":0.044905880186103315,"standard_error":0.012179743418133429}}