{"mean":{"confidence_interval":{"confidence_level":0.95,"lower_bound":37.01218930743729,"upper_bound":37.02373769405298},"point_estimate":37.017143253432636,"standard_error":0.0029888789286745742},"median":{"confidence_interval":{"confidence_level":0.95,"lower_bound":37.00650500456655,"upper_bound":37.0133523777945},"point_estimate":37.008602307763006,"standard_error":0.001616071305834949},"median_abs_dev":{"confidence_interval":{"confidence_level":0.95,"lower_bound":0.005013260914658005,"upper_bound":0.012327959231664118},"point_estimate":0.007938540611508223,"standard_error":0.001763008899000967},"slope":{"confidence_interval":{"confidence_level":0.95,"lower_bound":37.00704281491238,"upper_bound":37.01053777756947},"point_estimate":37.0087296855931,"standard_error":0.0008915205542568575},"std_dev":{"confidence_interval":{"confidence_level":0.95,"lower_bound":0.012034981809168257,"upper_bound":0.04626675074174869},"point_estimate":0.029958950449398686,"standard_error":0.009674159250187463}}