{"mean":{"confidence_interval":{"confidence_level":0.95,"lower_bound":23.00560592773621,"upper_bound":23.01086972247787},"point_estimate":23.00787411124636,"standard_error":0.0013549632614302182},"median":{"confidence_interval":{"confidence_level":0.95,"lower_bound":23.002895824946883,"upper_bound":23.005822585346305},"point_estimate":23.004008957882284,"standard_error":0.0008016135048813708},"median_abs_dev":{"confidence_interval":{"confidence_level":0.95,"lower_bound":0.0022671148645647403,"upper_bound":0.0054901144958540374},"point_estimate":0.0036869281460307746,"standard_error":0.0008417229484979834},"slope":{"confidence_interval":{"confidence_level":0.95,"lower_bound":23.003205308658483,"upper_bound":23.004673609249092},"point_estimate":23.003920360041644,"standard_error":0.00037491787393437366},"std_dev":{"confidence_interval":{"confidence_level":0.95,"lower_bound":0.005659880800108854,"upper_bound":0.020875508178140337},"point_estimate":0.013595626190504494,"standard_error":0.004297513073627432}}