{"mean":{"confidence_interval":{"confidence_level":0.95,"lower_bound":23.00587449681789,"upper_bound":23.011565911490983},"point_estimate":23.0083843251323,"standard_error":0.0014681209532603741},"median":{"confidence_interval":{"confidence_level":0.95,"lower_bound":23.002895057624112,"upper_bound":23.00609485815603},"point_estimate":23.004064489767842,"standard_error":0.0008336646391935063},"median_abs_dev":{"confidence_interval":{"confidence_level":0.95,"lower_bound":0.0022224181260312274,"upper_bound":0.00576595851461729},"point_estimate":0.003745183988150302,"standard_error":0.0008809326276950382},"slope":{"confidence_interval":{"confidence_level":0.95,"lower_bound":23.003243685832604,"upper_bound":23.004815925135702},"point_estimate":23.004007575942175,"standard_error":0.0004009934529126584},"std_dev":{"confidence_interval":{"confidence_level":0.95,"lower_bound":0.00641772361134089,"upper_bound":0.02207649504834558},"point_estimate":0.01477745948421503,"standard_error":0.004158041636156494}}