{"mean":{"confidence_interval":{"confidence_level":0.95,"lower_bound":42.008846556226125,"upper_bound":42.01716884153675},"point_estimate":42.01247854365114,"standard_error":0.0021501238004639845},"median":{"confidence_interval":{"confidence_level":0.95,"lower_bound":42.004335398006134,"upper_bound":42.00908002097278},"point_estimate":42.006027199871745,"standard_error":0.0012202048805640157},"median_abs_dev":{"confidence_interval":{"confidence_level":0.95,"lower_bound":0.003275276784893937,"upper_bound":0.008671519471971216},"point_estimate":0.005569425104259318,"standard_error":0.0013563026213931795},"slope":{"confidence_interval":{"confidence_level":0.95,"lower_bound":42.0048912440471,"upper_bound":42.007399827017004},"point_estimate":42.00609611802653,"standard_error":0.0006393042072936376},"std_dev":{"confidence_interval":{"confidence_level":0.95,"lower_bound":0.009456737974035272,"upper_bound":0.03278926209201699},"point_estimate":0.02157196296136591,"standard_error":0.006531672468592449}}