{"mean":{"confidence_interval":{"confidence_level":0.95,"lower_bound":65.01786960073524,"upper_bound":65.04144880873268},"point_estimate":65.02819628261095,"standard_error":0.00606582797732609},"median":{"confidence_interval":{"confidence_level":0.95,"lower_bound":65.00787797437224,"upper_bound":65.01602474765048},"point_estimate":65.01098629079121,"standard_error":0.0022604528052148553},"median_abs_dev":{"confidence_interval":{"confidence_level":0.95,"lower_bound":0.006304357076201171,"upper_bound":0.015624670301411646},"point_estimate":0.010177529990382048,"standard_error":0.0024873397409170593},"slope":{"confidence_interval":{"confidence_level":0.95,"lower_bound":65.00954338519853,"upper_bound":65.01871636117328},"point_estimate":65.0135556880509,"standard_error":0.002363544276506842},"std_dev":{"confidence_interval":{"confidence_level":0.95,"lower_bound":0.02272051491944121,"upper_bound":0.08981592785752411},"point_estimate":0.060852694271355444,"standard_error":0.016804933179150192}}