{"mean":{"confidence_interval":{"confidence_level":0.95,"lower_bound":65.01566623940319,"upper_bound":65.02981336675373},"point_estimate":65.02184655657443,"standard_error":0.0036377293220421895},"median":{"confidence_interval":{"confidence_level":0.95,"lower_bound":65.00809443167614,"upper_bound":65.01587780144088},"point_estimate":65.01154654441383,"standard_error":0.0021442149816842428},"median_abs_dev":{"confidence_interval":{"confidence_level":0.95,"lower_bound":0.006621948718453495,"upper_bound":0.0153732042868893},"point_estimate":0.010640186850073115,"standard_error":0.0022124867597212517},"slope":{"confidence_interval":{"confidence_level":0.95,"lower_bound":65.00913246349401,"upper_bound":65.01372878336227},"point_estimate":65.01134522890281,"standard_error":0.001173863910825285},"std_dev":{"confidence_interval":{"confidence_level":0.95,"lower_bound":0.01638716168723247,"upper_bound":0.05507902905998071},"point_estimate":0.03653838536528587,"standard_error":0.0105932351501591}}