{"mean":{"confidence_interval":{"confidence_level":0.95,"lower_bound":57.01090365152928,"upper_bound":57.021238401694355},"point_estimate":57.01537656698168,"standard_error":0.002661520199369184},"median":{"confidence_interval":{"confidence_level":0.95,"lower_bound":57.00542869586859,"upper_bound":57.01120902906617},"point_estimate":57.0075471352334,"standard_error":0.0015276787658593841},"median_abs_dev":{"confidence_interval":{"confidence_level":0.95,"lower_bound":0.004128109674983848,"upper_bound":0.010826541083572469},"point_estimate":0.0069030497050541475,"standard_error":0.0016659716810172441},"slope":{"confidence_interval":{"confidence_level":0.95,"lower_bound":57.00601816986148,"upper_bound":57.008925807805916},"point_estimate":57.007431583243616,"standard_error":0.0007411802498439502},"std_dev":{"confidence_interval":{"confidence_level":0.95,"lower_bound":0.01137877538326694,"upper_bound":0.040871334157849104},"point_estimate":0.026730504314538297,"standard_error":0.008290031597934329}}