{"mean":{"confidence_interval":{"confidence_level":0.95,"lower_bound":20.00429547549821,"upper_bound":20.008331734677192},"point_estimate":20.006058939215297,"standard_error":0.0010434904822783897},"median":{"confidence_interval":{"confidence_level":0.95,"lower_bound":20.002047521267233,"upper_bound":20.00429979466119},"point_estimate":20.002820295422932,"standard_error":0.0005706875935542254},"median_abs_dev":{"confidence_interval":{"confidence_level":0.95,"lower_bound":0.0015428139352172193,"upper_bound":0.004059890996034411},"point_estimate":0.0025974888276868438,"standard_error":0.000649682907864308},"slope":{"confidence_interval":{"confidence_level":0.95,"lower_bound":20.002376093725275,"upper_bound":20.003592812430426},"point_estimate":20.002956212735498,"standard_error":0.00031058154901350587},"std_dev":{"confidence_interval":{"confidence_level":0.95,"lower_bound":0.004730532516671052,"upper_bound":0.015876798489832707},"point_estimate":0.010492937880684608,"standard_error":0.0031363751345862916}}