{"mean":{"confidence_interval":{"confidence_level":0.95,"lower_bound":67.01443961361689,"upper_bound":67.02770847319672},"point_estimate":67.02017618127356,"standard_error":0.003430259143040501},"median":{"confidence_interval":{"confidence_level":0.95,"lower_bound":67.00733293729283,"upper_bound":67.01519949888561},"point_estimate":67.01015166223776,"standard_error":0.0020761642169577995},"median_abs_dev":{"confidence_interval":{"confidence_level":0.95,"lower_bound":0.0057627235824597375,"upper_bound":0.014464823032094634},"point_estimate":0.009409587894574797,"standard_error":0.0022573821326925814},"slope":{"confidence_interval":{"confidence_level":0.95,"lower_bound":67.00820930652259,"upper_bound":67.01226699221716},"point_estimate":67.01017078165964,"standard_error":0.0010358648940518545},"std_dev":{"confidence_interval":{"confidence_level":0.95,"lower_bound":0.01460854398522482,"upper_bound":0.052760166665801994},"point_estimate":0.03453047075937547,"standard_error":0.010780621735467111}}