{"mean":{"confidence_interval":{"confidence_level":0.95,"lower_bound":31.006410081645612,"upper_bound":31.0123457890045},"point_estimate":31.008974371364534,"standard_error":0.001533270633838862},"median":{"confidence_interval":{"confidence_level":0.95,"lower_bound":31.00322451246606,"upper_bound":31.006741675219892},"point_estimate":31.00452702489077,"standard_error":0.0009333130129458237},"median_abs_dev":{"confidence_interval":{"confidence_level":0.95,"lower_bound":0.0025301596470682767,"upper_bound":0.006395134150031202},"point_estimate":0.004167639397744272,"standard_error":0.0009942164309396687},"slope":{"confidence_interval":{"confidence_level":0.95,"lower_bound":31.003619190886045,"upper_bound":31.00537344151666},"point_estimate":31.004470634623562,"standard_error":0.0004464989584048231},"std_dev":{"confidence_interval":{"confidence_level":0.95,"lower_bound":0.0065059382498052635,"upper_bound":0.023616937443625988},"point_estimate":0.01541043253487074,"standard_error":0.0048184536652921325}}