{"mean":{"confidence_interval":{"confidence_level":0.95,"lower_bound":21.0049152864914,"upper_bound":21.009458440491017},"point_estimate":21.00688171386748,"standard_error":0.0011692657346430585},"median":{"confidence_interval":{"confidence_level":0.95,"lower_bound":21.002528295130674,"upper_bound":21.00518965842612},"point_estimate":21.003460837484905,"standard_error":0.0007095837320466272},"median_abs_dev":{"confidence_interval":{"confidence_level":0.95,"lower_bound":0.0019879974320095428,"upper_bound":0.004980295903283551},"point_estimate":0.003232151559733409,"standard_error":0.0007785554007960621},"slope":{"confidence_interval":{"confidence_level":0.95,"lower_bound":21.002743130162255,"upper_bound":21.004065845224357},"point_estimate":21.003382029220376,"standard_error":0.00033832830159384814},"std_dev":{"confidence_interval":{"confidence_level":0.95,"lower_bound":0.004985371226255573,"upper_bound":0.01802844468089122},"point_estimate":0.011789012111086192,"standard_error":0.003669998969806524}}