{"mean":{"confidence_interval":{"confidence_level":0.95,"lower_bound":19.00503542336988,"upper_bound":19.009768339268028},"point_estimate":19.007117633933532,"standard_error":0.0012149933198485027},"median":{"confidence_interval":{"confidence_level":0.95,"lower_bound":19.002488462582573,"upper_bound":19.00512544605446},"point_estimate":19.003569632223147,"standard_error":0.000726453777628226},"median_abs_dev":{"confidence_interval":{"confidence_level":0.95,"lower_bound":0.001992489918911045,"upper_bound":0.004881156283864861},"point_estimate":0.0032891136296579315,"standard_error":0.0007423208348150595},"slope":{"confidence_interval":{"confidence_level":0.95,"lower_bound":19.00284709524667,"upper_bound":19.004432357704786},"point_estimate":19.003587915811476,"standard_error":0.0004050468722481272},"std_dev":{"confidence_interval":{"confidence_level":0.95,"lower_bound":0.005636913901959123,"upper_bound":0.01812764379804769},"point_estimate":0.012209485715136068,"standard_error":0.0033249332542323244}}