{"mean":{"confidence_interval":{"confidence_level":0.95,"lower_bound":21.004842264745662,"upper_bound":21.009441339574852},"point_estimate":21.00683796119875,"standard_error":0.0011833603195828919},"median":{"confidence_interval":{"confidence_level":0.95,"lower_bound":21.002423486248745,"upper_bound":21.004980598305693},"point_estimate":21.00336920300903,"standard_error":0.0006771370145692816},"median_abs_dev":{"confidence_interval":{"confidence_level":0.95,"lower_bound":0.0018354614782649906,"upper_bound":0.004822828430114144},"point_estimate":0.0030816694173991877,"standard_error":0.0007379962678858591},"slope":{"confidence_interval":{"confidence_level":0.95,"lower_bound":21.00267450750388,"upper_bound":21.003963939219485},"point_estimate":21.003296045461887,"standard_error":0.0003268564967131796},"std_dev":{"confidence_interval":{"confidence_level":0.95,"lower_bound":0.005037500428103893,"upper_bound":0.018200221366777028},"point_estimate":0.011906234290326655,"standard_error":0.003704009388805749}}