{"mean":{"confidence_interval":{"confidence_level":0.95,"lower_bound":21.004939077590535,"upper_bound":21.00957591117193},"point_estimate":21.006942429984562,"standard_error":0.0011982057731173496},"median":{"confidence_interval":{"confidence_level":0.95,"lower_bound":21.002445107912322,"upper_bound":21.005211011860023},"point_estimate":21.0033992620919,"standard_error":0.0007011761913165783},"median_abs_dev":{"confidence_interval":{"confidence_level":0.95,"lower_bound":0.0018633912886086709,"upper_bound":0.0049060880456619615},"point_estimate":0.003146295899697702,"standard_error":0.0007649553197029312},"slope":{"confidence_interval":{"confidence_level":0.95,"lower_bound":21.002733329616337,"upper_bound":21.00405061343378},"point_estimate":21.00337199646472,"standard_error":0.000337291163707563},"std_dev":{"confidence_interval":{"confidence_level":0.95,"lower_bound":0.005166404414491186,"upper_bound":0.018409255597239754},"point_estimate":0.012039077664807963,"standard_error":0.003724743951201307}}