{"mean":{"confidence_interval":{"confidence_level":0.95,"lower_bound":58.01744234024131,"upper_bound":58.03280856434907},"point_estimate":58.0240974632936,"standard_error":0.003960477957163501},"median":{"confidence_interval":{"confidence_level":0.95,"lower_bound":58.01001475859161,"upper_bound":58.01739405439595},"point_estimate":58.01409810754163,"standard_error":0.0018166380420785104},"median_abs_dev":{"confidence_interval":{"confidence_level":0.95,"lower_bound":0.008590559619781302,"upper_bound":0.015987354530201135},"point_estimate":0.012867234488592639,"standard_error":0.0018712845478277376},"slope":{"confidence_interval":{"confidence_level":0.95,"lower_bound":58.009897971904685,"upper_bound":58.01455260227083},"point_estimate":58.01209999376555,"standard_error":0.0011870867669352917},"std_dev":{"confidence_interval":{"confidence_level":0.95,"lower_bound":0.017600848561148102,"upper_bound":0.06066875600323458},"point_estimate":0.03978461187546997,"standard_error":0.012126322134928485}}