{"mean":{"confidence_interval":{"confidence_level":0.95,"lower_bound":49.01030102432111,"upper_bound":49.021318946006446},"point_estimate":49.01515238371426,"standard_error":0.002847282355358959},"median":{"confidence_interval":{"confidence_level":0.95,"lower_bound":49.0050844988345,"upper_bound":49.01054671205987},"point_estimate":49.00713833580213,"standard_error":0.0014272209684561903},"median_abs_dev":{"confidence_interval":{"confidence_level":0.95,"lower_bound":0.0039048454307034648,"upper_bound":0.009964390245896274},"point_estimate":0.006509216382010389,"standard_error":0.001512510657257384},"slope":{"confidence_interval":{"confidence_level":0.95,"lower_bound":49.0056068636691,"upper_bound":49.00824838789607},"point_estimate":49.006888712981514,"standard_error":0.0006745792082368737},"std_dev":{"confidence_interval":{"confidence_level":0.95,"lower_bound":0.011156962565199961,"upper_bound":0.0419057422341686},"point_estimate":0.028577215135253166,"standard_error":0.007841793750280088}}