{"mean":{"confidence_interval":{"confidence_level":0.95,"lower_bound":65.01510023276829,"upper_bound":65.0321803611618},"point_estimate":65.02259779463301,"standard_error":0.004421775014556269},"median":{"confidence_interval":{"confidence_level":0.95,"lower_bound":65.0075457256533,"upper_bound":65.01525908194874},"point_estimate":65.01070474968674,"standard_error":0.0021251229860637915},"median_abs_dev":{"confidence_interval":{"confidence_level":0.95,"lower_bound":0.00589600558843265,"upper_bound":0.014672507057630282},"point_estimate":0.009741455644193354,"standard_error":0.0022454045714775787},"slope":{"confidence_interval":{"confidence_level":0.95,"lower_bound":65.00840936997322,"upper_bound":65.01234263402219},"point_estimate":65.0103278816304,"standard_error":0.0010035213199979776},"std_dev":{"confidence_interval":{"confidence_level":0.95,"lower_bound":0.016110936584515238,"upper_bound":0.0651910576611703},"point_estimate":0.044509142361940576,"standard_error":0.01267461733170926}}