{"mean":{"confidence_interval":{"confidence_level":0.95,"lower_bound":65.0151615524881,"upper_bound":65.02967288349082},"point_estimate":65.02155687211805,"standard_error":0.0037131402664329293},"median":{"confidence_interval":{"confidence_level":0.95,"lower_bound":65.00750346451831,"upper_bound":65.01508681041724},"point_estimate":65.01064479589402,"standard_error":0.0021318461549030064},"median_abs_dev":{"confidence_interval":{"confidence_level":0.95,"lower_bound":0.005881229810559929,"upper_bound":0.014833056257742436},"point_estimate":0.009757458782628384,"standard_error":0.002303112272912641},"slope":{"confidence_interval":{"confidence_level":0.95,"lower_bound":65.00856827761983,"upper_bound":65.01268442848246},"point_estimate":65.01054431340391,"standard_error":0.0010551216638250436},"std_dev":{"confidence_interval":{"confidence_level":0.95,"lower_bound":0.016418486364091076,"upper_bound":0.055962424117844946},"point_estimate":0.03754399128199841,"standard_error":0.010430138892693919}}