{"mean":{"confidence_interval":{"confidence_level":0.95,"lower_bound":20.013207312287282,"upper_bound":20.025469725833425},"point_estimate":20.018482995305668,"standard_error":0.0031637549156566473},"median":{"confidence_interval":{"confidence_level":0.95,"lower_bound":20.006633299543843,"upper_bound":20.013581715130634},"point_estimate":20.009312760443326,"standard_error":0.0018797028901271862},"median_abs_dev":{"confidence_interval":{"confidence_level":0.95,"lower_bound":0.005175171989599462,"upper_bound":0.012948480777701644},"point_estimate":0.008526576119190662,"standard_error":0.002049749667348488},"slope":{"confidence_interval":{"confidence_level":0.95,"lower_bound":20.00759188495777,"upper_bound":20.011323687209405},"point_estimate":20.00940348839674,"standard_error":0.0009523472705868027},"std_dev":{"confidence_interval":{"confidence_level":0.95,"lower_bound":0.01339012797483168,"upper_bound":0.04866146322576528},"point_estimate":0.03170398900062813,"standard_error":0.009935905760543014}}