{"mean":{"confidence_interval":{"confidence_level":0.95,"lower_bound":21.005777136148776,"upper_bound":21.011122371022836},"point_estimate":21.008089246734784,"standard_error":0.001381482129781145},"median":{"confidence_interval":{"confidence_level":0.95,"lower_bound":21.00287942246225,"upper_bound":21.005917984960984},"point_estimate":21.004042538924836,"standard_error":0.0008146244481321704},"median_abs_dev":{"confidence_interval":{"confidence_level":0.95,"lower_bound":0.002246858771971207,"upper_bound":0.005624325415175797},"point_estimate":0.0036538336315434117,"standard_error":0.0008704495994237422},"slope":{"confidence_interval":{"confidence_level":0.95,"lower_bound":21.003236970252477,"upper_bound":21.004736031590394},"point_estimate":21.00396134787778,"standard_error":0.00038356374064152875},"std_dev":{"confidence_interval":{"confidence_level":0.95,"lower_bound":0.006049899385061711,"upper_bound":0.02122278209263007},"point_estimate":0.013909308340912311,"standard_error":0.004238917678102991}}