{"mean":{"confidence_interval":{"confidence_level":0.95,"lower_bound":20.00501352733931,"upper_bound":20.009769275446985},"point_estimate":20.00708660914207,"standard_error":0.0012246840576025603},"median":{"confidence_interval":{"confidence_level":0.95,"lower_bound":20.002496655198776,"upper_bound":20.005151862663332},"point_estimate":20.003505156313555,"standard_error":0.000720295466578778},"median_abs_dev":{"confidence_interval":{"confidence_level":0.95,"lower_bound":0.0019197217109122235,"upper_bound":0.004945326419143986},"point_estimate":0.0032591664495286252,"standard_error":0.0007567150892629421},"slope":{"confidence_interval":{"confidence_level":0.95,"lower_bound":20.002768672921075,"upper_bound":20.00408254343722},"point_estimate":20.003404941129126,"standard_error":0.0003349478489085593},"std_dev":{"confidence_interval":{"confidence_level":0.95,"lower_bound":0.005399001775936389,"upper_bound":0.018581627862176993},"point_estimate":0.01229194745511942,"standard_error":0.003640325045739782}}