{"mean":{"confidence_interval":{"confidence_level":0.95,"lower_bound":19.004096416713757,"upper_bound":19.007914555435505},"point_estimate":19.00574302861089,"standard_error":0.000981681279929111},"median":{"confidence_interval":{"confidence_level":0.95,"lower_bound":19.00200051589235,"upper_bound":19.00420279547282},"point_estimate":19.002781176979077,"standard_error":0.0005669660532577234},"median_abs_dev":{"confidence_interval":{"confidence_level":0.95,"lower_bound":0.001518291509544592,"upper_bound":0.00401854140116299},"point_estimate":0.0025438265423089468,"standard_error":0.0006222158566125501},"slope":{"confidence_interval":{"confidence_level":0.95,"lower_bound":19.002270861200344,"upper_bound":19.003404457520737},"point_estimate":19.002811102773993,"standard_error":0.00028898867243493185},"std_dev":{"confidence_interval":{"confidence_level":0.95,"lower_bound":0.004317403226707409,"upper_bound":0.01507769629324263},"point_estimate":0.009884099393188097,"standard_error":0.003020796105228913}}