{"mean":{"confidence_interval":{"confidence_level":0.95,"lower_bound":19.004970317134926,"upper_bound":19.009643128323074},"point_estimate":19.006974271905936,"standard_error":0.0012087836934078517},"median":{"confidence_interval":{"confidence_level":0.95,"lower_bound":19.002563536453735,"upper_bound":19.005353863653202},"point_estimate":19.00354012176944,"standard_error":0.0007049917556142555},"median_abs_dev":{"confidence_interval":{"confidence_level":0.95,"lower_bound":0.001957326509733405,"upper_bound":0.004935411448590839},"point_estimate":0.0032612059081480204,"standard_error":0.0007508813746456946},"slope":{"confidence_interval":{"confidence_level":0.95,"lower_bound":19.00281340931026,"upper_bound":19.00414375842184},"point_estimate":19.003457464134456,"standard_error":0.0003393564291390877},"std_dev":{"confidence_interval":{"confidence_level":0.95,"lower_bound":0.004957529283753556,"upper_bound":0.018728675705548002},"point_estimate":0.012151941469644703,"standard_error":0.0038859568368193923}}