{"mean":{"confidence_interval":{"confidence_level":0.95,"lower_bound":61.013696687746034,"upper_bound":61.02615031892187},"point_estimate":61.019116894157605,"standard_error":0.0032108838293290966},"median":{"confidence_interval":{"confidence_level":0.95,"lower_bound":61.00686192759363,"upper_bound":61.01401299317966},"point_estimate":61.00949960001684,"standard_error":0.0019469753432484831},"median_abs_dev":{"confidence_interval":{"confidence_level":0.95,"lower_bound":0.005351908499056105,"upper_bound":0.013525338228975874},"point_estimate":0.008803278027844622,"standard_error":0.002144132685943255},"slope":{"confidence_interval":{"confidence_level":0.95,"lower_bound":61.007950371202874,"upper_bound":61.0134196662064},"point_estimate":61.01042089742843,"standard_error":0.0014034666079653674},"std_dev":{"confidence_interval":{"confidence_level":0.95,"lower_bound":0.013959025906203551,"upper_bound":0.0495221636134573},"point_estimate":0.03241258112191234,"standard_error":0.010029236264441733}}