{"mean":{"confidence_interval":{"confidence_level":0.95,"lower_bound":-0.00013125840613865673,"upper_bound":0.00014727895107768393},"point_estimate":9.82477645239399e-7,"standard_error":0.00007055318625053854},"median":{"confidence_interval":{"confidence_level":0.95,"lower_bound":-0.00007928815156786053,"upper_bound":0.00008380712252376021},"point_estimate":1.0551153044602302e-6,"standard_error":0.00004177444452667295}}