{"mean":{"confidence_interval":{"confidence_level":0.95,"lower_bound":21.004981253760178,"upper_bound":21.00987465094552},"point_estimate":21.007123067576103,"standard_error":0.0012619297508241049},"median":{"confidence_interval":{"confidence_level":0.95,"lower_bound":21.00244182840372,"upper_bound":21.00515344574312},"point_estimate":21.003394702821033,"standard_error":0.000687190377534146},"median_abs_dev":{"confidence_interval":{"confidence_level":0.95,"lower_bound":0.0018430237008280718,"upper_bound":0.004807286724603086},"point_estimate":0.0031538188353808557,"standard_error":0.0007382168098830166},"slope":{"confidence_interval":{"confidence_level":0.95,"lower_bound":21.002670632722435,"upper_bound":21.003955709857006},"point_estimate":21.00328936995818,"standard_error":0.00032872070967671714},"std_dev":{"confidence_interval":{"confidence_level":0.95,"lower_bound":0.005493104315849808,"upper_bound":0.019025143499149494},"point_estimate":0.012625803338631026,"standard_error":0.003627442311998491}}