{"mean":{"confidence_interval":{"confidence_level":0.95,"lower_bound":42.00971197792289,"upper_bound":42.018538309181444},"point_estimate":42.013592671636914,"standard_error":0.002268924823249271},"median":{"confidence_interval":{"confidence_level":0.95,"lower_bound":42.00475943232953,"upper_bound":42.0099263009115},"point_estimate":42.00634786356265,"standard_error":0.001334205000438737},"median_abs_dev":{"confidence_interval":{"confidence_level":0.95,"lower_bound":0.0038305814480913665,"upper_bound":0.009609937723788741},"point_estimate":0.006100458690743223,"standard_error":0.0014341593722467158},"slope":{"confidence_interval":{"confidence_level":0.95,"lower_bound":42.00524923054381,"upper_bound":42.0078277901612},"point_estimate":42.0064852137327,"standard_error":0.0006564943986646735},"std_dev":{"confidence_interval":{"confidence_level":0.95,"lower_bound":0.011031137263957073,"upper_bound":0.033838586721546667},"point_estimate":0.022690706045480066,"standard_error":0.006337562822150961}}