{"mean":{"confidence_interval":{"confidence_level":0.95,"lower_bound":22.004925678762124,"upper_bound":22.00959178019766},"point_estimate":22.00691528701541,"standard_error":0.0012017876937230815},"median":{"confidence_interval":{"confidence_level":0.95,"lower_bound":22.00247447532615,"upper_bound":22.005118883431937},"point_estimate":22.00344008954825,"standard_error":0.0006960608928610872},"median_abs_dev":{"confidence_interval":{"confidence_level":0.95,"lower_bound":0.001915721892075411,"upper_bound":0.004895781126379699},"point_estimate":0.0031677030842886173,"standard_error":0.0007485794933123408},"slope":{"confidence_interval":{"confidence_level":0.95,"lower_bound":22.002747780273733,"upper_bound":22.004047449935886},"point_estimate":22.0033744414011,"standard_error":0.0003326329132562131},"std_dev":{"confidence_interval":{"confidence_level":0.95,"lower_bound":0.004972690479869723,"upper_bound":0.01858783363031205},"point_estimate":0.012042563866123053,"standard_error":0.0038300166209994384}}