{"mean":{"confidence_interval":{"confidence_level":0.95,"lower_bound":58.01333377436082,"upper_bound":58.02583016473611},"point_estimate":58.01870536052721,"standard_error":0.0032144191750861483},"median":{"confidence_interval":{"confidence_level":0.95,"lower_bound":58.006717665209564,"upper_bound":58.013788891745946},"point_estimate":58.00943120485087,"standard_error":0.001918103676203732},"median_abs_dev":{"confidence_interval":{"confidence_level":0.95,"lower_bound":0.0052387858136992566,"upper_bound":0.01309517473268818},"point_estimate":0.008721008336422776,"standard_error":0.0020390653092960172},"slope":{"confidence_interval":{"confidence_level":0.95,"lower_bound":58.007581558116996,"upper_bound":58.01116387337406},"point_estimate":58.009323421260355,"standard_error":0.000912374543380554},"std_dev":{"confidence_interval":{"confidence_level":0.95,"lower_bound":0.013668209646317151,"upper_bound":0.04944787891457468},"point_estimate":0.03221603900780458,"standard_error":0.01001335072008171}}