{"mean":{"confidence_interval":{"confidence_level":0.95,"lower_bound":16.005586411353843,"upper_bound":16.011085530359303},"point_estimate":16.00799060944847,"standard_error":0.001415158101668817},"median":{"confidence_interval":{"confidence_level":0.95,"lower_bound":16.002770720863765,"upper_bound":16.005687269141415},"point_estimate":16.003889928306272,"standard_error":0.0007865335081519186},"median_abs_dev":{"confidence_interval":{"confidence_level":0.95,"lower_bound":0.0021284461510826026,"upper_bound":0.005392402962561857},"point_estimate":0.0035759536857360124,"standard_error":0.0008244436195641903},"slope":{"confidence_interval":{"confidence_level":0.95,"lower_bound":16.003065338097223,"upper_bound":16.004500258658783},"point_estimate":16.003763074211992,"standard_error":0.0003674470650088333},"std_dev":{"confidence_interval":{"confidence_level":0.95,"lower_bound":0.006096659492547065,"upper_bound":0.02125985016991108},"point_estimate":0.014184579258736778,"standard_error":0.004000892335968447}}