{"mean":{"confidence_interval":{"confidence_level":0.95,"lower_bound":59.013813521131006,"upper_bound":59.026529897031565},"point_estimate":59.019360468322084,"standard_error":0.003269556645241031},"median":{"confidence_interval":{"confidence_level":0.95,"lower_bound":59.006754136504654,"upper_bound":59.01383274315022},"point_estimate":59.00948240839323,"standard_error":0.0019459944886331066},"median_abs_dev":{"confidence_interval":{"confidence_level":0.95,"lower_bound":0.005242557597003255,"upper_bound":0.01358673177844513},"point_estimate":0.008717038097792595,"standard_error":0.002187470860786823},"slope":{"confidence_interval":{"confidence_level":0.95,"lower_bound":59.00772598814291,"upper_bound":59.011577462278005},"point_estimate":59.00957655307274,"standard_error":0.000985708107098949},"std_dev":{"confidence_interval":{"confidence_level":0.95,"lower_bound":0.01472797730538038,"upper_bound":0.04992074182277011},"point_estimate":0.03299892498183964,"standard_error":0.009798653015272394}}