{"mean":{"confidence_interval":{"confidence_level":0.95,"lower_bound":16.003580957926545,"upper_bound":16.00687252063725},"point_estimate":16.005017216439033,"standard_error":0.0008469279051006609},"median":{"confidence_interval":{"confidence_level":0.95,"lower_bound":16.00180417700579,"upper_bound":16.00365762983299},"point_estimate":16.00255949714115,"standard_error":0.0005199946368914879},"median_abs_dev":{"confidence_interval":{"confidence_level":0.95,"lower_bound":0.0014429623774531563,"upper_bound":0.0035671955267851593},"point_estimate":0.002380368217010547,"standard_error":0.000555534583703078},"slope":{"confidence_interval":{"confidence_level":0.95,"lower_bound":16.001995936836593,"upper_bound":16.002961100218926},"point_estimate":16.002460632203086,"standard_error":0.0002469405320232621},"std_dev":{"confidence_interval":{"confidence_level":0.95,"lower_bound":0.0037670587632769605,"upper_bound":0.01297226923843575},"point_estimate":0.00856152190019218,"standard_error":0.002569552734041201}}