{"mean":{"confidence_interval":{"confidence_level":0.95,"lower_bound":16.00404032432712,"upper_bound":16.011747612595514},"point_estimate":16.007244690564175,"standard_error":0.0020093554325239073},"median":{"confidence_interval":{"confidence_level":0.95,"lower_bound":16.001783121823763,"upper_bound":16.003709578583962},"point_estimate":16.002489766398362,"standard_error":0.0005076149197760372},"median_abs_dev":{"confidence_interval":{"confidence_level":0.95,"lower_bound":0.0013725884481004533,"upper_bound":0.003578647161280054},"point_estimate":0.0022750904751940777,"standard_error":0.0005566473182572316},"slope":{"confidence_interval":{"confidence_level":0.95,"lower_bound":16.002040972919957,"upper_bound":16.00306753238941},"point_estimate":16.002532303829433,"standard_error":0.000262903372155077},"std_dev":{"confidence_interval":{"confidence_level":0.95,"lower_bound":0.005292607747216832,"upper_bound":0.03200011663418367},"point_estimate":0.020134339947162325,"standard_error":0.00730130568709077}}