{"mean":{"confidence_interval":{"confidence_level":0.95,"lower_bound":40.008607494808395,"upper_bound":40.03811526499408},"point_estimate":40.01911043020748,"standard_error":0.008727989178705757},"median":{"confidence_interval":{"confidence_level":0.95,"lower_bound":40.0043468896514,"upper_bound":40.00925302826379},"point_estimate":40.00606954592065,"standard_error":0.001235851721954706},"median_abs_dev":{"confidence_interval":{"confidence_level":0.95,"lower_bound":0.0033411863436003833,"upper_bound":0.008538315221490376},"point_estimate":0.0055913441133775745,"standard_error":0.0013062251897081717},"slope":{"confidence_interval":{"confidence_level":0.95,"lower_bound":40.00485738222728,"upper_bound":40.007169338166065},"point_estimate":40.00597797362348,"standard_error":0.0005917702265639092},"std_dev":{"confidence_interval":{"confidence_level":0.95,"lower_bound":0.008750023197555185,"upper_bound":0.14961152224819166},"point_estimate":0.08780235535148563,"standard_error":0.049310026277208034}}