{"mean":{"confidence_interval":{"confidence_level":0.95,"lower_bound":31.00663144110113,"upper_bound":31.0133882208547},"point_estimate":31.009630480620643,"standard_error":0.001736806959772969},"median":{"confidence_interval":{"confidence_level":0.95,"lower_bound":31.003275862068964,"upper_bound":31.006822636528625},"point_estimate":31.004599116697808,"standard_error":0.0009353265282194779},"median_abs_dev":{"confidence_interval":{"confidence_level":0.95,"lower_bound":0.002520243926200178,"upper_bound":0.0063905171279237715},"point_estimate":0.004245402064935466,"standard_error":0.0009865928183630068},"slope":{"confidence_interval":{"confidence_level":0.95,"lower_bound":31.00361918858129,"upper_bound":31.005374506519132},"point_estimate":31.004471729437483,"standard_error":0.0004484988465175249},"std_dev":{"confidence_interval":{"confidence_level":0.95,"lower_bound":0.007222626779430491,"upper_bound":0.025907919550015028},"point_estimate":0.017554699088636883,"standard_error":0.004797861480660794}}