{"mean":{"confidence_interval":{"confidence_level":0.95,"lower_bound":20.004037266003685,"upper_bound":20.007821138422493},"point_estimate":20.00566627696086,"standard_error":0.000978187160972722},"median":{"confidence_interval":{"confidence_level":0.95,"lower_bound":20.002056974459723,"upper_bound":20.00417474840624},"point_estimate":20.002789919382156,"standard_error":0.0005602820741756182},"median_abs_dev":{"confidence_interval":{"confidence_level":0.95,"lower_bound":0.0015710390705046774,"upper_bound":0.003912191899156274},"point_estimate":0.0025416674414566764,"standard_error":0.0006001144469428292},"slope":{"confidence_interval":{"confidence_level":0.95,"lower_bound":20.002261885849858,"upper_bound":20.003332491823244},"point_estimate":20.00277906992881,"standard_error":0.00027428760149248707},"std_dev":{"confidence_interval":{"confidence_level":0.95,"lower_bound":0.004176379536019839,"upper_bound":0.015086011465474695},"point_estimate":0.009833636533492127,"standard_error":0.003077159163890294}}