{"mean":{"confidence_interval":{"confidence_level":0.95,"lower_bound":-0.00014649793281343854,"upper_bound":0.00013446162334790335},"point_estimate":-1.049138181441478e-6,"standard_error":0.00007116665279046952},"median":{"confidence_interval":{"confidence_level":0.95,"lower_bound":-0.00007250548594084915,"upper_bound":0.00009168200770615087},"point_estimate":9.023173384914429e-6,"standard_error":0.00004159324308864783}}