{"mean":{"confidence_interval":{"confidence_level":0.95,"lower_bound":19.00517079265775,"upper_bound":19.01103190878154},"point_estimate":19.007744313235424,"standard_error":0.0015188760823582976},"median":{"confidence_interval":{"confidence_level":0.95,"lower_bound":19.002542579075424,"upper_bound":19.00535279805353},"point_estimate":19.003569630721657,"standard_error":0.0007095764867824733},"median_abs_dev":{"confidence_interval":{"confidence_level":0.95,"lower_bound":0.0019141843363005228,"upper_bound":0.004915552863379018},"point_estimate":0.0031976927603982043,"standard_error":0.0007483461923294305},"slope":{"confidence_interval":{"confidence_level":0.95,"lower_bound":19.002930133455866,"upper_bound":19.004344665326457},"point_estimate":19.00361449470146,"standard_error":0.000361436992412269},"std_dev":{"confidence_interval":{"confidence_level":0.95,"lower_bound":0.005517015741338425,"upper_bound":0.022321727516853237},"point_estimate":0.01526266607273423,"standard_error":0.004330384186872743}}