{"mean":{"confidence_interval":{"confidence_level":0.95,"lower_bound":49.010583378435115,"upper_bound":49.02055282792835},"point_estimate":49.014882171186535,"standard_error":0.0025699131525147374},"median":{"confidence_interval":{"confidence_level":0.95,"lower_bound":49.00539832488343,"upper_bound":49.01146310962901},"point_estimate":49.00751925405427,"standard_error":0.001533926834531499},"median_abs_dev":{"confidence_interval":{"confidence_level":0.95,"lower_bound":0.004162904299862617,"upper_bound":0.010683016515043392},"point_estimate":0.006886491818826649,"standard_error":0.0016428870431062473},"slope":{"confidence_interval":{"confidence_level":0.95,"lower_bound":49.00596588319906,"upper_bound":49.008812916782176},"point_estimate":49.00734961731321,"standard_error":0.0007288021800200546},"std_dev":{"confidence_interval":{"confidence_level":0.95,"lower_bound":0.010571027816383608,"upper_bound":0.03974307792556974},"point_estimate":0.025819123943371353,"standard_error":0.008231486908648007}}