{"mean":{"confidence_interval":{"confidence_level":0.95,"lower_bound":59.014035084813,"upper_bound":59.027676744988746},"point_estimate":59.020007369030644,"standard_error":0.0035026706737438912},"median":{"confidence_interval":{"confidence_level":0.95,"lower_bound":59.00685875557889,"upper_bound":59.01412378683892},"point_estimate":59.00962928738909,"standard_error":0.00196750291583961},"median_abs_dev":{"confidence_interval":{"confidence_level":0.95,"lower_bound":0.005268842525431959,"upper_bound":0.013396978409229507},"point_estimate":0.008852061791092762,"standard_error":0.0020773802790857838},"slope":{"confidence_interval":{"confidence_level":0.95,"lower_bound":59.0076730981975,"upper_bound":59.011388990461924},"point_estimate":59.00946659236873,"standard_error":0.0009515000525405293},"std_dev":{"confidence_interval":{"confidence_level":0.95,"lower_bound":0.0156904475456683,"upper_bound":0.05254030650020137},"point_estimate":0.03514514247538929,"standard_error":0.00977955520033089}}