{"mean":{"confidence_interval":{"confidence_level":0.95,"lower_bound":20.013014159442566,"upper_bound":20.039300000111908},"point_estimate":20.023258254178874,"standard_error":0.006970298614660844},"median":{"confidence_interval":{"confidence_level":0.95,"lower_bound":20.00653835585642,"upper_bound":20.013653060018974},"point_estimate":20.009107187848684,"standard_error":0.0018416765735568658},"median_abs_dev":{"confidence_interval":{"confidence_level":0.95,"lower_bound":0.005044300416182403,"upper_bound":0.012862751323665328},"point_estimate":0.008422218339309066,"standard_error":0.0020327607051093396},"slope":{"confidence_interval":{"confidence_level":0.95,"lower_bound":20.00727521321344,"upper_bound":20.010895282653255},"point_estimate":20.009015463904667,"standard_error":0.0009251359203956478},"std_dev":{"confidence_interval":{"confidence_level":0.95,"lower_bound":0.012749941579092297,"upper_bound":0.11524230173161076},"point_estimate":0.06993683771212963,"standard_error":0.030949771626999308}}