{"mean":{"confidence_interval":{"confidence_level":0.95,"lower_bound":23.0052288555836,"upper_bound":23.010204860206823},"point_estimate":23.007376572938966,"standard_error":0.0012818208921008879},"median":{"confidence_interval":{"confidence_level":0.95,"lower_bound":23.002591804441533,"upper_bound":23.00539740949766},"point_estimate":23.00360320399085,"standard_error":0.0007347906896438936},"median_abs_dev":{"confidence_interval":{"confidence_level":0.95,"lower_bound":0.001968458437270559,"upper_bound":0.005184041384552574},"point_estimate":0.003309161303691984,"standard_error":0.0007980228304786482},"slope":{"confidence_interval":{"confidence_level":0.95,"lower_bound":23.002837177167308,"upper_bound":23.00420713500867},"point_estimate":23.003499008921228,"standard_error":0.00034913814575609413},"std_dev":{"confidence_interval":{"confidence_level":0.95,"lower_bound":0.00554781551995468,"upper_bound":0.019642692075071397},"point_estimate":0.012859445010615582,"standard_error":0.00392859465954004}}