{"mean":{"confidence_interval":{"confidence_level":0.95,"lower_bound":65.01436893297861,"upper_bound":65.02747158176338},"point_estimate":65.02000640012591,"standard_error":0.0033783606994494076},"median":{"confidence_interval":{"confidence_level":0.95,"lower_bound":65.00740509986969,"upper_bound":65.01480636520476},"point_estimate":65.01055757780765,"standard_error":0.0021069302550361727},"median_abs_dev":{"confidence_interval":{"confidence_level":0.95,"lower_bound":0.005921247115385921,"upper_bound":0.014404420539561001},"point_estimate":0.00978983619768102,"standard_error":0.0022437034147883765},"slope":{"confidence_interval":{"confidence_level":0.95,"lower_bound":65.00833496061755,"upper_bound":65.01223455661425},"point_estimate":65.01023005590972,"standard_error":0.0009988068905912302},"std_dev":{"confidence_interval":{"confidence_level":0.95,"lower_bound":0.014389351369187384,"upper_bound":0.052056436407055796},"point_estimate":0.03400152199172846,"standard_error":0.010595992897332943}}