{"mean":{"confidence_interval":{"confidence_level":0.95,"lower_bound":65.0150856932433,"upper_bound":65.02895178545863},"point_estimate":65.02112541005049,"standard_error":0.0035727710411181165},"median":{"confidence_interval":{"confidence_level":0.95,"lower_bound":65.00728324505158,"upper_bound":65.015333147477},"point_estimate":65.01022524551576,"standard_error":0.002125835231264006},"median_abs_dev":{"confidence_interval":{"confidence_level":0.95,"lower_bound":0.005607602166441399,"upper_bound":0.014717608584818843},"point_estimate":0.009575913063674958,"standard_error":0.002345811195046844},"slope":{"confidence_interval":{"confidence_level":0.95,"lower_bound":65.00837107690462,"upper_bound":65.0142520309373},"point_estimate":65.01100880480303,"standard_error":0.001511245032721137},"std_dev":{"confidence_interval":{"confidence_level":0.95,"lower_bound":0.01636411624306022,"upper_bound":0.054211729401937914},"point_estimate":0.035926349469477266,"standard_error":0.010488935928930338}}