{"mean":{"confidence_interval":{"confidence_level":0.95,"lower_bound":42.0085449227614,"upper_bound":42.01657513159611},"point_estimate":42.01199054979378,"standard_error":0.0020702714593508974},"median":{"confidence_interval":{"confidence_level":0.95,"lower_bound":42.00438412485316,"upper_bound":42.00898407156809},"point_estimate":42.00605426765436,"standard_error":0.0012071352224835054},"median_abs_dev":{"confidence_interval":{"confidence_level":0.95,"lower_bound":0.0033452543427845587,"upper_bound":0.008432665733829392},"point_estimate":0.005577269577096881,"standard_error":0.0012801927221950241},"slope":{"confidence_interval":{"confidence_level":0.95,"lower_bound":42.00483232776721,"upper_bound":42.00711707154984},"point_estimate":42.00593325609834,"standard_error":0.000583985802479432},"std_dev":{"confidence_interval":{"confidence_level":0.95,"lower_bound":0.008617268687272596,"upper_bound":0.03208606709544006},"point_estimate":0.02081738286030562,"standard_error":0.006624731289829264}}