{"mean":{"confidence_interval":{"confidence_level":0.95,"lower_bound":59.01377649695177,"upper_bound":59.026876179220416},"point_estimate":59.01949251527057,"standard_error":0.0033719434810475903},"median":{"confidence_interval":{"confidence_level":0.95,"lower_bound":59.00684258774228,"upper_bound":59.014370345568736},"point_estimate":59.009606588702205,"standard_error":0.0019497914345462304},"median_abs_dev":{"confidence_interval":{"confidence_level":0.95,"lower_bound":0.0053004299414148295,"upper_bound":0.013281361185079108},"point_estimate":0.008831195223220505,"standard_error":0.002042389453953488},"slope":{"confidence_interval":{"confidence_level":0.95,"lower_bound":59.007633835500314,"upper_bound":59.01130136981459},"point_estimate":59.009402589508774,"standard_error":0.000936747075451563},"std_dev":{"confidence_interval":{"confidence_level":0.95,"lower_bound":0.015032605357186984,"upper_bound":0.05118603643214037},"point_estimate":0.033887811264646225,"standard_error":0.009905599401038419}}