{"mean":{"confidence_interval":{"confidence_level":0.95,"lower_bound":20.004935680471778,"upper_bound":20.009555226803926},"point_estimate":20.00693722177007,"standard_error":0.0011920596713317407},"median":{"confidence_interval":{"confidence_level":0.95,"lower_bound":20.002486674281364,"upper_bound":20.005104226156483},"point_estimate":20.00349114369551,"standard_error":0.0007055025574840383},"median_abs_dev":{"confidence_interval":{"confidence_level":0.95,"lower_bound":0.0019361108189311141,"upper_bound":0.004880355604085801},"point_estimate":0.0032093568781892457,"standard_error":0.0007489077237157352},"slope":{"confidence_interval":{"confidence_level":0.95,"lower_bound":20.002761244116886,"upper_bound":20.004050489718562},"point_estimate":20.003384564024735,"standard_error":0.00032832952007359533},"std_dev":{"confidence_interval":{"confidence_level":0.95,"lower_bound":0.005137096713486711,"upper_bound":0.018311080620519376},"point_estimate":0.011983484452303213,"standard_error":0.0036836821761347836}}