{"mean":{"confidence_interval":{"confidence_level":0.95,"lower_bound":20.004916735522546,"upper_bound":20.009623368728708},"point_estimate":20.006949375412702,"standard_error":0.0012130855836251335},"median":{"confidence_interval":{"confidence_level":0.95,"lower_bound":20.002418914289418,"upper_bound":20.005079720007778},"point_estimate":20.00333185935994,"standard_error":0.0006704927730607334},"median_abs_dev":{"confidence_interval":{"confidence_level":0.95,"lower_bound":0.0017885994038434115,"upper_bound":0.0047989319418763445},"point_estimate":0.003009748471007792,"standard_error":0.0007567079944453893},"slope":{"confidence_interval":{"confidence_level":0.95,"lower_bound":20.002654217339398,"upper_bound":20.003945168858113},"point_estimate":20.003274658064417,"standard_error":0.00032965011334775904},"std_dev":{"confidence_interval":{"confidence_level":0.95,"lower_bound":0.005201094505935408,"upper_bound":0.018669840529855642},"point_estimate":0.012198855623653356,"standard_error":0.0037812932205403896}}