{"mean":{"confidence_interval":{"confidence_level":0.95,"lower_bound":21.004932517610793,"upper_bound":21.009618900726366},"point_estimate":21.006991858015553,"standard_error":0.0012133248930474778},"median":{"confidence_interval":{"confidence_level":0.95,"lower_bound":21.002455818762925,"upper_bound":21.00514616450077},"point_estimate":21.003447824371598,"standard_error":0.0007050755473627811},"median_abs_dev":{"confidence_interval":{"confidence_level":0.95,"lower_bound":0.001909302418201701,"upper_bound":0.004824500258012037},"point_estimate":0.003116303115155506,"standard_error":0.0007466328037329779},"slope":{"confidence_interval":{"confidence_level":0.95,"lower_bound":21.002765758196063,"upper_bound":21.004049566670346},"point_estimate":21.00339291463808,"standard_error":0.0003265689938737973},"std_dev":{"confidence_interval":{"confidence_level":0.95,"lower_bound":0.0053458402533552085,"upper_bound":0.018380078967173186},"point_estimate":0.012210242129854621,"standard_error":0.0035581212850893155}}