{"mean":{"confidence_interval":{"confidence_level":0.95,"lower_bound":21.004968037406233,"upper_bound":21.009666415444475},"point_estimate":21.007021699953516,"standard_error":0.0012094883080104111},"median":{"confidence_interval":{"confidence_level":0.95,"lower_bound":21.002489992375143,"upper_bound":21.00514479285805},"point_estimate":21.003495802103032,"standard_error":0.0007125971235224044},"median_abs_dev":{"confidence_interval":{"confidence_level":0.95,"lower_bound":0.0019148568415422828,"upper_bound":0.004909132797158315},"point_estimate":0.003159667607602638,"standard_error":0.000741464246650059},"slope":{"confidence_interval":{"confidence_level":0.95,"lower_bound":21.00277498641175,"upper_bound":21.004061335059415},"point_estimate":21.003400183979114,"standard_error":0.00032736380428105674},"std_dev":{"confidence_interval":{"confidence_level":0.95,"lower_bound":0.005334300019288342,"upper_bound":0.018442722992825178},"point_estimate":0.01220374553056842,"standard_error":0.003620480266012296}}