{"mean":{"confidence_interval":{"confidence_level":0.95,"lower_bound":52.01008742828296,"upper_bound":52.01908201162106},"point_estimate":52.013982666493355,"standard_error":0.0023242844019525388},"median":{"confidence_interval":{"confidence_level":0.95,"lower_bound":52.005124752444345,"upper_bound":52.01022820723684},"point_estimate":52.00722286262308,"standard_error":0.0014560295401125124},"median_abs_dev":{"confidence_interval":{"confidence_level":0.95,"lower_bound":0.004206960176360256,"upper_bound":0.009974547636221307},"point_estimate":0.006658423675646916,"standard_error":0.0015329703072506677},"slope":{"confidence_interval":{"confidence_level":0.95,"lower_bound":52.00569393178449,"upper_bound":52.00850078379802},"point_estimate":52.00702621597588,"standard_error":0.0007140313097766733},"std_dev":{"confidence_interval":{"confidence_level":0.95,"lower_bound":0.0107027518627415,"upper_bound":0.035309614985452},"point_estimate":0.023318564404703885,"standard_error":0.006923039116194937}}