{"mean":{"confidence_interval":{"confidence_level":0.95,"lower_bound":21.00497720578621,"upper_bound":21.009711544059193},"point_estimate":21.007037292749665,"standard_error":0.0012240207609303742},"median":{"confidence_interval":{"confidence_level":0.95,"lower_bound":21.002458592132506,"upper_bound":21.00510834274421},"point_estimate":21.00345171801854,"standard_error":0.0007026382968885851},"median_abs_dev":{"confidence_interval":{"confidence_level":0.95,"lower_bound":0.0018926525583722275,"upper_bound":0.004839557165622229},"point_estimate":0.003130843337216785,"standard_error":0.0007431361551693519},"slope":{"confidence_interval":{"confidence_level":0.95,"lower_bound":21.002765302556885,"upper_bound":21.004044271684112},"point_estimate":21.00338886461187,"standard_error":0.00032647032078379225},"std_dev":{"confidence_interval":{"confidence_level":0.95,"lower_bound":0.005399995762367495,"upper_bound":0.018557815019760344},"point_estimate":0.012329524915748081,"standard_error":0.003551121446578371}}