{"mean":{"confidence_interval":{"confidence_level":0.95,"lower_bound":19.004541021864515,"upper_bound":19.009756547598048},"point_estimate":19.00681753630432,"standard_error":0.0013439000645780617},"median":{"confidence_interval":{"confidence_level":0.95,"lower_bound":19.002215779226276,"upper_bound":19.004631980024765},"point_estimate":19.00311082305167,"standard_error":0.0006274548229105396},"median_abs_dev":{"confidence_interval":{"confidence_level":0.95,"lower_bound":0.0017056425195340439,"upper_bound":0.004365550758923082},"point_estimate":0.002859733722948306,"standard_error":0.0006639567481318243},"slope":{"confidence_interval":{"confidence_level":0.95,"lower_bound":19.00246729427735,"upper_bound":19.003644567932643},"point_estimate":19.00303571751364,"standard_error":0.00030048443457433816},"std_dev":{"confidence_interval":{"confidence_level":0.95,"lower_bound":0.004955624989634863,"upper_bound":0.019801410921464646},"point_estimate":0.013516998476796497,"standard_error":0.0038189787072608313}}