{"mean":{"confidence_interval":{"confidence_level":0.95,"lower_bound":20.004035799485276,"upper_bound":20.0078326986704},"point_estimate":20.0056794804788,"standard_error":0.000979364068299868},"median":{"confidence_interval":{"confidence_level":0.95,"lower_bound":20.00201075475322,"upper_bound":20.00419411859232},"point_estimate":20.002795411349442,"standard_error":0.0005663139883934961},"median_abs_dev":{"confidence_interval":{"confidence_level":0.95,"lower_bound":0.0015444585145583888,"upper_bound":0.003952702843605635},"point_estimate":0.0025616358776540237,"standard_error":0.0006108656534843363},"slope":{"confidence_interval":{"confidence_level":0.95,"lower_bound":20.002275212337747,"upper_bound":20.00336206496968},"point_estimate":20.00280324455527,"standard_error":0.0002779973314101851},"std_dev":{"confidence_interval":{"confidence_level":0.95,"lower_bound":0.004143552993021623,"upper_bound":0.0150725423229413},"point_estimate":0.009837968447867763,"standard_error":0.003086618329501906}}