{"mean":{"confidence_interval":{"confidence_level":0.95,"lower_bound":49.0113419213656,"upper_bound":49.022051245266475},"point_estimate":49.01594741788047,"standard_error":0.0027684260767195986},"median":{"confidence_interval":{"confidence_level":0.95,"lower_bound":49.00567278096551,"upper_bound":49.01176199632418},"point_estimate":49.00788646962964,"standard_error":0.001594553125921399},"median_abs_dev":{"confidence_interval":{"confidence_level":0.95,"lower_bound":0.004396155835996398,"upper_bound":0.011296124422430772},"point_estimate":0.007210978802167797,"standard_error":0.0017286193044230656},"slope":{"confidence_interval":{"confidence_level":0.95,"lower_bound":49.006274908398936,"upper_bound":49.009282259085175},"point_estimate":49.00773000550485,"standard_error":0.0007672617730505022},"std_dev":{"confidence_interval":{"confidence_level":0.95,"lower_bound":0.011623259206431497,"upper_bound":0.04268972529755101},"point_estimate":0.027761890026318514,"standard_error":0.008743282108254483}}