{"mean":{"confidence_interval":{"confidence_level":0.95,"lower_bound":23.005201771970516,"upper_bound":23.010099386565614},"point_estimate":23.007336109634906,"standard_error":0.0012593892606317786},"median":{"confidence_interval":{"confidence_level":0.95,"lower_bound":23.00261067252923,"upper_bound":23.00543935034949},"point_estimate":23.003665229905568,"standard_error":0.0007484421070608134},"median_abs_dev":{"confidence_interval":{"confidence_level":0.95,"lower_bound":0.0020168060715423405,"upper_bound":0.005105335721662394},"point_estimate":0.0033275325367965554,"standard_error":0.0007931674833773327},"slope":{"confidence_interval":{"confidence_level":0.95,"lower_bound":23.002892391963663,"upper_bound":23.00423873565826},"point_estimate":23.003548878575007,"standard_error":0.0003445077424893826},"std_dev":{"confidence_interval":{"confidence_level":0.95,"lower_bound":0.005540841311525569,"upper_bound":0.019285936221902972},"point_estimate":0.012684024949439284,"standard_error":0.003823210665598927}}