{"mean":{"confidence_interval":{"confidence_level":0.95,"lower_bound":49.01004488737205,"upper_bound":49.0195856980994},"point_estimate":49.01421927185752,"standard_error":0.0024521227651534976},"median":{"confidence_interval":{"confidence_level":0.95,"lower_bound":49.00496490895296,"upper_bound":49.010424651533874},"point_estimate":49.0069704386778,"standard_error":0.001415719756954796},"median_abs_dev":{"confidence_interval":{"confidence_level":0.95,"lower_bound":0.0038218427699685197,"upper_bound":0.009814631843965423},"point_estimate":0.006339392291994748,"standard_error":0.0014952306740764558},"slope":{"confidence_interval":{"confidence_level":0.95,"lower_bound":49.00551946469464,"upper_bound":49.00819887124202},"point_estimate":49.00680569791856,"standard_error":0.0006855572700160921},"std_dev":{"confidence_interval":{"confidence_level":0.95,"lower_bound":0.010957951450507007,"upper_bound":0.03715552047903717},"point_estimate":0.024626760589730786,"standard_error":0.007177098163184677}}