{"mean":{"confidence_interval":{"confidence_level":0.95,"lower_bound":21.005084022823393,"upper_bound":21.00971517138067},"point_estimate":21.00709267670526,"standard_error":0.0011906796023186293},"median":{"confidence_interval":{"confidence_level":0.95,"lower_bound":21.002493081400896,"upper_bound":21.005225222067068},"point_estimate":21.00350013891259,"standard_error":0.000718655146465253},"median_abs_dev":{"confidence_interval":{"confidence_level":0.95,"lower_bound":0.0019358774967391482,"upper_bound":0.005057848846929579},"point_estimate":0.003198343477130621,"standard_error":0.0008063344654355135},"slope":{"confidence_interval":{"confidence_level":0.95,"lower_bound":21.002918254933626,"upper_bound":21.004923192926444},"point_estimate":21.00382673317389,"standard_error":0.000513882342165919},"std_dev":{"confidence_interval":{"confidence_level":0.95,"lower_bound":0.005256624313919686,"upper_bound":0.01827148855753759},"point_estimate":0.012004928942124349,"standard_error":0.003665080124563475}}