{"mean":{"confidence_interval":{"confidence_level":0.95,"lower_bound":18.00455572321266,"upper_bound":18.008780226384175},"point_estimate":18.006391366851272,"standard_error":0.0010959241055378181},"median":{"confidence_interval":{"confidence_level":0.95,"lower_bound":18.00228573178414,"upper_bound":18.004734560605215},"point_estimate":18.003134634469745,"standard_error":0.0006361109482239058},"median_abs_dev":{"confidence_interval":{"confidence_level":0.95,"lower_bound":0.001765453136329256,"upper_bound":0.0045007739392829245},"point_estimate":0.002880524020211944,"standard_error":0.0006939063816859731},"slope":{"confidence_interval":{"confidence_level":0.95,"lower_bound":18.002544350225342,"upper_bound":18.00378831674402},"point_estimate":18.003142876460856,"standard_error":0.00031728815900308},"std_dev":{"confidence_interval":{"confidence_level":0.95,"lower_bound":0.004687752974803752,"upper_bound":0.016891442610165286},"point_estimate":0.011050084618969733,"standard_error":0.0034480680093594168}}