{"mean":{"confidence_interval":{"confidence_level":0.95,"lower_bound":46.02462787134599,"upper_bound":46.045900833450105},"point_estimate":46.03390575970174,"standard_error":0.005492450616104764},"median":{"confidence_interval":{"confidence_level":0.95,"lower_bound":46.013189720332576,"upper_bound":46.02625970343939},"point_estimate":46.01965316118395,"standard_error":0.003866514886255823},"median_abs_dev":{"confidence_interval":{"confidence_level":0.95,"lower_bound":0.011071258395483818,"upper_bound":0.02557115695518753},"point_estimate":0.018271105580013304,"standard_error":0.0039009405801382767},"slope":{"confidence_interval":{"confidence_level":0.95,"lower_bound":46.01520006700913,"upper_bound":46.02347465262131},"point_estimate":46.01911651210134,"standard_error":0.0021199385742769823},"std_dev":{"confidence_interval":{"confidence_level":0.95,"lower_bound":0.024016707282697333,"upper_bound":0.08414315593263619},"point_estimate":0.05525152896354691,"standard_error":0.016982095336170195}}