{"mean":{"confidence_interval":{"confidence_level":0.95,"lower_bound":-0.00015123719161140857,"upper_bound":0.00015183044381197327},"point_estimate":1.0130123511142841e-6,"standard_error":0.00007670115701038567},"median":{"confidence_interval":{"confidence_level":0.95,"lower_bound":-0.00009306051345381317,"upper_bound":0.00009196068124150969},"point_estimate":-8.84427392433551e-8,"standard_error":0.000047181403785026615}}