{"mean":{"confidence_interval":{"confidence_level":0.95,"lower_bound":49.010765427853386,"upper_bound":49.02077288595895},"point_estimate":49.0150793864298,"standard_error":0.0025810266853858767},"median":{"confidence_interval":{"confidence_level":0.95,"lower_bound":49.00571725571726,"upper_bound":49.01114864864864},"point_estimate":49.00762535460811,"standard_error":0.0014539441654663025},"median_abs_dev":{"confidence_interval":{"confidence_level":0.95,"lower_bound":0.004517594610853734,"upper_bound":0.010613930336026188},"point_estimate":0.006969638666609747,"standard_error":0.001532794921633939},"slope":{"confidence_interval":{"confidence_level":0.95,"lower_bound":49.0061954413576,"upper_bound":49.009017366475824},"point_estimate":49.00758109045149,"standard_error":0.0007218526583855678},"std_dev":{"confidence_interval":{"confidence_level":0.95,"lower_bound":0.010769431146080782,"upper_bound":0.039752703134096366},"point_estimate":0.02585995424603489,"standard_error":0.008171495657500217}}