{"mean":{"confidence_interval":{"confidence_level":0.95,"lower_bound":43.007954418396956,"upper_bound":43.01541447236074},"point_estimate":43.01117887062109,"standard_error":0.0019256008554968916},"median":{"confidence_interval":{"confidence_level":0.95,"lower_bound":43.00396346195342,"upper_bound":43.00823234198067},"point_estimate":43.005510123255924,"standard_error":0.001119909347744496},"median_abs_dev":{"confidence_interval":{"confidence_level":0.95,"lower_bound":0.0030706096422331835,"upper_bound":0.007848326515382937},"point_estimate":0.0050398798405316796,"standard_error":0.0012103998333313722},"slope":{"confidence_interval":{"confidence_level":0.95,"lower_bound":43.00443824867641,"upper_bound":43.006560999064995},"point_estimate":43.00546119256884,"standard_error":0.0005430946356073921},"std_dev":{"confidence_interval":{"confidence_level":0.95,"lower_bound":0.008148501741239912,"upper_bound":0.029727529004135417},"point_estimate":0.019377753673729414,"standard_error":0.006087616473664896}}