{"mean":{"confidence_interval":{"confidence_level":0.95,"lower_bound":25.005810469246704,"upper_bound":25.013157617388377},"point_estimate":25.00899056055166,"standard_error":0.0019007202167093252},"median":{"confidence_interval":{"confidence_level":0.95,"lower_bound":25.00282690504244,"upper_bound":25.006049452088163},"point_estimate":25.00394719704074,"standard_error":0.0008199036238999757},"median_abs_dev":{"confidence_interval":{"confidence_level":0.95,"lower_bound":0.002180191707555827,"upper_bound":0.005748851954180358},"point_estimate":0.003658044876983736,"standard_error":0.0008859151495674768},"slope":{"confidence_interval":{"confidence_level":0.95,"lower_bound":25.00316053840486,"upper_bound":25.00469510077697},"point_estimate":25.003901547896714,"standard_error":0.000392020326409107},"std_dev":{"confidence_interval":{"confidence_level":0.95,"lower_bound":0.00605686202539685,"upper_bound":0.028906922277075125},"point_estimate":0.019145308218602997,"standard_error":0.005930579827125549}}