{"mean":{"confidence_interval":{"confidence_level":0.95,"lower_bound":31.006546445194978,"upper_bound":31.01248208708099},"point_estimate":31.00910497453581,"standard_error":0.0015358849610746421},"median":{"confidence_interval":{"confidence_level":0.95,"lower_bound":31.003382117820685,"upper_bound":31.00683881232059},"point_estimate":31.004766556159375,"standard_error":0.0009608692312745979},"median_abs_dev":{"confidence_interval":{"confidence_level":0.95,"lower_bound":0.0026464507790743943,"upper_bound":0.0065098427247682515},"point_estimate":0.0044018082800353344,"standard_error":0.0010112278560461146},"slope":{"confidence_interval":{"confidence_level":0.95,"lower_bound":31.00391784139661,"upper_bound":31.006192019718338},"point_estimate":31.00498186114013,"standard_error":0.0005799835692187039},"std_dev":{"confidence_interval":{"confidence_level":0.95,"lower_bound":0.0065679760784842145,"upper_bound":0.023567291378405592},"point_estimate":0.015368075685634315,"standard_error":0.004785370054107362}}