{"mean":{"confidence_interval":{"confidence_level":0.95,"lower_bound":22.005350460329094,"upper_bound":22.010721669058796},"point_estimate":22.007715362142285,"standard_error":0.001378898119152047},"median":{"confidence_interval":{"confidence_level":0.95,"lower_bound":22.002639407078753,"upper_bound":22.00541520939588},"point_estimate":22.00370557151451,"standard_error":0.000738417338243184},"median_abs_dev":{"confidence_interval":{"confidence_level":0.95,"lower_bound":0.0020239643386046045,"upper_bound":0.00518517892117849},"point_estimate":0.003392746734533184,"standard_error":0.0007974573407175348},"slope":{"confidence_interval":{"confidence_level":0.95,"lower_bound":22.002965315217274,"upper_bound":22.00441922468944},"point_estimate":22.003667200584417,"standard_error":0.000371158403593803},"std_dev":{"confidence_interval":{"confidence_level":0.95,"lower_bound":0.005824060635581427,"upper_bound":0.02051940215748068},"point_estimate":0.013831730696739585,"standard_error":0.0038258275414914636}}