{"mean":{"confidence_interval":{"confidence_level":0.95,"lower_bound":-0.00017929781827960564,"upper_bound":0.00011791773797057975},"point_estimate":-0.000027639122063827237,"standard_error":0.00007572391407401699},"median":{"confidence_interval":{"confidence_level":0.95,"lower_bound":-0.00008955879470995409,"upper_bound":0.00007101716767432542},"point_estimate":-0.000010117654017149924,"standard_error":0.00004006520712277326}}