{"mean":{"confidence_interval":{"confidence_level":0.95,"lower_bound":21.005032066228907,"upper_bound":21.01018728105491},"point_estimate":21.007317302583097,"standard_error":0.0013274688942618977},"median":{"confidence_interval":{"confidence_level":0.95,"lower_bound":21.00247653806048,"upper_bound":21.005114082245544},"point_estimate":21.003419981131138,"standard_error":0.000688052598950963},"median_abs_dev":{"confidence_interval":{"confidence_level":0.95,"lower_bound":0.0018909009821510515,"upper_bound":0.00482128029709198},"point_estimate":0.003113442767109485,"standard_error":0.0007362679844553965},"slope":{"confidence_interval":{"confidence_level":0.95,"lower_bound":21.002725091660576,"upper_bound":21.00400812443026},"point_estimate":21.003346700038158,"standard_error":0.0003291789398717054},"std_dev":{"confidence_interval":{"confidence_level":0.95,"lower_bound":0.005539600049700434,"upper_bound":0.01967735106962601},"point_estimate":0.013386392816249508,"standard_error":0.0036393816355632757}}