{"mean":{"confidence_interval":{"confidence_level":0.95,"lower_bound":65.01449028520628,"upper_bound":65.02788528273145},"point_estimate":65.02024017435465,"standard_error":0.0034560642047113182},"median":{"confidence_interval":{"confidence_level":0.95,"lower_bound":65.00743584126832,"upper_bound":65.01543642997474},"point_estimate":65.01048809801605,"standard_error":0.0021082788805346867},"median_abs_dev":{"confidence_interval":{"confidence_level":0.95,"lower_bound":0.005836426770783452,"upper_bound":0.014623176348761157},"point_estimate":0.009591892527755707,"standard_error":0.0022782781172411984},"slope":{"confidence_interval":{"confidence_level":0.95,"lower_bound":65.00833706519767,"upper_bound":65.01227799713152},"point_estimate":65.01025298143104,"standard_error":0.00100993384945441},"std_dev":{"confidence_interval":{"confidence_level":0.95,"lower_bound":0.014375520304768378,"upper_bound":0.053640358844617056},"point_estimate":0.03476137960115041,"standard_error":0.011076495056108384}}