{"mean":{"confidence_interval":{"confidence_level":0.95,"lower_bound":23.006243999829877,"upper_bound":23.012087409478},"point_estimate":23.00875084430688,"standard_error":0.0015118574940383184},"median":{"confidence_interval":{"confidence_level":0.95,"lower_bound":23.003227099001357,"upper_bound":23.006793892634434},"point_estimate":23.00453065623343,"standard_error":0.0009195127038391415},"median_abs_dev":{"confidence_interval":{"confidence_level":0.95,"lower_bound":0.002469117189938374,"upper_bound":0.006344227546394185},"point_estimate":0.00426315930976152,"standard_error":0.0009706286976334235},"slope":{"confidence_interval":{"confidence_level":0.95,"lower_bound":23.003592442592247,"upper_bound":23.005339942783458},"point_estimate":23.004442028011045,"standard_error":0.0004462656724459247},"std_dev":{"confidence_interval":{"confidence_level":0.95,"lower_bound":0.006084790173635318,"upper_bound":0.02351134853370677},"point_estimate":0.015219744951486822,"standard_error":0.004919113917824767}}