{"mean":{"confidence_interval":{"confidence_level":0.95,"lower_bound":49.01090659975747,"upper_bound":49.02092147145546},"point_estimate":49.01520270282524,"standard_error":0.002577635672421898},"median":{"confidence_interval":{"confidence_level":0.95,"lower_bound":49.005736337088024,"upper_bound":49.011745942278125},"point_estimate":49.00822862029578,"standard_error":0.0016228292806464819},"median_abs_dev":{"confidence_interval":{"confidence_level":0.95,"lower_bound":0.0045398862356296294,"upper_bound":0.011125076097630497},"point_estimate":0.007615431685665317,"standard_error":0.0016985022461984223},"slope":{"confidence_interval":{"confidence_level":0.95,"lower_bound":49.00640900072429,"upper_bound":49.00953587815847},"point_estimate":49.00792734243256,"standard_error":0.0007962587996174627},"std_dev":{"confidence_interval":{"confidence_level":0.95,"lower_bound":0.010703716075799176,"upper_bound":0.03982906933208541},"point_estimate":0.025843543691078438,"standard_error":0.008233739453154556}}