{"mean":{"confidence_interval":{"confidence_level":0.95,"lower_bound":44.01097561823479,"upper_bound":44.02162112312452},"point_estimate":44.015565693198916,"standard_error":0.0027451488812798067},"median":{"confidence_interval":{"confidence_level":0.95,"lower_bound":44.00547161046044,"upper_bound":44.011074027766576},"point_estimate":44.00737499373873,"standard_error":0.0014194687721928224},"median_abs_dev":{"confidence_interval":{"confidence_level":0.95,"lower_bound":0.00401185522031557,"upper_bound":0.010465218118924315},"point_estimate":0.0065474979412709754,"standard_error":0.0016285454555984692},"slope":{"confidence_interval":{"confidence_level":0.95,"lower_bound":44.00612007999983,"upper_bound":44.00928856605316},"point_estimate":44.00764271231716,"standard_error":0.0008095289032694356},"std_dev":{"confidence_interval":{"confidence_level":0.95,"lower_bound":0.011227096101916285,"upper_bound":0.042405963998329445},"point_estimate":0.027599541988151004,"standard_error":0.00880285760229644}}