{"mean":{"confidence_interval":{"confidence_level":0.95,"lower_bound":-0.00020639298035574348,"upper_bound":0.00011714130734191141},"point_estimate":-0.00003902109052056346,"standard_error":0.00008177951123548147},"median":{"confidence_interval":{"confidence_level":0.95,"lower_bound":-0.00008857551189989099,"upper_bound":0.00008245475864132601},"point_estimate":-3.512848781861422e-6,"standard_error":0.000043803935085366486}}