{"mean":{"confidence_interval":{"confidence_level":0.95,"lower_bound":-0.00013661204863949227,"upper_bound":0.00013600582135992462},"point_estimate":4.603829432570095e-6,"standard_error":0.00006905089816642376},"median":{"confidence_interval":{"confidence_level":0.95,"lower_bound":-0.00008260374074272597,"upper_bound":0.00008401020283832494},"point_estimate":4.765815027507614e-6,"standard_error":0.000041738740316308804}}