{"mean":{"confidence_interval":{"confidence_level":0.95,"lower_bound":32.007397514189904,"upper_bound":32.014221971774816},"point_estimate":32.010405505238225,"standard_error":0.0017457570682158686},"median":{"confidence_interval":{"confidence_level":0.95,"lower_bound":32.00347398830479,"upper_bound":32.007299658553094},"point_estimate":32.004928376265724,"standard_error":0.0010387636445984161},"median_abs_dev":{"confidence_interval":{"confidence_level":0.95,"lower_bound":0.002707026981483991,"upper_bound":0.007319693789783922},"point_estimate":0.004591843595583862,"standard_error":0.0011746226129860792},"slope":{"confidence_interval":{"confidence_level":0.95,"lower_bound":32.0042970679932,"upper_bound":32.00747986174882},"point_estimate":32.005784245050535,"standard_error":0.0008159296314929566},"std_dev":{"confidence_interval":{"confidence_level":0.95,"lower_bound":0.008304564350092533,"upper_bound":0.026009171245979873},"point_estimate":0.01754683478975606,"standard_error":0.004720731951028711}}