{"mean":{"confidence_interval":{"confidence_level":0.95,"lower_bound":36.00810160672538,"upper_bound":36.01540527157337},"point_estimate":36.01133619695452,"standard_error":0.001871183792409986},"median":{"confidence_interval":{"confidence_level":0.95,"lower_bound":36.00374982058275,"upper_bound":36.00780823884025},"point_estimate":36.005264526433905,"standard_error":0.0010835244215697103},"median_abs_dev":{"confidence_interval":{"confidence_level":0.95,"lower_bound":0.0029038140014247746,"upper_bound":0.00786685795246521},"point_estimate":0.0048477753792266175,"standard_error":0.001254845081458402},"slope":{"confidence_interval":{"confidence_level":0.95,"lower_bound":36.004643415199126,"upper_bound":36.00866589015921},"point_estimate":36.0064704876834,"standard_error":0.0010350235883370164},"std_dev":{"confidence_interval":{"confidence_level":0.95,"lower_bound":0.009119407220495769,"upper_bound":0.028024271362514605},"point_estimate":0.018803455053940578,"standard_error":0.005236988026791824}}