{"mean":{"confidence_interval":{"confidence_level":0.95,"lower_bound":46.0244759207509,"upper_bound":46.04694719124919},"point_estimate":46.03425559848276,"standard_error":0.005776362999361751},"median":{"confidence_interval":{"confidence_level":0.95,"lower_bound":46.0125638994888,"upper_bound":46.02543307126071},"point_estimate":46.01736676582778,"standard_error":0.0036069348788166002},"median_abs_dev":{"confidence_interval":{"confidence_level":0.95,"lower_bound":0.0099189759611795,"upper_bound":0.024714023729042384},"point_estimate":0.016065935508574887,"standard_error":0.0037580561135471644},"slope":{"confidence_interval":{"confidence_level":0.95,"lower_bound":46.014188691625755,"upper_bound":46.0211309822169},"point_estimate":46.01757216140586,"standard_error":0.0017765704052689322},"std_dev":{"confidence_interval":{"confidence_level":0.95,"lower_bound":0.025644192089171697,"upper_bound":0.08811590623978799},"point_estimate":0.05815531451822831,"standard_error":0.01739489369965184}}