{"mean":{"confidence_interval":{"confidence_level":0.95,"lower_bound":55.02762241428811,"upper_bound":55.05398100167977},"point_estimate":55.03898648135876,"standard_error":0.006812630400420707},"median":{"confidence_interval":{"confidence_level":0.95,"lower_bound":55.013533426399874,"upper_bound":55.028274054332684},"point_estimate":55.018641203460476,"standard_error":0.0036784216882351896},"median_abs_dev":{"confidence_interval":{"confidence_level":0.95,"lower_bound":0.010075338512707602,"upper_bound":0.02674950575408176},"point_estimate":0.017101856320956347,"standard_error":0.0042362449140367865},"slope":{"confidence_interval":{"confidence_level":0.95,"lower_bound":55.01497853119848,"upper_bound":55.02253735295902},"point_estimate":55.01859677809873,"standard_error":0.0019253200683853873},"std_dev":{"confidence_interval":{"confidence_level":0.95,"lower_bound":0.029011573638560374,"upper_bound":0.10445317043738875},"point_estimate":0.06821402070021983,"standard_error":0.02122769427310253}}