{"mean":{"confidence_interval":{"confidence_level":0.95,"lower_bound":-0.0001391569179614277,"upper_bound":0.00013993695366104614},"point_estimate":-4.799963898016735e-6,"standard_error":0.00007103294615171263},"median":{"confidence_interval":{"confidence_level":0.95,"lower_bound":-0.00008287232809323086,"upper_bound":0.00008149731209794453},"point_estimate":-7.056433807273166e-7,"standard_error":0.00004159620856615948}}