{"mean":{"confidence_interval":{"confidence_level":0.95,"lower_bound":58.01297996810882,"upper_bound":58.02481689672299},"point_estimate":58.018056787225845,"standard_error":0.003041179476351616},"median":{"confidence_interval":{"confidence_level":0.95,"lower_bound":58.006629112269884,"upper_bound":58.0137423217829},"point_estimate":58.00940439538287,"standard_error":0.0018823586367603758},"median_abs_dev":{"confidence_interval":{"confidence_level":0.95,"lower_bound":0.005209010488730179,"upper_bound":0.013125770663745165},"point_estimate":0.008655745627692325,"standard_error":0.00201424088436758},"slope":{"confidence_interval":{"confidence_level":0.95,"lower_bound":58.00755517188005,"upper_bound":58.01191459788657},"point_estimate":58.0095988763469,"standard_error":0.0011152441257507026},"std_dev":{"confidence_interval":{"confidence_level":0.95,"lower_bound":0.012868775061492328,"upper_bound":0.04720052208239498},"point_estimate":0.030694926569187004,"standard_error":0.00968217493165243}}