{"mean":{"confidence_interval":{"confidence_level":0.95,"lower_bound":65.02905890751079,"upper_bound":65.05582774350533},"point_estimate":65.04056122280834,"standard_error":0.006897491423207759},"median":{"confidence_interval":{"confidence_level":0.95,"lower_bound":65.01400800074923,"upper_bound":65.02977163149234},"point_estimate":65.01982799153672,"standard_error":0.0043374386545865},"median_abs_dev":{"confidence_interval":{"confidence_level":0.95,"lower_bound":0.010717732451527939,"upper_bound":0.029126637177803234},"point_estimate":0.01833668929716075,"standard_error":0.004882609661617588},"slope":{"confidence_interval":{"confidence_level":0.95,"lower_bound":65.01590821275283,"upper_bound":65.02378642940182},"point_estimate":65.01967320677345,"standard_error":0.002008879922100835},"std_dev":{"confidence_interval":{"confidence_level":0.95,"lower_bound":0.0302052615343805,"upper_bound":0.10570223612003311},"point_estimate":0.0691724414323425,"standard_error":0.021203091089536916}}