{"mean":{"confidence_interval":{"confidence_level":0.95,"lower_bound":47.01115085614873,"upper_bound":47.02158570750504},"point_estimate":47.015666214331034,"standard_error":0.002680546208212113},"median":{"confidence_interval":{"confidence_level":0.95,"lower_bound":47.00556206088993,"upper_bound":47.01164293563697},"point_estimate":47.00780880469769,"standard_error":0.0016250813727954404},"median_abs_dev":{"confidence_interval":{"confidence_level":0.95,"lower_bound":0.004319496410432929,"upper_bound":0.011179940602960611},"point_estimate":0.007178518918943172,"standard_error":0.0017267899373204065},"slope":{"confidence_interval":{"confidence_level":0.95,"lower_bound":47.00617945452784,"upper_bound":47.0091418174018},"point_estimate":47.00761349734191,"standard_error":0.0007546205482303596},"std_dev":{"confidence_interval":{"confidence_level":0.95,"lower_bound":0.01176135179917107,"upper_bound":0.04099049111201912},"point_estimate":0.026945633913207954,"standard_error":0.008156623542944635}}