{"mean":{"confidence_interval":{"confidence_level":0.95,"lower_bound":-0.00003723381040531825,"upper_bound":0.0015899419928177947},"point_estimate":0.0005589589035197573,"standard_error":0.00044594734345955147},"median":{"confidence_interval":{"confidence_level":0.95,"lower_bound":-0.00008788708676688017,"upper_bound":0.00008830534740078555},"point_estimate":4.354493077229904e-7,"standard_error":0.0000438788898893045}}