{"mean":{"confidence_interval":{"confidence_level":0.95,"lower_bound":58.01443957532647,"upper_bound":58.028043351937775},"point_estimate":58.02046953578113,"standard_error":0.0034803828772895576},"median":{"confidence_interval":{"confidence_level":0.95,"lower_bound":58.006779401852356,"upper_bound":58.014343215962604},"point_estimate":58.010094167271745,"standard_error":0.002051428180761486},"median_abs_dev":{"confidence_interval":{"confidence_level":0.95,"lower_bound":0.005381207620964736,"upper_bound":0.013633094904911484},"point_estimate":0.009380736121708278,"standard_error":0.0021842822978227513},"slope":{"confidence_interval":{"confidence_level":0.95,"lower_bound":58.00804855527635,"upper_bound":58.01222706794681},"point_estimate":58.010015291863596,"standard_error":0.0010660428061852294},"std_dev":{"confidence_interval":{"confidence_level":0.95,"lower_bound":0.017381722297040485,"upper_bound":0.0513514411863281},"point_estimate":0.03497805616660557,"standard_error":0.009122381775471295}}