{"mean":{"confidence_interval":{"confidence_level":0.95,"lower_bound":64.02956949953956,"upper_bound":64.05778182441207},"point_estimate":64.04179856082878,"standard_error":0.007274107065258918},"median":{"confidence_interval":{"confidence_level":0.95,"lower_bound":64.01447652231624,"upper_bound":64.03051185752079},"point_estimate":64.02012569395575,"standard_error":0.004073565254360545},"median_abs_dev":{"confidence_interval":{"confidence_level":0.95,"lower_bound":0.010914882150541138,"upper_bound":0.02908403701391957},"point_estimate":0.01869759917702319,"standard_error":0.004496356929192133},"slope":{"confidence_interval":{"confidence_level":0.95,"lower_bound":64.01603565546611,"upper_bound":64.02404855040758},"point_estimate":64.01988829342879,"standard_error":0.0020503766743264415},"std_dev":{"confidence_interval":{"confidence_level":0.95,"lower_bound":0.03207886702402098,"upper_bound":0.11031407928451643},"point_estimate":0.07290767610622587,"standard_error":0.021678108580794525}}