{"mean":{"confidence_interval":{"confidence_level":0.95,"lower_bound":20.01454975461403,"upper_bound":20.033225767613494},"point_estimate":20.0228353345284,"standard_error":0.0048074919180875345},"median":{"confidence_interval":{"confidence_level":0.95,"lower_bound":20.006726966161278,"upper_bound":20.01366513724758},"point_estimate":20.009312760443326,"standard_error":0.0019061802539247286},"median_abs_dev":{"confidence_interval":{"confidence_level":0.95,"lower_bound":0.0052395732221179395,"upper_bound":0.013156987855624577},"point_estimate":0.008731000792376415,"standard_error":0.0020888676295540065},"slope":{"confidence_interval":{"confidence_level":0.95,"lower_bound":20.007723369185086,"upper_bound":20.011522054662382},"point_estimate":20.009575159435894,"standard_error":0.0009732155339920082},"std_dev":{"confidence_interval":{"confidence_level":0.95,"lower_bound":0.0177729593694558,"upper_bound":0.06961577354808525},"point_estimate":0.04848811440685676,"standard_error":0.012671034430068631}}