{"mean":{"confidence_interval":{"confidence_level":0.95,"lower_bound":20.01346747201408,"upper_bound":20.025809408939967},"point_estimate":20.018821509199284,"standard_error":0.003185341360685938},"median":{"confidence_interval":{"confidence_level":0.95,"lower_bound":20.00692151172774,"upper_bound":20.014003878820304},"point_estimate":20.00967860672435,"standard_error":0.001980338403892564},"median_abs_dev":{"confidence_interval":{"confidence_level":0.95,"lower_bound":0.005552939992077109,"upper_bound":0.013541427474415127},"point_estimate":0.008862927752063456,"standard_error":0.002110554740760512},"slope":{"confidence_interval":{"confidence_level":0.95,"lower_bound":20.007590134278427,"upper_bound":20.011180993105295},"point_estimate":20.009343168290545,"standard_error":0.0009148522824583462},"std_dev":{"confidence_interval":{"confidence_level":0.95,"lower_bound":0.01381765518402655,"upper_bound":0.0488353446856451},"point_estimate":0.032042149209096364,"standard_error":0.009809484229074836}}