{"mean":{"confidence_interval":{"confidence_level":0.95,"lower_bound":21.004803197092176,"upper_bound":21.0093732018828},"point_estimate":21.00680296640345,"standard_error":0.0011734788021704968},"median":{"confidence_interval":{"confidence_level":0.95,"lower_bound":21.00234241908007,"upper_bound":21.00491585498182},"point_estimate":21.00328861792029,"standard_error":0.000684124883615632},"median_abs_dev":{"confidence_interval":{"confidence_level":0.95,"lower_bound":0.0018273256496549601,"upper_bound":0.004737501168523651},"point_estimate":0.003071311954632764,"standard_error":0.0007283246839257401},"slope":{"confidence_interval":{"confidence_level":0.95,"lower_bound":21.00262495389387,"upper_bound":21.003893428139673},"point_estimate":21.003236433432424,"standard_error":0.0003244203021758083},"std_dev":{"confidence_interval":{"confidence_level":0.95,"lower_bound":0.005304420363924126,"upper_bound":0.017686265706125266},"point_estimate":0.0117779917241766,"standard_error":0.0033605475473452353}}