{"mean":{"confidence_interval":{"confidence_level":0.95,"lower_bound":21.00505357666882,"upper_bound":21.010080403563496},"point_estimate":21.007250033550175,"standard_error":0.001293502155364958},"median":{"confidence_interval":{"confidence_level":0.95,"lower_bound":21.002493795341735,"upper_bound":21.005138983452298},"point_estimate":21.00350114124332,"standard_error":0.000705064606302686},"median_abs_dev":{"confidence_interval":{"confidence_level":0.95,"lower_bound":0.0019154562681836715,"upper_bound":0.004875830464902273},"point_estimate":0.0031693115306019926,"standard_error":0.0007391823078643089},"slope":{"confidence_interval":{"confidence_level":0.95,"lower_bound":21.00276724343047,"upper_bound":21.00406380191483},"point_estimate":21.003398516417267,"standard_error":0.00033048474439267963},"std_dev":{"confidence_interval":{"confidence_level":0.95,"lower_bound":0.0055215072555267804,"upper_bound":0.019402814116521786},"point_estimate":0.013005402030696823,"standard_error":0.0036056248398704444}}