{"mean":{"confidence_interval":{"confidence_level":0.95,"lower_bound":16.003576618672327,"upper_bound":16.006877513703362},"point_estimate":16.004996618028514,"standard_error":0.0008505860762017689},"median":{"confidence_interval":{"confidence_level":0.95,"lower_bound":16.001822117550276,"upper_bound":16.00368805818087},"point_estimate":16.002522525584112,"standard_error":0.000510554211353781},"median_abs_dev":{"confidence_interval":{"confidence_level":0.95,"lower_bound":0.0014243029917350087,"upper_bound":0.003536757975492804},"point_estimate":0.0023376241115327322,"standard_error":0.0005565256453801126},"slope":{"confidence_interval":{"confidence_level":0.95,"lower_bound":16.00205253330187,"upper_bound":16.00302469970509},"point_estimate":16.00252170789259,"standard_error":0.0002481728685270235},"std_dev":{"confidence_interval":{"confidence_level":0.95,"lower_bound":0.003618526616233095,"upper_bound":0.013134142414670267},"point_estimate":0.008569547008667355,"standard_error":0.002683565967753142}}