{"mean":{"confidence_interval":{"confidence_level":0.95,"lower_bound":-0.00019649056263293098,"upper_bound":0.00019166978315480744},"point_estimate":-0.000015843801850712325,"standard_error":0.0000982465438438605},"median":{"confidence_interval":{"confidence_level":0.95,"lower_bound":-0.00010328278252924594,"upper_bound":0.00009310545470730958},"point_estimate":-7.414651502779535e-7,"standard_error":0.00004863504465198926}}