{"mean":{"confidence_interval":{"confidence_level":0.95,"lower_bound":57.010891745055524,"upper_bound":57.021151443810254},"point_estimate":57.015328617803625,"standard_error":0.0026497530727049674},"median":{"confidence_interval":{"confidence_level":0.95,"lower_bound":57.005440261049394,"upper_bound":57.011254427530524},"point_estimate":57.007563213493384,"standard_error":0.0015334687162425135},"median_abs_dev":{"confidence_interval":{"confidence_level":0.95,"lower_bound":0.0041874000324750894,"upper_bound":0.010720539455297096},"point_estimate":0.006917755818620467,"standard_error":0.001657370436461768},"slope":{"confidence_interval":{"confidence_level":0.95,"lower_bound":57.00606279865644,"upper_bound":57.0089458967639},"point_estimate":57.007453759563646,"standard_error":0.0007364280831645539},"std_dev":{"confidence_interval":{"confidence_level":0.95,"lower_bound":0.011274785333193763,"upper_bound":0.0408327390970256},"point_estimate":0.026671658038861457,"standard_error":0.008344177427196156}}