{"mean":{"confidence_interval":{"confidence_level":0.95,"lower_bound":-0.00017173283637454958,"upper_bound":0.00012287830358840272},"point_estimate":-0.000026606222180203254,"standard_error":0.0000746316617114108},"median":{"confidence_interval":{"confidence_level":0.95,"lower_bound":-0.00009334685378226126,"upper_bound":0.00008494602267150597},"point_estimate":-5.61041284696806e-6,"standard_error":0.00004563547467856805}}