{"mean":{"confidence_interval":{"confidence_level":0.95,"lower_bound":59.013924472237825,"upper_bound":59.02708747260601},"point_estimate":59.01963974099067,"standard_error":0.003393457354044924},"median":{"confidence_interval":{"confidence_level":0.95,"lower_bound":59.00686235881271,"upper_bound":59.014298132306465},"point_estimate":59.00963434611637,"standard_error":0.0019817023801487928},"median_abs_dev":{"confidence_interval":{"confidence_level":0.95,"lower_bound":0.005282722901304736,"upper_bound":0.013565510660134703},"point_estimate":0.008963845931999248,"standard_error":0.0021095592856420907},"slope":{"confidence_interval":{"confidence_level":0.95,"lower_bound":59.007720209043825,"upper_bound":59.011456824231296},"point_estimate":59.00952069308057,"standard_error":0.000957436262820114},"std_dev":{"confidence_interval":{"confidence_level":0.95,"lower_bound":0.015216728327986657,"upper_bound":0.05145729141847456},"point_estimate":0.03405311209387714,"standard_error":0.009916160482095945}}