{"mean":{"confidence_interval":{"confidence_level":0.95,"lower_bound":20.006820533005612,"upper_bound":20.01329976280435},"point_estimate":20.009633380890236,"standard_error":0.001667913935516836},"median":{"confidence_interval":{"confidence_level":0.95,"lower_bound":20.003543826450848,"upper_bound":20.007092315831237},"point_estimate":20.00502745220706,"standard_error":0.0009465439014556126},"median_abs_dev":{"confidence_interval":{"confidence_level":0.95,"lower_bound":0.00278385953609551,"upper_bound":0.006552247400085357},"point_estimate":0.004603756197261663,"standard_error":0.0009728342111817168},"slope":{"confidence_interval":{"confidence_level":0.95,"lower_bound":20.00393746064565,"upper_bound":20.00578250337961},"point_estimate":20.00483530327896,"standard_error":0.00047041609760080285},"std_dev":{"confidence_interval":{"confidence_level":0.95,"lower_bound":0.0071164887865379535,"upper_bound":0.025557030731003755},"point_estimate":0.01682273107687251,"standard_error":0.005086539682360822}}