{"mean":{"confidence_interval":{"confidence_level":0.95,"lower_bound":35.00727326777043,"upper_bound":35.01376825451165},"point_estimate":35.01009697327208,"standard_error":0.0016720989815873707},"median":{"confidence_interval":{"confidence_level":0.95,"lower_bound":35.00366568914956,"upper_bound":35.00755495365421},"point_estimate":35.005210495866095,"standard_error":0.0010275687133699735},"median_abs_dev":{"confidence_interval":{"confidence_level":0.95,"lower_bound":0.0029606525347701303,"upper_bound":0.007475373165309877},"point_estimate":0.004952868592060486,"standard_error":0.0011262449648623976},"slope":{"confidence_interval":{"confidence_level":0.95,"lower_bound":35.00424440939368,"upper_bound":35.00643627176938},"point_estimate":35.005302115189856,"standard_error":0.0005598788532350626},"std_dev":{"confidence_interval":{"confidence_level":0.95,"lower_bound":0.007413347244017562,"upper_bound":0.025613598983805743},"point_estimate":0.016873102177262234,"standard_error":0.005086669964026486}}