{"mean":{"confidence_interval":{"confidence_level":0.95,"lower_bound":58.013919641799006,"upper_bound":58.02756269078402},"point_estimate":58.0199596475832,"standard_error":0.0035150198977442395},"median":{"confidence_interval":{"confidence_level":0.95,"lower_bound":58.00646178580262,"upper_bound":58.01395792019417},"point_estimate":58.00940206928953,"standard_error":0.002012506306724726},"median_abs_dev":{"confidence_interval":{"confidence_level":0.95,"lower_bound":0.005035768998671359,"upper_bound":0.013513500804417423},"point_estimate":0.008829135991516926,"standard_error":0.0021480742579889256},"slope":{"confidence_interval":{"confidence_level":0.95,"lower_bound":58.00750369170977,"upper_bound":58.011284971032445},"point_estimate":58.0093145742526,"standard_error":0.0009653995831342427},"std_dev":{"confidence_interval":{"confidence_level":0.95,"lower_bound":0.016325402373149937,"upper_bound":0.0514287142533738},"point_estimate":0.03523688382562965,"standard_error":0.009104935437349217}}