{"mean":{"confidence_interval":{"confidence_level":0.95,"lower_bound":20.006953110010386,"upper_bound":20.014790746918074},"point_estimate":20.01051278528337,"standard_error":0.0020047125812644195},"median":{"confidence_interval":{"confidence_level":0.95,"lower_bound":20.002735115215092,"upper_bound":20.00560986462052},"point_estimate":20.00371695144615,"standard_error":0.0007886266252211576},"median_abs_dev":{"confidence_interval":{"confidence_level":0.95,"lower_bound":0.002217129110421423,"upper_bound":0.005577293434896422},"point_estimate":0.0035106104442594282,"standard_error":0.0008476164834447176},"slope":{"confidence_interval":{"confidence_level":0.95,"lower_bound":20.00390649692542,"upper_bound":20.010454948026577},"point_estimate":20.00682740026894,"standard_error":0.0016872201384526718},"std_dev":{"confidence_interval":{"confidence_level":0.95,"lower_bound":0.011530736803308333,"upper_bound":0.02723494414482785},"point_estimate":0.02019164046419715,"standard_error":0.0040098545147964244}}