{"mean":{"confidence_interval":{"confidence_level":0.95,"lower_bound":64.02940312604724,"upper_bound":64.05707771276904},"point_estimate":64.04137464909644,"standard_error":0.0071157319973812975},"median":{"confidence_interval":{"confidence_level":0.95,"lower_bound":64.01474647887323,"upper_bound":64.02992041534924},"point_estimate":64.02070318462499,"standard_error":0.004185854554570626},"median_abs_dev":{"confidence_interval":{"confidence_level":0.95,"lower_bound":0.011359008661259102,"upper_bound":0.028905535693283593},"point_estimate":0.01871249570365227,"standard_error":0.004539648411796273},"slope":{"confidence_interval":{"confidence_level":0.95,"lower_bound":64.01670047983237,"upper_bound":64.02456044576087},"point_estimate":64.02050242831304,"standard_error":0.0020111957918895356},"std_dev":{"confidence_interval":{"confidence_level":0.95,"lower_bound":0.030751396589065626,"upper_bound":0.10869310069532315},"point_estimate":0.07132464001228589,"standard_error":0.02182253386022387}}