{"mean":{"confidence_interval":{"confidence_level":0.95,"lower_bound":16.00349280896006,"upper_bound":16.006780940050295},"point_estimate":16.004910431323093,"standard_error":0.0008461353757219629},"median":{"confidence_interval":{"confidence_level":0.95,"lower_bound":16.001775782867156,"upper_bound":16.003702068184936},"point_estimate":16.002479519040435,"standard_error":0.0004994242644261695},"median_abs_dev":{"confidence_interval":{"confidence_level":0.95,"lower_bound":0.001365952011634767,"upper_bound":0.0035213367304824067},"point_estimate":0.002265726678483587,"standard_error":0.0005483088572351558},"slope":{"confidence_interval":{"confidence_level":0.95,"lower_bound":16.001968176622213,"upper_bound":16.002939287993023},"point_estimate":16.002437346809646,"standard_error":0.000247632848438107},"std_dev":{"confidence_interval":{"confidence_level":0.95,"lower_bound":0.003488580425121639,"upper_bound":0.01311543249414576},"point_estimate":0.00851136046316212,"standard_error":0.0027164776085022743}}