{"mean":{"confidence_interval":{"confidence_level":0.95,"lower_bound":48.00842130919612,"upper_bound":48.01617375923113},"point_estimate":48.01177775989066,"standard_error":0.0019933798697013318},"median":{"confidence_interval":{"confidence_level":0.95,"lower_bound":48.004287806777185,"upper_bound":48.00867526183216},"point_estimate":48.00611319961524,"standard_error":0.001201102267416916},"median_abs_dev":{"confidence_interval":{"confidence_level":0.95,"lower_bound":0.00341737126127404,"upper_bound":0.008126765505886006},"point_estimate":0.005596915986980547,"standard_error":0.0012369629158875766},"slope":{"confidence_interval":{"confidence_level":0.95,"lower_bound":48.00482869523118,"upper_bound":48.007038625687},"point_estimate":48.00589964857608,"standard_error":0.0005626072723119719},"std_dev":{"confidence_interval":{"confidence_level":0.95,"lower_bound":0.008914975019805755,"upper_bound":0.030358544036871004},"point_estimate":0.019974686885137184,"standard_error":0.006037885724473278}}