{"mean":{"confidence_interval":{"confidence_level":0.95,"lower_bound":52.00994620595081,"upper_bound":52.01925725091403},"point_estimate":52.013963356682396,"standard_error":0.0023969259954248396},"median":{"confidence_interval":{"confidence_level":0.95,"lower_bound":52.004934605867795,"upper_bound":52.010398924249216},"point_estimate":52.00686023654839,"standard_error":0.0014030934831326036},"median_abs_dev":{"confidence_interval":{"confidence_level":0.95,"lower_bound":0.003828163881823233,"upper_bound":0.009824669501982283},"point_estimate":0.006373442502079006,"standard_error":0.0015087746019165997},"slope":{"confidence_interval":{"confidence_level":0.95,"lower_bound":52.005541809189445,"upper_bound":52.00819636855278},"point_estimate":52.00682197221669,"standard_error":0.0006792163544210821},"std_dev":{"confidence_interval":{"confidence_level":0.95,"lower_bound":0.010195636786884054,"upper_bound":0.03708283291695663},"point_estimate":0.02416429791725072,"standard_error":0.007549443770143365}}