{"mean":{"confidence_interval":{"confidence_level":0.95,"lower_bound":20.00481190601517,"upper_bound":20.009436914399192},"point_estimate":20.006813953580682,"standard_error":0.0011935253148899416},"median":{"confidence_interval":{"confidence_level":0.95,"lower_bound":20.002374816491454,"upper_bound":20.00498711463205},"point_estimate":20.003271118199518,"standard_error":0.0006592338068375624},"median_abs_dev":{"confidence_interval":{"confidence_level":0.95,"lower_bound":0.0017491903791310404,"upper_bound":0.004633749232040524},"point_estimate":0.0029435888347544544,"standard_error":0.0007216566118821392},"slope":{"confidence_interval":{"confidence_level":0.95,"lower_bound":20.002656113319116,"upper_bound":20.003938056059496},"point_estimate":20.003275386919654,"standard_error":0.00032798457071671675},"std_dev":{"confidence_interval":{"confidence_level":0.95,"lower_bound":0.005075829779551248,"upper_bound":0.018276557401026055},"point_estimate":0.011976566107567848,"standard_error":0.003719851450047504}}