{"mean":{"confidence_interval":{"confidence_level":0.95,"lower_bound":40.010836535946304,"upper_bound":40.02431165195457},"point_estimate":40.01670205137024,"standard_error":0.003472177372443542},"median":{"confidence_interval":{"confidence_level":0.95,"lower_bound":40.00500251322435,"upper_bound":40.00983974045799},"point_estimate":40.00695464338489,"standard_error":0.0013019116961897723},"median_abs_dev":{"confidence_interval":{"confidence_level":0.95,"lower_bound":0.0037738046871532696,"upper_bound":0.00935736287722632},"point_estimate":0.006116468186152405,"standard_error":0.001423465152578736},"slope":{"confidence_interval":{"confidence_level":0.95,"lower_bound":40.0058754737417,"upper_bound":40.02306127682661},"point_estimate":40.01174776164359,"standard_error":0.0048858949145696275},"std_dev":{"confidence_interval":{"confidence_level":0.95,"lower_bound":0.01281632701305195,"upper_bound":0.05199178647488594},"point_estimate":0.03483310155911042,"standard_error":0.010224747089297118}}