{"mean":{"confidence_interval":{"confidence_level":0.95,"lower_bound":19.005347451009687,"upper_bound":19.01160544793739},"point_estimate":19.008077485650276,"standard_error":0.0016114480571642025},"median":{"confidence_interval":{"confidence_level":0.95,"lower_bound":19.002465483234715,"upper_bound":19.005191914887206},"point_estimate":19.00349765974766,"standard_error":0.0007229673892356375},"median_abs_dev":{"confidence_interval":{"confidence_level":0.95,"lower_bound":0.001943759279113984,"upper_bound":0.00518391599188292},"point_estimate":0.0033095463670382804,"standard_error":0.0008329597096218258},"slope":{"confidence_interval":{"confidence_level":0.95,"lower_bound":19.003047918941252,"upper_bound":19.005328522568124},"point_estimate":19.004096984929625,"standard_error":0.0005843264542299489},"std_dev":{"confidence_interval":{"confidence_level":0.95,"lower_bound":0.005896321328581057,"upper_bound":0.024197200699267594},"point_estimate":0.016198818266851624,"standard_error":0.004768656202842874}}