{"mean":{"confidence_interval":{"confidence_level":0.95,"lower_bound":-0.00013425454994054616,"upper_bound":0.0001579148842440369},"point_estimate":0.000011544879882752213,"standard_error":0.00007426832643359649},"median":{"confidence_interval":{"confidence_level":0.95,"lower_bound":-0.00008357899627142729,"upper_bound":0.00008319165229009329},"point_estimate":-2.429980728302361e-6,"standard_error":0.000040910008152519905}}