{"mean":{"confidence_interval":{"confidence_level":0.95,"lower_bound":20.013144242201314,"upper_bound":20.02520290711095},"point_estimate":20.018375752498365,"standard_error":0.003110379115959813},"median":{"confidence_interval":{"confidence_level":0.95,"lower_bound":20.006462962962964,"upper_bound":20.013606237816763},"point_estimate":20.00907361795293,"standard_error":0.0018800336364884487},"median_abs_dev":{"confidence_interval":{"confidence_level":0.95,"lower_bound":0.005017301076182482,"upper_bound":0.013351373986824603},"point_estimate":0.00856980562507727,"standard_error":0.002112440462593272},"slope":{"confidence_interval":{"confidence_level":0.95,"lower_bound":20.007375989943053,"upper_bound":20.011297870355094},"point_estimate":20.009262647525116,"standard_error":0.0009996531998595038},"std_dev":{"confidence_interval":{"confidence_level":0.95,"lower_bound":0.013761310037528196,"upper_bound":0.047652433800184274},"point_estimate":0.03134131124509075,"standard_error":0.009461012258642638}}