{"mean":{"confidence_interval":{"confidence_level":0.95,"lower_bound":-0.00007610363482755116,"upper_bound":0.0004215196233275814},"point_estimate":0.0001407048460508875,"standard_error":0.00012710177076755375},"median":{"confidence_interval":{"confidence_level":0.95,"lower_bound":-0.00008657539624224158,"upper_bound":0.00009142356762636972},"point_estimate":4.854357779748852e-6,"standard_error":0.000044162886893452655}}