{"mean":{"confidence_interval":{"confidence_level":0.95,"lower_bound":21.004994977572526,"upper_bound":21.009908058331767},"point_estimate":21.00713477935497,"standard_error":0.001264084732867076},"median":{"confidence_interval":{"confidence_level":0.95,"lower_bound":21.002420326107096,"upper_bound":21.005095423383363},"point_estimate":21.003397994780897,"standard_error":0.0006955976250414458},"median_abs_dev":{"confidence_interval":{"confidence_level":0.95,"lower_bound":0.0018715714644133082,"upper_bound":0.004807609327638855},"point_estimate":0.0031692086516368406,"standard_error":0.0007475287118240273},"slope":{"confidence_interval":{"confidence_level":0.95,"lower_bound":21.002716077164965,"upper_bound":21.004084609361225},"point_estimate":21.003369053937245,"standard_error":0.00034883474979784123},"std_dev":{"confidence_interval":{"confidence_level":0.95,"lower_bound":0.005452862670342039,"upper_bound":0.01888501611558123},"point_estimate":0.01266177055275829,"standard_error":0.0034933010768872287}}