{"mean":{"confidence_interval":{"confidence_level":0.95,"lower_bound":19.00490002745893,"upper_bound":19.00960419661727},"point_estimate":19.00698324583917,"standard_error":0.0012146934317824674},"median":{"confidence_interval":{"confidence_level":0.95,"lower_bound":19.00244314143568,"upper_bound":19.004910642639338},"point_estimate":19.00350462026457,"standard_error":0.0006970015953414202},"median_abs_dev":{"confidence_interval":{"confidence_level":0.95,"lower_bound":0.0019433706011678469,"upper_bound":0.004643649317617907},"point_estimate":0.0032434594439513203,"standard_error":0.0007005319169875034},"slope":{"confidence_interval":{"confidence_level":0.95,"lower_bound":19.00271747010022,"upper_bound":19.003948816179715},"point_estimate":19.003318826448726,"standard_error":0.0003151727716790043},"std_dev":{"confidence_interval":{"confidence_level":0.95,"lower_bound":0.005517945887122839,"upper_bound":0.018074404257433733},"point_estimate":0.012251878128516736,"standard_error":0.0032849225359663815}}