{"mean":{"confidence_interval":{"confidence_level":0.95,"lower_bound":-0.0001358728891717592,"upper_bound":0.0001348928180453901},"point_estimate":3.7040720821668316e-6,"standard_error":0.00006859948422372146},"median":{"confidence_interval":{"confidence_level":0.95,"lower_bound":-0.00008533727067194796,"upper_bound":0.00008256368602910236},"point_estimate":8.004376921277867e-7,"standard_error":0.00004322713044063837}}