{"mean":{"confidence_interval":{"confidence_level":0.95,"lower_bound":21.00501050965735,"upper_bound":21.009799244293056},"point_estimate":21.007117911555515,"standard_error":0.001233031458097958},"median":{"confidence_interval":{"confidence_level":0.95,"lower_bound":21.002460908063302,"upper_bound":21.00513187641296},"point_estimate":21.003454969448477,"standard_error":0.0007106246341925538},"median_abs_dev":{"confidence_interval":{"confidence_level":0.95,"lower_bound":0.0018664004853835051,"upper_bound":0.004924849012059066},"point_estimate":0.0031291884305803094,"standard_error":0.0007713420291141197},"slope":{"confidence_interval":{"confidence_level":0.95,"lower_bound":21.002818759595534,"upper_bound":21.004195340945394},"point_estimate":21.003488124301974,"standard_error":0.00035180700982511044},"std_dev":{"confidence_interval":{"confidence_level":0.95,"lower_bound":0.0054368989239245435,"upper_bound":0.018661023189349823},"point_estimate":0.012459938823042405,"standard_error":0.0035319244132516387}}