{"mean":{"confidence_interval":{"confidence_level":0.95,"lower_bound":66.01263333000702,"upper_bound":66.02435263523438},"point_estimate":66.01772539012762,"standard_error":0.0030200556421477514},"median":{"confidence_interval":{"confidence_level":0.95,"lower_bound":66.00619526627219,"upper_bound":66.01308658374592},"point_estimate":66.0086977876235,"standard_error":0.0018171264104095482},"median_abs_dev":{"confidence_interval":{"confidence_level":0.95,"lower_bound":0.00482721274484343,"upper_bound":0.0127043593686942},"point_estimate":0.008178233025434592,"standard_error":0.00200318644212186},"slope":{"confidence_interval":{"confidence_level":0.95,"lower_bound":66.00700689728632,"upper_bound":66.01061021508816},"point_estimate":66.00874425855373,"standard_error":0.0009207261278741954},"std_dev":{"confidence_interval":{"confidence_level":0.95,"lower_bound":0.013426167028578346,"upper_bound":0.0459327472417996},"point_estimate":0.030348565570339926,"standard_error":0.009004312608485929}}