{"mean":{"confidence_interval":{"confidence_level":0.95,"lower_bound":67.01503166894392,"upper_bound":67.02957928643795},"point_estimate":67.02142438100871,"standard_error":0.0037522838577649068},"median":{"confidence_interval":{"confidence_level":0.95,"lower_bound":67.00736537919369,"upper_bound":67.01543117423174},"point_estimate":67.01034055699606,"standard_error":0.0021141122100239423},"median_abs_dev":{"confidence_interval":{"confidence_level":0.95,"lower_bound":0.00567864521448254,"upper_bound":0.014627542131281038},"point_estimate":0.009545272474727851,"standard_error":0.0022827916427066598},"slope":{"confidence_interval":{"confidence_level":0.95,"lower_bound":67.00816027289542,"upper_bound":67.01215862717547},"point_estimate":67.01008963589659,"standard_error":0.001021430800768192},"std_dev":{"confidence_interval":{"confidence_level":0.95,"lower_bound":0.01639068334389915,"upper_bound":0.05652614183878737},"point_estimate":0.03778778705847511,"standard_error":0.01057581121361683}}