{"mean":{"confidence_interval":{"confidence_level":0.95,"lower_bound":49.010759830028675,"upper_bound":49.02084942426989},"point_estimate":49.01513688076412,"standard_error":0.0026048696814258633},"median":{"confidence_interval":{"confidence_level":0.95,"lower_bound":49.00536924476049,"upper_bound":49.011306109773074},"point_estimate":49.007464484526224,"standard_error":0.001518238802170479},"median_abs_dev":{"confidence_interval":{"confidence_level":0.95,"lower_bound":0.00415570531099858,"upper_bound":0.010632014768054853},"point_estimate":0.006908992723502775,"standard_error":0.00164303220940557},"slope":{"confidence_interval":{"confidence_level":0.95,"lower_bound":49.00598305406031,"upper_bound":49.00886100501638},"point_estimate":49.00736722584219,"standard_error":0.0007325303941606554},"std_dev":{"confidence_interval":{"confidence_level":0.95,"lower_bound":0.011057633818521647,"upper_bound":0.04022404266751123},"point_estimate":0.026302413460969107,"standard_error":0.008210280162125381}}