{"mean":{"confidence_interval":{"confidence_level":0.95,"lower_bound":38.008655742112865,"upper_bound":38.016785569012384},"point_estimate":38.01215208824885,"standard_error":0.002093371636148918},"median":{"confidence_interval":{"confidence_level":0.95,"lower_bound":38.00428294486272,"upper_bound":38.00899327044374},"point_estimate":38.005954277944205,"standard_error":0.0012084236527816464},"median_abs_dev":{"confidence_interval":{"confidence_level":0.95,"lower_bound":0.0033056193566893266,"upper_bound":0.008528822186378052},"point_estimate":0.0054461296022149525,"standard_error":0.001341301882147046},"slope":{"confidence_interval":{"confidence_level":0.95,"lower_bound":38.00486017690853,"upper_bound":38.007329672523866},"point_estimate":38.0060436299927,"standard_error":0.0006301183646896878},"std_dev":{"confidence_interval":{"confidence_level":0.95,"lower_bound":0.008857282141448666,"upper_bound":0.03223988009470907},"point_estimate":0.020974254856454662,"standard_error":0.006584815453608725}}