{"mean":{"confidence_interval":{"confidence_level":0.95,"lower_bound":46.023096145323336,"upper_bound":46.05598465868571},"point_estimate":46.0369255811696,"standard_error":0.008545029113325657},"median":{"confidence_interval":{"confidence_level":0.95,"lower_bound":46.01167862042811,"upper_bound":46.023345116546146},"point_estimate":46.01764444903013,"standard_error":0.0032624934650391157},"median_abs_dev":{"confidence_interval":{"confidence_level":0.95,"lower_bound":0.009582292918544722,"upper_bound":0.022389801208988667},"point_estimate":0.016226586383323714,"standard_error":0.0033726160166492134},"slope":{"confidence_interval":{"confidence_level":0.95,"lower_bound":46.01362144132745,"upper_bound":46.02111348448873},"point_estimate":46.017131240858916,"standard_error":0.0019170333949416777},"std_dev":{"confidence_interval":{"confidence_level":0.95,"lower_bound":0.023956895970660655,"upper_bound":0.1347976638424955},"point_estimate":0.08561555994125672,"standard_error":0.030031104156552583}}