{"mean":{"confidence_interval":{"confidence_level":0.95,"lower_bound":21.004770127442196,"upper_bound":21.00927398655844},"point_estimate":21.006715600979046,"standard_error":0.001162059670439881},"median":{"confidence_interval":{"confidence_level":0.95,"lower_bound":21.002395920744316,"upper_bound":21.005014119776796},"point_estimate":21.00333088062098,"standard_error":0.0006768398721504836},"median_abs_dev":{"confidence_interval":{"confidence_level":0.95,"lower_bound":0.0018491954118861835,"upper_bound":0.004704094906145704},"point_estimate":0.0030732496887398626,"standard_error":0.0007258369315041323},"slope":{"confidence_interval":{"confidence_level":0.95,"lower_bound":21.00266775722514,"upper_bound":21.00393289239747},"point_estimate":21.003282856684283,"standard_error":0.0003240197173312195},"std_dev":{"confidence_interval":{"confidence_level":0.95,"lower_bound":0.004836691922682293,"upper_bound":0.01796643063988894},"point_estimate":0.011690086660717802,"standard_error":0.003698297583993693}}