{"mean":{"confidence_interval":{"confidence_level":0.95,"lower_bound":40.010071501689715,"upper_bound":40.02259820250608},"point_estimate":40.01558119949001,"standard_error":0.0032241824611328102},"median":{"confidence_interval":{"confidence_level":0.95,"lower_bound":40.00468714958511,"upper_bound":40.00912112559628},"point_estimate":40.00698402270607,"standard_error":0.001251795797212658},"median_abs_dev":{"confidence_interval":{"confidence_level":0.95,"lower_bound":0.003968607376481396,"upper_bound":0.008810990745247547},"point_estimate":0.006399439484533745,"standard_error":0.0013083252344918135},"slope":{"confidence_interval":{"confidence_level":0.95,"lower_bound":40.006077000518935,"upper_bound":40.01875060401103},"point_estimate":40.01120493279441,"standard_error":0.0033110154561685613},"std_dev":{"confidence_interval":{"confidence_level":0.95,"lower_bound":0.012015412722589875,"upper_bound":0.046987587667087875},"point_estimate":0.032404541574368374,"standard_error":0.008648770028629894}}