{"mean":{"confidence_interval":{"confidence_level":0.95,"lower_bound":21.004864710720312,"upper_bound":21.009401977680827},"point_estimate":21.006822493250787,"standard_error":0.0011695310724479902},"median":{"confidence_interval":{"confidence_level":0.95,"lower_bound":21.002504623032618,"upper_bound":21.00514871978585},"point_estimate":21.003467380947725,"standard_error":0.000706120881542264},"median_abs_dev":{"confidence_interval":{"confidence_level":0.95,"lower_bound":0.0019894865785332694,"upper_bound":0.004789257851623524},"point_estimate":0.003238262642284175,"standard_error":0.0007287838467714614},"slope":{"confidence_interval":{"confidence_level":0.95,"lower_bound":21.002741168007613,"upper_bound":21.00402278149455},"point_estimate":21.00336077400969,"standard_error":0.0003265585572799724},"std_dev":{"confidence_interval":{"confidence_level":0.95,"lower_bound":0.004921668081422498,"upper_bound":0.018087737659851635},"point_estimate":0.011767205985385823,"standard_error":0.0037071819429699278}}