{"mean":{"confidence_interval":{"confidence_level":0.95,"lower_bound":67.01584260872109,"upper_bound":67.03085083738395},"point_estimate":67.02239803835171,"standard_error":0.0038649883350809155},"median":{"confidence_interval":{"confidence_level":0.95,"lower_bound":67.00773529738332,"upper_bound":67.01637282355334},"point_estimate":67.0107538415921,"standard_error":0.0021787493545359976},"median_abs_dev":{"confidence_interval":{"confidence_level":0.95,"lower_bound":0.005744746124098295,"upper_bound":0.015448436751534548},"point_estimate":0.009876264722439925,"standard_error":0.0023771970003031895},"slope":{"confidence_interval":{"confidence_level":0.95,"lower_bound":67.00865360983951,"upper_bound":67.01282429959991},"point_estimate":67.01065648186,"standard_error":0.0010610252386858605},"std_dev":{"confidence_interval":{"confidence_level":0.95,"lower_bound":0.017234279918697578,"upper_bound":0.05887430780469503},"point_estimate":0.0389825873700357,"standard_error":0.011499884684335196}}