{"mean":{"confidence_interval":{"confidence_level":0.95,"lower_bound":58.012717943103866,"upper_bound":58.02458799764217},"point_estimate":58.01787353373199,"standard_error":0.0030650665624560505},"median":{"confidence_interval":{"confidence_level":0.95,"lower_bound":58.00637350573311,"upper_bound":58.01341790680654},"point_estimate":58.00894802529032,"standard_error":0.0018561895673822164},"median_abs_dev":{"confidence_interval":{"confidence_level":0.95,"lower_bound":0.0049006996786909885,"upper_bound":0.012592439539273524},"point_estimate":0.008325289451846846,"standard_error":0.001980814077800844},"slope":{"confidence_interval":{"confidence_level":0.95,"lower_bound":58.007121597262426,"upper_bound":58.0105498198111},"point_estimate":58.00879004935227,"standard_error":0.0008734852367080566},"std_dev":{"confidence_interval":{"confidence_level":0.95,"lower_bound":0.013250453415741619,"upper_bound":0.04696548112437342},"point_estimate":0.03074763401772685,"standard_error":0.009442007542845554}}