{"mean":{"confidence_interval":{"confidence_level":0.95,"lower_bound":56.013247554714745,"upper_bound":56.02578871818422},"point_estimate":56.01871751804074,"standard_error":0.0032298227072761324},"median":{"confidence_interval":{"confidence_level":0.95,"lower_bound":56.006547619047616,"upper_bound":56.01378446115288},"point_estimate":56.009192470091484,"standard_error":0.001882610606030737},"median_abs_dev":{"confidence_interval":{"confidence_level":0.95,"lower_bound":0.005033518429154441,"upper_bound":0.012831752645755149},"point_estimate":0.008552722171208152,"standard_error":0.0019806855236866737},"slope":{"confidence_interval":{"confidence_level":0.95,"lower_bound":56.00735997018094,"upper_bound":56.010927032192505},"point_estimate":56.00908700004778,"standard_error":0.0009085338652007339},"std_dev":{"confidence_interval":{"confidence_level":0.95,"lower_bound":0.014449789456274183,"upper_bound":0.049088756232084786},"point_estimate":0.03248287486582668,"standard_error":0.009481779164078144}}