{"mean":{"confidence_interval":{"confidence_level":0.95,"lower_bound":67.01452355378277,"upper_bound":67.06144854647252},"point_estimate":67.03124621779851,"standard_error":0.013855061471222},"median":{"confidence_interval":{"confidence_level":0.95,"lower_bound":67.00744263413802,"upper_bound":67.01520138039008},"point_estimate":67.01067625723218,"standard_error":0.0021433723839942966},"median_abs_dev":{"confidence_interval":{"confidence_level":0.95,"lower_bound":0.005974651754175912,"upper_bound":0.014539729768907167},"point_estimate":0.009795082402227538,"standard_error":0.0021695283022148126},"slope":{"confidence_interval":{"confidence_level":0.95,"lower_bound":67.00854151613935,"upper_bound":67.01315194992553},"point_estimate":67.0106935187822,"standard_error":0.0011776920599373593},"std_dev":{"confidence_interval":{"confidence_level":0.95,"lower_bound":0.014870093177732706,"upper_bound":0.23655072381224748},"point_estimate":0.13891197183717008,"standard_error":0.07771021025895393}}