{"mean":{"confidence_interval":{"confidence_level":0.95,"lower_bound":29.006370117785554,"upper_bound":29.012556566194554},"point_estimate":29.00909597040225,"standard_error":0.0015941322419232985},"median":{"confidence_interval":{"confidence_level":0.95,"lower_bound":29.00312574778655,"upper_bound":29.006736189910125},"point_estimate":29.00438836511905,"standard_error":0.0009151670533529437},"median_abs_dev":{"confidence_interval":{"confidence_level":0.95,"lower_bound":0.0024061098988811458,"upper_bound":0.006301426194794107},"point_estimate":0.0041292692819753585,"standard_error":0.0009654723091041316},"slope":{"confidence_interval":{"confidence_level":0.95,"lower_bound":29.00352593146473,"upper_bound":29.005266113766634},"point_estimate":29.004369166513463,"standard_error":0.00044215745581504965},"std_dev":{"confidence_interval":{"confidence_level":0.95,"lower_bound":0.006910500226527378,"upper_bound":0.0240042847603063},"point_estimate":0.01603557654533863,"standard_error":0.004498122254003519}}