{"mean":{"confidence_interval":{"confidence_level":0.95,"lower_bound":49.010408099542474,"upper_bound":49.01999786477562},"point_estimate":49.01454578818782,"standard_error":0.002472581598386923},"median":{"confidence_interval":{"confidence_level":0.95,"lower_bound":49.005247037557744,"upper_bound":49.011046394858404},"point_estimate":49.00736653056136,"standard_error":0.0015285789053906158},"median_abs_dev":{"confidence_interval":{"confidence_level":0.95,"lower_bound":0.004142366291121885,"upper_bound":0.010457362870329607},"point_estimate":0.006781049378419477,"standard_error":0.0016119716690768},"slope":{"confidence_interval":{"confidence_level":0.95,"lower_bound":49.00585503864573,"upper_bound":49.00862667062942},"point_estimate":49.007195763213325,"standard_error":0.0007105075311207018},"std_dev":{"confidence_interval":{"confidence_level":0.95,"lower_bound":0.010506013084688258,"upper_bound":0.038345396547517625},"point_estimate":0.02499215815711051,"standard_error":0.007846419909527157}}