{"mean":{"confidence_interval":{"confidence_level":0.95,"lower_bound":31.006161920539572,"upper_bound":31.011952072066503},"point_estimate":31.008632132813027,"standard_error":0.0014991310728418499},"median":{"confidence_interval":{"confidence_level":0.95,"lower_bound":31.003260386714132,"upper_bound":31.006692766018542},"point_estimate":31.004513654401308,"standard_error":0.0009239439216291642},"median_abs_dev":{"confidence_interval":{"confidence_level":0.95,"lower_bound":0.002553972886677279,"upper_bound":0.006241900885985104},"point_estimate":0.004132611169659986,"standard_error":0.0009531830230358569},"slope":{"confidence_interval":{"confidence_level":0.95,"lower_bound":31.003637569668566,"upper_bound":31.005381367371807},"point_estimate":31.004484597382856,"standard_error":0.0004431266232943518},"std_dev":{"confidence_interval":{"confidence_level":0.95,"lower_bound":0.0058180406593956804,"upper_bound":0.023376320591121175},"point_estimate":0.015066912828094898,"standard_error":0.0049609512641655565}}