{"mean":{"confidence_interval":{"confidence_level":0.95,"lower_bound":47.01103104013656,"upper_bound":47.02129096585284},"point_estimate":47.015441756574184,"standard_error":0.0026497891505309545},"median":{"confidence_interval":{"confidence_level":0.95,"lower_bound":47.005566116348106,"upper_bound":47.01184834123223},"point_estimate":47.007771947641615,"standard_error":0.0015706146614681018},"median_abs_dev":{"confidence_interval":{"confidence_level":0.95,"lower_bound":0.004298915939149363,"upper_bound":0.011078944048270473},"point_estimate":0.007159618571726426,"standard_error":0.0017286974754476573},"slope":{"confidence_interval":{"confidence_level":0.95,"lower_bound":47.00627638777354,"upper_bound":47.00944015668649},"point_estimate":47.007801654466924,"standard_error":0.0008044964793625822},"std_dev":{"confidence_interval":{"confidence_level":0.95,"lower_bound":0.011024712005701076,"upper_bound":0.041107464056597494},"point_estimate":0.026706164699256334,"standard_error":0.008490944121357221}}