{"mean":{"confidence_interval":{"confidence_level":0.95,"lower_bound":20.004570059346836,"upper_bound":20.010455294094015},"point_estimate":20.007172718018914,"standard_error":0.0015146532734511987},"median":{"confidence_interval":{"confidence_level":0.95,"lower_bound":20.0020124978616,"upper_bound":20.004279215783132},"point_estimate":20.00279783467081,"standard_error":0.0005695357647848063},"median_abs_dev":{"confidence_interval":{"confidence_level":0.95,"lower_bound":0.0015224189374892837,"upper_bound":0.004101527579077208},"point_estimate":0.002589625487772152,"standard_error":0.0006391827365210277},"slope":{"confidence_interval":{"confidence_level":0.95,"lower_bound":20.002314203142596,"upper_bound":20.00350416938827},"point_estimate":20.002883781296546,"standard_error":0.00030425726963430956},"std_dev":{"confidence_interval":{"confidence_level":0.95,"lower_bound":0.005926633587319549,"upper_bound":0.021786973135181964},"point_estimate":0.01521121796511392,"standard_error":0.0038952839358609337}}