{"mean":{"confidence_interval":{"confidence_level":0.95,"lower_bound":41.00810507234467,"upper_bound":41.01590874378522},"point_estimate":41.01148050072363,"standard_error":0.002011784454367112},"median":{"confidence_interval":{"confidence_level":0.95,"lower_bound":41.00407022399838,"upper_bound":41.00834395919669},"point_estimate":41.005658547041435,"standard_error":0.001069210686575332},"median_abs_dev":{"confidence_interval":{"confidence_level":0.95,"lower_bound":0.0030793001597754425,"upper_bound":0.0077463422488670925},"point_estimate":0.005196776244753058,"standard_error":0.0011481335080262218},"slope":{"confidence_interval":{"confidence_level":0.95,"lower_bound":41.00447591487185,"upper_bound":41.00667563379648},"point_estimate":41.00553493276523,"standard_error":0.0005613461356557755},"std_dev":{"confidence_interval":{"confidence_level":0.95,"lower_bound":0.008700404338435825,"upper_bound":0.03089791458513718},"point_estimate":0.020274088746220418,"standard_error":0.006147585104976207}}