{"mean":{"confidence_interval":{"confidence_level":0.95,"lower_bound":21.00484616152406,"upper_bound":21.009315366241697},"point_estimate":21.0067998783282,"standard_error":0.0011489019421864661},"median":{"confidence_interval":{"confidence_level":0.95,"lower_bound":21.002444009953788,"upper_bound":21.00499713631157},"point_estimate":21.00350586613029,"standard_error":0.0007165769090609095},"median_abs_dev":{"confidence_interval":{"confidence_level":0.95,"lower_bound":0.0019868027267026258,"upper_bound":0.004827330980382062},"point_estimate":0.0032303585781535997,"standard_error":0.0007425113367421906},"slope":{"confidence_interval":{"confidence_level":0.95,"lower_bound":21.0026734378503,"upper_bound":21.003935545491842},"point_estimate":21.003280575087555,"standard_error":0.0003207805529756331},"std_dev":{"confidence_interval":{"confidence_level":0.95,"lower_bound":0.0052673354739678725,"upper_bound":0.01733700292457389},"point_estimate":0.01155350609320523,"standard_error":0.0033128664068366167}}