{"mean":{"confidence_interval":{"confidence_level":0.95,"lower_bound":56.026798327259684,"upper_bound":56.05210319549632},"point_estimate":56.03768946772239,"standard_error":0.006545534415919176},"median":{"confidence_interval":{"confidence_level":0.95,"lower_bound":56.01340154833138,"upper_bound":56.02819573386384},"point_estimate":56.018215966458456,"standard_error":0.0037345484608369167},"median_abs_dev":{"confidence_interval":{"confidence_level":0.95,"lower_bound":0.010152646831450925,"upper_bound":0.027039314381010083},"point_estimate":0.016838875330525103,"standard_error":0.004270947769986679},"slope":{"confidence_interval":{"confidence_level":0.95,"lower_bound":56.01502521635774,"upper_bound":56.02300904894036},"point_estimate":56.01887105429336,"standard_error":0.0020416438579191776},"std_dev":{"confidence_interval":{"confidence_level":0.95,"lower_bound":0.02665988407988793,"upper_bound":0.10150702746809141},"point_estimate":0.06571868842221557,"standard_error":0.021127041851084948}}