{"mean":{"confidence_interval":{"confidence_level":0.95,"lower_bound":48.00893745826325,"upper_bound":48.01746279195302},"point_estimate":48.01260370601462,"standard_error":0.0021961535380307603},"median":{"confidence_interval":{"confidence_level":0.95,"lower_bound":48.004417609680765,"upper_bound":48.00922913343966},"point_estimate":48.00608490107641,"standard_error":0.001218376836950916},"median_abs_dev":{"confidence_interval":{"confidence_level":0.95,"lower_bound":0.003334172752260956,"upper_bound":0.008611900426328792},"point_estimate":0.005538877981472023,"standard_error":0.0013514387653506246},"slope":{"confidence_interval":{"confidence_level":0.95,"lower_bound":48.00491751875888,"upper_bound":48.007300435404744},"point_estimate":48.00607225582469,"standard_error":0.0006057120839316758},"std_dev":{"confidence_interval":{"confidence_level":0.95,"lower_bound":0.00927179378486683,"upper_bound":0.03397213344317902},"point_estimate":0.02214781620359615,"standard_error":0.0069508090183198045}}