{"mean":{"confidence_interval":{"confidence_level":0.95,"lower_bound":19.00502165294311,"upper_bound":19.009744820741126},"point_estimate":19.00704873003956,"standard_error":0.0012179091708098236},"median":{"confidence_interval":{"confidence_level":0.95,"lower_bound":19.00252916132419,"upper_bound":19.005201252103944},"point_estimate":19.003468471813427,"standard_error":0.0007009195357239713},"median_abs_dev":{"confidence_interval":{"confidence_level":0.95,"lower_bound":0.001944530191508978,"upper_bound":0.004880813216958086},"point_estimate":0.003210355174087005,"standard_error":0.0007490374869823609},"slope":{"confidence_interval":{"confidence_level":0.95,"lower_bound":19.002801021068553,"upper_bound":19.00414498297643},"point_estimate":19.00344875876863,"standard_error":0.000342997910380644},"std_dev":{"confidence_interval":{"confidence_level":0.95,"lower_bound":0.005175250214451145,"upper_bound":0.018716552283361065},"point_estimate":0.012214710736966538,"standard_error":0.003823204383861756}}