{"mean":{"confidence_interval":{"confidence_level":0.95,"lower_bound":20.005296372456066,"upper_bound":20.011184495281462},"point_estimate":20.007888189726465,"standard_error":0.0015192675733588152},"median":{"confidence_interval":{"confidence_level":0.95,"lower_bound":20.002602454525533,"upper_bound":20.0052764486975},"point_estimate":20.003691974178086,"standard_error":0.0007356626459534337},"median_abs_dev":{"confidence_interval":{"confidence_level":0.95,"lower_bound":0.002057161599311804,"upper_bound":0.0051024533945012},"point_estimate":0.0034223758861386872,"standard_error":0.0007668290794336453},"slope":{"confidence_interval":{"confidence_level":0.95,"lower_bound":20.002926372703048,"upper_bound":20.004502219858875},"point_estimate":20.003661597215977,"standard_error":0.00040194869368333675},"std_dev":{"confidence_interval":{"confidence_level":0.95,"lower_bound":0.005689425626923538,"upper_bound":0.022307721360050124},"point_estimate":0.015279472617680305,"standard_error":0.0042766270261521844}}