{"mean":{"confidence_interval":{"confidence_level":0.95,"lower_bound":21.004811132538872,"upper_bound":21.009351569547135},"point_estimate":21.006771915336202,"standard_error":0.0011722416847902428},"median":{"confidence_interval":{"confidence_level":0.95,"lower_bound":21.002491892407477,"upper_bound":21.00519187132272},"point_estimate":21.003441184753186,"standard_error":0.000686423485572224},"median_abs_dev":{"confidence_interval":{"confidence_level":0.95,"lower_bound":0.00189460493217491,"upper_bound":0.004749030339316507},"point_estimate":0.0031700638506287743,"standard_error":0.0007270168776322042},"slope":{"confidence_interval":{"confidence_level":0.95,"lower_bound":21.00271862997715,"upper_bound":21.003996138080343},"point_estimate":21.003338706022625,"standard_error":0.00032599421844375925},"std_dev":{"confidence_interval":{"confidence_level":0.95,"lower_bound":0.0048022942617707235,"upper_bound":0.01820806440084548},"point_estimate":0.011811770127113555,"standard_error":0.0037767084789586377}}