{"mean":{"confidence_interval":{"confidence_level":0.95,"lower_bound":21.00491230812058,"upper_bound":21.009615817230276},"point_estimate":21.006946702118498,"standard_error":0.0012066984479897338},"median":{"confidence_interval":{"confidence_level":0.95,"lower_bound":21.002441588785047,"upper_bound":21.005078855140187},"point_estimate":21.00342784632383,"standard_error":0.0006988608849506526},"median_abs_dev":{"confidence_interval":{"confidence_level":0.95,"lower_bound":0.0018995011001477421,"upper_bound":0.004799154654448099},"point_estimate":0.0031145200352479738,"standard_error":0.0007356794537951665},"slope":{"confidence_interval":{"confidence_level":0.95,"lower_bound":21.002745207781366,"upper_bound":21.00401245729557},"point_estimate":21.003361747568256,"standard_error":0.0003234159648725623},"std_dev":{"confidence_interval":{"confidence_level":0.95,"lower_bound":0.005291379042445414,"upper_bound":0.018313502168628766},"point_estimate":0.012110548353262104,"standard_error":0.003550963667362202}}