{"mean":{"confidence_interval":{"confidence_level":0.95,"lower_bound":19.005382749244056,"upper_bound":19.010304378426977},"point_estimate":19.0075459205308,"standard_error":0.0012654433914180859},"median":{"confidence_interval":{"confidence_level":0.95,"lower_bound":19.00259967709274,"upper_bound":19.00531538898668},"point_estimate":19.003688033970853,"standard_error":0.0007561346818928522},"median_abs_dev":{"confidence_interval":{"confidence_level":0.95,"lower_bound":0.002058394494593169,"upper_bound":0.00517395355298609},"point_estimate":0.003377219424419873,"standard_error":0.0007912640184841039},"slope":{"confidence_interval":{"confidence_level":0.95,"lower_bound":19.00307077866684,"upper_bound":19.00492478197843},"point_estimate":19.00392497253198,"standard_error":0.0004726702677794732},"std_dev":{"confidence_interval":{"confidence_level":0.95,"lower_bound":0.0061181549909149376,"upper_bound":0.01895324492977277},"point_estimate":0.012694659996617631,"standard_error":0.00356462785108561}}