{"mean":{"confidence_interval":{"confidence_level":0.95,"lower_bound":-0.0001545206716100783,"upper_bound":0.00012702946621445663},"point_estimate":-0.000013945446835750275,"standard_error":0.00007121114754420113},"median":{"confidence_interval":{"confidence_level":0.95,"lower_bound":-0.00009039191997750606,"upper_bound":0.00008952928374150737},"point_estimate":5.912930409746053e-7,"standard_error":0.00004581027002558127}}