{"mean":{"confidence_interval":{"confidence_level":0.95,"lower_bound":29.006715745233098,"upper_bound":29.015474618658207},"point_estimate":29.010601459985256,"standard_error":0.0022498338639551645},"median":{"confidence_interval":{"confidence_level":0.95,"lower_bound":29.003184179654767,"upper_bound":29.006692775165085},"point_estimate":29.00444077162581,"standard_error":0.00092403747358935},"median_abs_dev":{"confidence_interval":{"confidence_level":0.95,"lower_bound":0.002484650827351716,"upper_bound":0.006303626852456975},"point_estimate":0.004113827369748743,"standard_error":0.0009633496415074544},"slope":{"confidence_interval":{"confidence_level":0.95,"lower_bound":29.00360279869319,"upper_bound":29.00532454431753},"point_estimate":29.004440992650625,"standard_error":0.00043869870801116506},"std_dev":{"confidence_interval":{"confidence_level":0.95,"lower_bound":0.008100262765590059,"upper_bound":0.0325925337679539},"point_estimate":0.02268767362760154,"standard_error":0.005981421078587246}}