{"mean":{"confidence_interval":{"confidence_level":0.95,"lower_bound":29.006283367452475,"upper_bound":29.012060649217094},"point_estimate":29.008769185880325,"standard_error":0.0014912875648834616},"median":{"confidence_interval":{"confidence_level":0.95,"lower_bound":29.003270466990088,"upper_bound":29.006616939364775},"point_estimate":29.004662760843587,"standard_error":0.0009302037683885302},"median_abs_dev":{"confidence_interval":{"confidence_level":0.95,"lower_bound":0.002584715116821906,"upper_bound":0.00627375580788655},"point_estimate":0.004285041973033885,"standard_error":0.0009529434174027797},"slope":{"confidence_interval":{"confidence_level":0.95,"lower_bound":29.003708815837502,"upper_bound":29.005400288765085},"point_estimate":29.004534943399243,"standard_error":0.00043215620740774566},"std_dev":{"confidence_interval":{"confidence_level":0.95,"lower_bound":0.006257742516437193,"upper_bound":0.022997988780147756},"point_estimate":0.014975466284928383,"standard_error":0.0047182665210791725}}