{"mean":{"confidence_interval":{"confidence_level":0.95,"lower_bound":58.01266503203267,"upper_bound":58.024563429679816},"point_estimate":58.01783346896791,"standard_error":0.0030639026337901665},"median":{"confidence_interval":{"confidence_level":0.95,"lower_bound":58.00632922892427,"upper_bound":58.013316364539364},"point_estimate":58.00879908319989,"standard_error":0.0018037236594819546},"median_abs_dev":{"confidence_interval":{"confidence_level":0.95,"lower_bound":0.00489871693849146,"upper_bound":0.01257324068292254},"point_estimate":0.008174710952007409,"standard_error":0.001969342856884098},"slope":{"confidence_interval":{"confidence_level":0.95,"lower_bound":58.00710305866075,"upper_bound":58.010623015611316},"point_estimate":58.00879989727974,"standard_error":0.0008969594075911971},"std_dev":{"confidence_interval":{"confidence_level":0.95,"lower_bound":0.012919914619692658,"upper_bound":0.04736941503397878},"point_estimate":0.030924572806099965,"standard_error":0.00972723305300367}}