{"mean":{"confidence_interval":{"confidence_level":0.95,"lower_bound":47.01104219491152,"upper_bound":47.02172320271222},"point_estimate":47.01568044477297,"standard_error":0.0027385386640927712},"median":{"confidence_interval":{"confidence_level":0.95,"lower_bound":47.00563983830664,"upper_bound":47.0113964070505},"point_estimate":47.00772004960325,"standard_error":0.0015087768463077462},"median_abs_dev":{"confidence_interval":{"confidence_level":0.95,"lower_bound":0.0043898479154146665,"upper_bound":0.010586636258885299},"point_estimate":0.007008759860184348,"standard_error":0.0015267590618781677},"slope":{"confidence_interval":{"confidence_level":0.95,"lower_bound":47.00614542627962,"upper_bound":47.00898233044063},"point_estimate":47.0075213677181,"standard_error":0.0007244037328803057},"std_dev":{"confidence_interval":{"confidence_level":0.95,"lower_bound":0.011941728633641272,"upper_bound":0.04139665843769715},"point_estimate":0.027294293531640812,"standard_error":0.008012244844511648}}