{"mean":{"confidence_interval":{"confidence_level":0.95,"lower_bound":64.029357237549,"upper_bound":64.05711023626041},"point_estimate":64.04135347837126,"standard_error":0.00715163275936133},"median":{"confidence_interval":{"confidence_level":0.95,"lower_bound":64.01445194417988,"upper_bound":64.03034876209749},"point_estimate":64.02009152469606,"standard_error":0.004078704018082989},"median_abs_dev":{"confidence_interval":{"confidence_level":0.95,"lower_bound":0.010979463162438852,"upper_bound":0.02932043049804546},"point_estimate":0.01845193783786872,"standard_error":0.004564522751568425},"slope":{"confidence_interval":{"confidence_level":0.95,"lower_bound":64.01610033106553,"upper_bound":64.02415400172886},"point_estimate":64.01995187872436,"standard_error":0.002056089495534568},"std_dev":{"confidence_interval":{"confidence_level":0.95,"lower_bound":0.031220612136041416,"upper_bound":0.10925191026754805},"point_estimate":0.07176326273058331,"standard_error":0.021828878946793726}}