{"mean":{"confidence_interval":{"confidence_level":0.95,"lower_bound":21.00484381459077,"upper_bound":21.009451433885832},"point_estimate":21.00684535695442,"standard_error":0.0011875968318463416},"median":{"confidence_interval":{"confidence_level":0.95,"lower_bound":21.002420550356714,"upper_bound":21.00506468617574},"point_estimate":21.003398309614106,"standard_error":0.0006932764844225062},"median_abs_dev":{"confidence_interval":{"confidence_level":0.95,"lower_bound":0.0018935304879056758,"upper_bound":0.0047437599307878},"point_estimate":0.003073814398490956,"standard_error":0.0007318726605265482},"slope":{"confidence_interval":{"confidence_level":0.95,"lower_bound":21.002703791122755,"upper_bound":21.003963960328743},"point_estimate":21.00331340126245,"standard_error":0.00032160295112027877},"std_dev":{"confidence_interval":{"confidence_level":0.95,"lower_bound":0.005179872379904754,"upper_bound":0.018078132054444338},"point_estimate":0.011895553626216797,"standard_error":0.003539684911017418}}