{"mean":{"confidence_interval":{"confidence_level":0.95,"lower_bound":16.003662092098054,"upper_bound":16.007138960821035},"point_estimate":16.005193788157214,"standard_error":0.0008978841226651927},"median":{"confidence_interval":{"confidence_level":0.95,"lower_bound":16.00180672682187,"upper_bound":16.003680597617606},"point_estimate":16.002563114439756,"standard_error":0.0005165243921651422},"median_abs_dev":{"confidence_interval":{"confidence_level":0.95,"lower_bound":0.0014137242767097954,"upper_bound":0.003482249080111475},"point_estimate":0.00234710415938688,"standard_error":0.0005403269283509654},"slope":{"confidence_interval":{"confidence_level":0.95,"lower_bound":16.00205103843157,"upper_bound":16.003031133355503},"point_estimate":16.002524053376256,"standard_error":0.00025088303234218674},"std_dev":{"confidence_interval":{"confidence_level":0.95,"lower_bound":0.0039800034310156825,"upper_bound":0.013490445406335877},"point_estimate":0.00904700492183015,"standard_error":0.0025127918209698194}}