{"mean":{"confidence_interval":{"confidence_level":0.95,"lower_bound":20.004782409353496,"upper_bound":20.009279072285718},"point_estimate":20.006705253755786,"standard_error":0.0011646101482601953},"median":{"confidence_interval":{"confidence_level":0.95,"lower_bound":20.002454203851574,"upper_bound":20.005165756099974},"point_estimate":20.003328690281442,"standard_error":0.0006869364563686336},"median_abs_dev":{"confidence_interval":{"confidence_level":0.95,"lower_bound":0.0018777598440572372,"upper_bound":0.004780317398457487},"point_estimate":0.003080975900276126,"standard_error":0.0007357481215370267},"slope":{"confidence_interval":{"confidence_level":0.95,"lower_bound":20.002689384884555,"upper_bound":20.003960452505368},"point_estimate":20.00330413717886,"standard_error":0.0003256815216951881},"std_dev":{"confidence_interval":{"confidence_level":0.95,"lower_bound":0.00480896035967793,"upper_bound":0.01800727734062975},"point_estimate":0.011648183406246498,"standard_error":0.0037208620213857063}}