{"mean":{"confidence_interval":{"confidence_level":0.95,"lower_bound":40.008754727360554,"upper_bound":40.01697383938379},"point_estimate":40.01231705282723,"standard_error":0.0021165317106529758},"median":{"confidence_interval":{"confidence_level":0.95,"lower_bound":40.004318503029154,"upper_bound":40.009103231570194},"point_estimate":40.00600371196984,"standard_error":0.001226545847217737},"median_abs_dev":{"confidence_interval":{"confidence_level":0.95,"lower_bound":0.0033033989543081455,"upper_bound":0.008570307935494193},"point_estimate":0.005613892299799672,"standard_error":0.0013296175202368516},"slope":{"confidence_interval":{"confidence_level":0.95,"lower_bound":40.00488895103723,"upper_bound":40.007290209525394},"point_estimate":40.006046913137226,"standard_error":0.0006123848395820217},"std_dev":{"confidence_interval":{"confidence_level":0.95,"lower_bound":0.00914691904893029,"upper_bound":0.03247342214874963},"point_estimate":0.021273076181134956,"standard_error":0.006565163335702683}}