{"mean":{"confidence_interval":{"confidence_level":0.95,"lower_bound":21.005019789685424,"upper_bound":21.011264749387152},"point_estimate":21.007721166050825,"standard_error":0.0016097168944938097},"median":{"confidence_interval":{"confidence_level":0.95,"lower_bound":21.002468348450492,"upper_bound":21.005066609977327},"point_estimate":21.003465415312267,"standard_error":0.0006853450721260244},"median_abs_dev":{"confidence_interval":{"confidence_level":0.95,"lower_bound":0.001895667494874594,"upper_bound":0.004874731725980685},"point_estimate":0.0031857051551627096,"standard_error":0.0007329649886987679},"slope":{"confidence_interval":{"confidence_level":0.95,"lower_bound":21.0027185870562,"upper_bound":21.00399428235755},"point_estimate":21.003336183577744,"standard_error":0.00032621146420708285},"std_dev":{"confidence_interval":{"confidence_level":0.95,"lower_bound":0.0054530282151968625,"upper_bound":0.02428298497526194},"point_estimate":0.01618772853390222,"standard_error":0.004865533014383285}}