{"mean":{"confidence_interval":{"confidence_level":0.95,"lower_bound":18.004677546966242,"upper_bound":18.009060517956556},"point_estimate":18.0065993869907,"standard_error":0.0011268175725352813},"median":{"confidence_interval":{"confidence_level":0.95,"lower_bound":18.00220845722884,"upper_bound":18.00452733731912},"point_estimate":18.003070263239405,"standard_error":0.0006221998619748503},"median_abs_dev":{"confidence_interval":{"confidence_level":0.95,"lower_bound":0.0016761085840700251,"upper_bound":0.004481436529638005},"point_estimate":0.002845824072388019,"standard_error":0.0007104061760572272},"slope":{"confidence_interval":{"confidence_level":0.95,"lower_bound":18.0025254908934,"upper_bound":18.003879278766366},"point_estimate":18.00316845870481,"standard_error":0.00034521334461522945},"std_dev":{"confidence_interval":{"confidence_level":0.95,"lower_bound":0.005299547477992681,"upper_bound":0.016983184258106316},"point_estimate":0.011335440232237343,"standard_error":0.003213745837351309}}