{"mean":{"confidence_interval":{"confidence_level":0.95,"lower_bound":67.01658287089101,"upper_bound":67.03780604673248},"point_estimate":67.02603190590958,"standard_error":0.005453190540051993},"median":{"confidence_interval":{"confidence_level":0.95,"lower_bound":67.00738829185521,"upper_bound":67.01542018472735},"point_estimate":67.01037272501839,"standard_error":0.002131247688822288},"median_abs_dev":{"confidence_interval":{"confidence_level":0.95,"lower_bound":0.005675925865921064,"upper_bound":0.014892871925206537},"point_estimate":0.0095354930323063,"standard_error":0.0023105375497864894},"slope":{"confidence_interval":{"confidence_level":0.95,"lower_bound":67.00833190687717,"upper_bound":67.01241452690724},"point_estimate":67.0103063609866,"standard_error":0.0010438097982598208},"std_dev":{"confidence_interval":{"confidence_level":0.95,"lower_bound":0.02272924110196833,"upper_bound":0.07827925110712115},"point_estimate":0.0550275858881044,"standard_error":0.013725782861508565}}