{"mean":{"confidence_interval":{"confidence_level":0.95,"lower_bound":58.01355895340384,"upper_bound":58.026536155359516},"point_estimate":58.01923824488883,"standard_error":0.0033283791204728654},"median":{"confidence_interval":{"confidence_level":0.95,"lower_bound":58.006715938303344,"upper_bound":58.013835008179484},"point_estimate":58.00942878037661,"standard_error":0.0019161115996903957},"median_abs_dev":{"confidence_interval":{"confidence_level":0.95,"lower_bound":0.005149303322299781,"upper_bound":0.013290426046468738},"point_estimate":0.008772586494366871,"standard_error":0.0020641535854045118},"slope":{"confidence_interval":{"confidence_level":0.95,"lower_bound":58.00750548752109,"upper_bound":58.011235203977755},"point_estimate":58.00930851786019,"standard_error":0.0009509348000532823},"std_dev":{"confidence_interval":{"confidence_level":0.95,"lower_bound":0.014910621904270442,"upper_bound":0.05038716529535879},"point_estimate":0.03340366174405566,"standard_error":0.009703542661391819}}