{"mean":{"confidence_interval":{"confidence_level":0.95,"lower_bound":56.026573039243885,"upper_bound":56.051412971060515},"point_estimate":56.03720677382122,"standard_error":0.006403160062055268},"median":{"confidence_interval":{"confidence_level":0.95,"lower_bound":56.01312260296292,"upper_bound":56.02766098809264},"point_estimate":56.01824343480881,"standard_error":0.003746515865979875},"median_abs_dev":{"confidence_interval":{"confidence_level":0.95,"lower_bound":0.010092085059513712,"upper_bound":0.026156607201200312},"point_estimate":0.017138285188040826,"standard_error":0.00415244361470061},"slope":{"confidence_interval":{"confidence_level":0.95,"lower_bound":56.01480912935724,"upper_bound":56.022274534362346},"point_estimate":56.01839954977689,"standard_error":0.0019090714821702927},"std_dev":{"confidence_interval":{"confidence_level":0.95,"lower_bound":0.027317530230619953,"upper_bound":0.09875776398832053},"point_estimate":0.06432157637214025,"standard_error":0.020086186124053693}}