{"mean":{"confidence_interval":{"confidence_level":0.95,"lower_bound":-0.0001703260406242135,"upper_bound":0.00011798444190755929},"point_estimate":-0.000024161219822849134,"standard_error":0.00007293845229281881},"median":{"confidence_interval":{"confidence_level":0.95,"lower_bound":-0.00008991192784024715,"upper_bound":0.00007662872165670187},"point_estimate":-7.6504609262118e-6,"standard_error":0.000043639490834291566}}