{"mean":{"confidence_interval":{"confidence_level":0.95,"lower_bound":21.00507191516316,"upper_bound":21.018424207128668},"point_estimate":21.010024637611686,"standard_error":0.0036393007999194556},"median":{"confidence_interval":{"confidence_level":0.95,"lower_bound":21.002463569039655,"upper_bound":21.005259896021517},"point_estimate":21.003439872325742,"standard_error":0.0006993964607043161},"median_abs_dev":{"confidence_interval":{"confidence_level":0.95,"lower_bound":0.0018938823521079166,"upper_bound":0.005079448763991869},"point_estimate":0.0031688548255118278,"standard_error":0.0007971943340880052},"slope":{"confidence_interval":{"confidence_level":0.95,"lower_bound":21.00280923310309,"upper_bound":21.004177808016845},"point_estimate":21.00347036905781,"standard_error":0.00034926414950772365},"std_dev":{"confidence_interval":{"confidence_level":0.95,"lower_bound":0.005060085270804514,"upper_bound":0.061287576747031225},"point_estimate":0.036511332443896975,"standard_error":0.018011729142404034}}