{"mean":{"confidence_interval":{"confidence_level":0.95,"lower_bound":20.004688795303398,"upper_bound":20.009053742867575},"point_estimate":20.0065945111006,"standard_error":0.0011227229969897104},"median":{"confidence_interval":{"confidence_level":0.95,"lower_bound":20.002401636330205,"upper_bound":20.00481215213358},"point_estimate":20.003358297211555,"standard_error":0.0006821537777281431},"median_abs_dev":{"confidence_interval":{"confidence_level":0.95,"lower_bound":0.0019127402283369063,"upper_bound":0.004626542029243675},"point_estimate":0.0031289769107569507,"standard_error":0.0007001077761674397},"slope":{"confidence_interval":{"confidence_level":0.95,"lower_bound":20.002670834663515,"upper_bound":20.003894042597658},"point_estimate":20.003268034997227,"standard_error":0.0003119577968310918},"std_dev":{"confidence_interval":{"confidence_level":0.95,"lower_bound":0.004958264746541879,"upper_bound":0.017140021868516975},"point_estimate":0.01135882308921321,"standard_error":0.0033531528770201343}}