{"mean":{"confidence_interval":{"confidence_level":0.95,"lower_bound":43.00940850980131,"upper_bound":43.01839912528976},"point_estimate":43.01331468635347,"standard_error":0.0023157953601399607},"median":{"confidence_interval":{"confidence_level":0.95,"lower_bound":43.00461234254036,"upper_bound":43.009478037139345},"point_estimate":43.006412216439735,"standard_error":0.0013038765307792947},"median_abs_dev":{"confidence_interval":{"confidence_level":0.95,"lower_bound":0.003499174547883625,"upper_bound":0.009126217856297794},"point_estimate":0.0058889417771364645,"standard_error":0.0013986630535122537},"slope":{"confidence_interval":{"confidence_level":0.95,"lower_bound":43.00509167691372,"upper_bound":43.00753685017315},"point_estimate":43.006271097186044,"standard_error":0.0006237340269938937},"std_dev":{"confidence_interval":{"confidence_level":0.95,"lower_bound":0.010434842292733082,"upper_bound":0.035226546258873656},"point_estimate":0.023246184780724925,"standard_error":0.00686857726577098}}