{"mean":{"confidence_interval":{"confidence_level":0.95,"lower_bound":19.004903220170835,"upper_bound":19.00933294316082},"point_estimate":19.006846126270496,"standard_error":0.0011401696731047546},"median":{"confidence_interval":{"confidence_level":0.95,"lower_bound":19.002440756190644,"upper_bound":19.00495965516842},"point_estimate":19.003501198695126,"standard_error":0.0007109797201974844},"median_abs_dev":{"confidence_interval":{"confidence_level":0.95,"lower_bound":0.0019523513299575734,"upper_bound":0.00481891466932026},"point_estimate":0.0032675764322604496,"standard_error":0.0007351133811555878},"slope":{"confidence_interval":{"confidence_level":0.95,"lower_bound":19.002807254826802,"upper_bound":19.004154855090963},"point_estimate":19.003459433003783,"standard_error":0.00034308819608243926},"std_dev":{"confidence_interval":{"confidence_level":0.95,"lower_bound":0.005283522196218571,"upper_bound":0.017258442598620367},"point_estimate":0.011512466593079787,"standard_error":0.003304850685381693}}