{"mean":{"confidence_interval":{"confidence_level":0.95,"lower_bound":58.01317653983835,"upper_bound":58.02582013417581},"point_estimate":58.01870274222068,"standard_error":0.0032547785727548564},"median":{"confidence_interval":{"confidence_level":0.95,"lower_bound":58.00642389950166,"upper_bound":58.01345047699214},"point_estimate":58.008788171638386,"standard_error":0.0018171322205202658},"median_abs_dev":{"confidence_interval":{"confidence_level":0.95,"lower_bound":0.004971752873154173,"upper_bound":0.012691578692790232},"point_estimate":0.008301809909196553,"standard_error":0.0019669239265749814},"slope":{"confidence_interval":{"confidence_level":0.95,"lower_bound":58.007307771551844,"upper_bound":58.01120832800037},"point_estimate":58.00915517737808,"standard_error":0.0009944661869198356},"std_dev":{"confidence_interval":{"confidence_level":0.95,"lower_bound":0.014872405155111271,"upper_bound":0.049033604404765604},"point_estimate":0.03265227786901156,"standard_error":0.009258274529195896}}