{"mean":{"confidence_interval":{"confidence_level":0.95,"lower_bound":21.005299415038177,"upper_bound":21.01191263377464},"point_estimate":21.008248540200736,"standard_error":0.001703033058220518},"median":{"confidence_interval":{"confidence_level":0.95,"lower_bound":21.0024539758845,"upper_bound":21.00526336730713},"point_estimate":21.00342647743873,"standard_error":0.0007016745478434144},"median_abs_dev":{"confidence_interval":{"confidence_level":0.95,"lower_bound":0.0018865075609182682,"upper_bound":0.004919723238843161},"point_estimate":0.0031616001274898686,"standard_error":0.0007614025749534254},"slope":{"confidence_interval":{"confidence_level":0.95,"lower_bound":21.002779402811164,"upper_bound":21.004107800656755},"point_estimate":21.00341744222151,"standard_error":0.00033970644088935514},"std_dev":{"confidence_interval":{"confidence_level":0.95,"lower_bound":0.006496915497547752,"upper_bound":0.024190761800110802},"point_estimate":0.01707942286190743,"standard_error":0.004297899733804462}}