{"mean":{"confidence_interval":{"confidence_level":0.95,"lower_bound":-0.00014761953359261612,"upper_bound":0.0001344761966289742},"point_estimate":-5.642824363882859e-6,"standard_error":0.00007156697434215364},"median":{"confidence_interval":{"confidence_level":0.95,"lower_bound":-0.00008899756027237469,"upper_bound":0.00008308399966305835},"point_estimate":-4.1460577526741815e-8,"standard_error":0.000043793880867290194}}