{"mean":{"confidence_interval":{"confidence_level":0.95,"lower_bound":49.01088300205371,"upper_bound":49.0210721474318},"point_estimate":49.01526801567251,"standard_error":0.002629652346655905},"median":{"confidence_interval":{"confidence_level":0.95,"lower_bound":49.005361338846875,"upper_bound":49.011424722615295},"point_estimate":49.007453493488846,"standard_error":0.001535503050604458},"median_abs_dev":{"confidence_interval":{"confidence_level":0.95,"lower_bound":0.004087947427422153,"upper_bound":0.010657346169518299},"point_estimate":0.006924602651188445,"standard_error":0.0016704451724762683},"slope":{"confidence_interval":{"confidence_level":0.95,"lower_bound":49.00596318834111,"upper_bound":49.00886146879072},"point_estimate":49.007362134250585,"standard_error":0.0007406628100753703},"std_dev":{"confidence_interval":{"confidence_level":0.95,"lower_bound":0.011359747684111954,"upper_bound":0.040345199575509784},"point_estimate":0.02641469051027825,"standard_error":0.008150971971298337}}