{"mean":{"confidence_interval":{"confidence_level":0.95,"lower_bound":19.005156034445577,"upper_bound":19.010941750597947},"point_estimate":19.00768183970105,"standard_error":0.0014877664078264186},"median":{"confidence_interval":{"confidence_level":0.95,"lower_bound":19.002524483869877,"upper_bound":19.005308083663085},"point_estimate":19.00358136104556,"standard_error":0.0007558749320054966},"median_abs_dev":{"confidence_interval":{"confidence_level":0.95,"lower_bound":0.0019781348027733754,"upper_bound":0.005148372101758661},"point_estimate":0.00338874598803037,"standard_error":0.0007918363095984449},"slope":{"confidence_interval":{"confidence_level":0.95,"lower_bound":19.00287275479808,"upper_bound":19.004251707821247},"point_estimate":19.003544453320657,"standard_error":0.0003514625761705243},"std_dev":{"confidence_interval":{"confidence_level":0.95,"lower_bound":0.005515866950821661,"upper_bound":0.021901527793731904},"point_estimate":0.014946220989470415,"standard_error":0.004219920809457037}}