{"mean":{"confidence_interval":{"confidence_level":0.95,"lower_bound":49.011647025127054,"upper_bound":49.023120739007375},"point_estimate":49.01667063913114,"standard_error":0.0029530324781242056},"median":{"confidence_interval":{"confidence_level":0.95,"lower_bound":49.005665215576364,"upper_bound":49.01196142098015},"point_estimate":49.00787595199955,"standard_error":0.00160094637133008},"median_abs_dev":{"confidence_interval":{"confidence_level":0.95,"lower_bound":0.004271409874734828,"upper_bound":0.011229550834155583},"point_estimate":0.007300081667079737,"standard_error":0.0017410346028391363},"slope":{"confidence_interval":{"confidence_level":0.95,"lower_bound":49.006281308546626,"upper_bound":49.00936300277516},"point_estimate":49.007777183002396,"standard_error":0.0007875132247619037},"std_dev":{"confidence_interval":{"confidence_level":0.95,"lower_bound":0.012878109857097033,"upper_bound":0.044471816789012755},"point_estimate":0.029680184178114858,"standard_error":0.008345995995266722}}