{"mean":{"confidence_interval":{"confidence_level":0.95,"lower_bound":23.005090429132185,"upper_bound":23.00986950312833},"point_estimate":23.00713126955912,"standard_error":0.001231334484265464},"median":{"confidence_interval":{"confidence_level":0.95,"lower_bound":23.002547506734437,"upper_bound":23.00538376645011},"point_estimate":23.0035416199946,"standard_error":0.000726041333038194},"median_abs_dev":{"confidence_interval":{"confidence_level":0.95,"lower_bound":0.0019821048849526382,"upper_bound":0.005093493537759053},"point_estimate":0.0033239145326064774,"standard_error":0.0007784108824828434},"slope":{"confidence_interval":{"confidence_level":0.95,"lower_bound":23.00282458121519,"upper_bound":23.004180786808003},"point_estimate":23.0034779707826,"standard_error":0.00034687547668905424},"std_dev":{"confidence_interval":{"confidence_level":0.95,"lower_bound":0.005115410107731811,"upper_bound":0.01909943672137866},"point_estimate":0.01240140623233111,"standard_error":0.003932857512382863}}