{"mean":{"confidence_interval":{"confidence_level":0.95,"lower_bound":21.004861201337363,"upper_bound":21.00941031580817},"point_estimate":21.00681030579905,"standard_error":0.0011784399386111865},"median":{"confidence_interval":{"confidence_level":0.95,"lower_bound":21.002477506193106,"upper_bound":21.005389700227582},"point_estimate":21.003459332721487,"standard_error":0.0007309321854172309},"median_abs_dev":{"confidence_interval":{"confidence_level":0.95,"lower_bound":0.0019043994528488125,"upper_bound":0.0050219422088011376},"point_estimate":0.0032238968842299358,"standard_error":0.0007597717313122676},"slope":{"confidence_interval":{"confidence_level":0.95,"lower_bound":21.00277921496077,"upper_bound":21.004103898835766},"point_estimate":21.00342327820553,"standard_error":0.0003386986144780718},"std_dev":{"confidence_interval":{"confidence_level":0.95,"lower_bound":0.0048108034261310235,"upper_bound":0.018325390250068227},"point_estimate":0.011842826418868486,"standard_error":0.0038089321876862035}}