{"mean":{"confidence_interval":{"confidence_level":0.95,"lower_bound":21.00496298581245,"upper_bound":21.00978033685517},"point_estimate":21.007066299879188,"standard_error":0.0012406144197956404},"median":{"confidence_interval":{"confidence_level":0.95,"lower_bound":21.002456049638056,"upper_bound":21.005119707937702},"point_estimate":21.003448148506628,"standard_error":0.0007031985840944363},"median_abs_dev":{"confidence_interval":{"confidence_level":0.95,"lower_bound":0.001907122336028469,"upper_bound":0.004823049026100245},"point_estimate":0.0031660000450367217,"standard_error":0.0007408129804306467},"slope":{"confidence_interval":{"confidence_level":0.95,"lower_bound":21.00276844951524,"upper_bound":21.004049276503256},"point_estimate":21.003390161115544,"standard_error":0.0003275921443610162},"std_dev":{"confidence_interval":{"confidence_level":0.95,"lower_bound":0.005376116464566217,"upper_bound":0.018700306088183394},"point_estimate":0.012446385445075932,"standard_error":0.0035485683907736476}}