{"mean":{"confidence_interval":{"confidence_level":0.95,"lower_bound":21.005073392550692,"upper_bound":21.00990635864815},"point_estimate":21.0071955700445,"standard_error":0.0012433637261450971},"median":{"confidence_interval":{"confidence_level":0.95,"lower_bound":21.00254752536555,"upper_bound":21.005307671321212},"point_estimate":21.003614048881687,"standard_error":0.0007572077050252494},"median_abs_dev":{"confidence_interval":{"confidence_level":0.95,"lower_bound":0.00198510164558108,"upper_bound":0.005022773962930645},"point_estimate":0.0033539942524438695,"standard_error":0.0007659239048611917},"slope":{"confidence_interval":{"confidence_level":0.95,"lower_bound":21.00292086973299,"upper_bound":21.00429280888421},"point_estimate":21.003596699113594,"standard_error":0.00034978813110156403},"std_dev":{"confidence_interval":{"confidence_level":0.95,"lower_bound":0.005435497439002395,"upper_bound":0.018754920111222574},"point_estimate":0.01244720500460974,"standard_error":0.0035895816434694298}}