{"mean":{"confidence_interval":{"confidence_level":0.95,"lower_bound":20.0132808359372,"upper_bound":20.025787804884548},"point_estimate":20.018720917511228,"standard_error":0.003223526379285656},"median":{"confidence_interval":{"confidence_level":0.95,"lower_bound":20.0065503003003,"upper_bound":20.013558933322905},"point_estimate":20.009196234411753,"standard_error":0.0018857481343909958},"median_abs_dev":{"confidence_interval":{"confidence_level":0.95,"lower_bound":0.005045773138101058,"upper_bound":0.013057738605351907},"point_estimate":0.008453962579873719,"standard_error":0.0020278962941263534},"slope":{"confidence_interval":{"confidence_level":0.95,"lower_bound":20.007323625719522,"upper_bound":20.01095302775699},"point_estimate":20.00908027800225,"standard_error":0.0009257430489454996},"std_dev":{"confidence_interval":{"confidence_level":0.95,"lower_bound":0.014353091283407912,"upper_bound":0.04899813208467674},"point_estimate":0.0324235136553138,"standard_error":0.009478688727821998}}