{"mean":{"confidence_interval":{"confidence_level":0.95,"lower_bound":47.01165398095016,"upper_bound":47.02283182432084},"point_estimate":47.01655419482259,"standard_error":0.0028724329003696385},"median":{"confidence_interval":{"confidence_level":0.95,"lower_bound":47.00562090870461,"upper_bound":47.011537654709464},"point_estimate":47.00797410659483,"standard_error":0.001630369888519572},"median_abs_dev":{"confidence_interval":{"confidence_level":0.95,"lower_bound":0.0043743477462026,"upper_bound":0.01115946006164671},"point_estimate":0.007350974255569592,"standard_error":0.001756032262422432},"slope":{"confidence_interval":{"confidence_level":0.95,"lower_bound":47.006630347725306,"upper_bound":47.01152953870211},"point_estimate":47.00885466740037,"standard_error":0.0012561786900237007},"std_dev":{"confidence_interval":{"confidence_level":0.95,"lower_bound":0.012599410654813563,"upper_bound":0.042683770238112956},"point_estimate":0.028835392639741806,"standard_error":0.007831642923723476}}