{"mean":{"confidence_interval":{"confidence_level":0.95,"lower_bound":47.01083212647656,"upper_bound":47.02097154922627},"point_estimate":47.0151842198187,"standard_error":0.0026230578825102474},"median":{"confidence_interval":{"confidence_level":0.95,"lower_bound":47.00547120418848,"upper_bound":47.01128708551484},"point_estimate":47.00768124725969,"standard_error":0.0015577451644339308},"median_abs_dev":{"confidence_interval":{"confidence_level":0.95,"lower_bound":0.004283210578780163,"upper_bound":0.01071927357788501},"point_estimate":0.0069426665003085464,"standard_error":0.0016473557880406166},"slope":{"confidence_interval":{"confidence_level":0.95,"lower_bound":47.00611816569851,"upper_bound":47.00892194110916},"point_estimate":47.00748166873888,"standard_error":0.000718372830262128},"std_dev":{"confidence_interval":{"confidence_level":0.95,"lower_bound":0.01111683576790772,"upper_bound":0.04018338969581531},"point_estimate":0.02621399230701235,"standard_error":0.00818927223217607}}