{"mean":{"confidence_interval":{"confidence_level":0.95,"lower_bound":22.00504609071692,"upper_bound":22.010159652324596},"point_estimate":22.007318543292676,"standard_error":0.0013148351982350812},"median":{"confidence_interval":{"confidence_level":0.95,"lower_bound":22.002453068918324,"upper_bound":22.00503524672709},"point_estimate":22.003480048167866,"standard_error":0.0007087329146629116},"median_abs_dev":{"confidence_interval":{"confidence_level":0.95,"lower_bound":0.0019277576372030358,"upper_bound":0.004832547226764396},"point_estimate":0.003216142633935523,"standard_error":0.0007485280996129787},"slope":{"confidence_interval":{"confidence_level":0.95,"lower_bound":22.00277881935897,"upper_bound":22.00417436304086},"point_estimate":22.00345095681052,"standard_error":0.00035600658112236417},"std_dev":{"confidence_interval":{"confidence_level":0.95,"lower_bound":0.005534464274884697,"upper_bound":0.019281946194792645},"point_estimate":0.013208842935464423,"standard_error":0.0035308950529113173}}