{"mean":{"confidence_interval":{"confidence_level":0.95,"lower_bound":-0.00020743773527312763,"upper_bound":0.00016054770395315657},"point_estimate":-0.00002400508375710597,"standard_error":0.00009327166951749412},"median":{"confidence_interval":{"confidence_level":0.95,"lower_bound":-0.00012401082684540521,"upper_bound":0.00009799691873291216},"point_estimate":-0.000014475109243239359,"standard_error":0.00005687747103551529}}