{"mean":{"confidence_interval":{"confidence_level":0.95,"lower_bound":21.005267215238327,"upper_bound":21.010174501920524},"point_estimate":21.007431039701352,"standard_error":0.0012626771073558215},"median":{"confidence_interval":{"confidence_level":0.95,"lower_bound":21.002571731624425,"upper_bound":21.005250415743607},"point_estimate":21.003648389110047,"standard_error":0.0007404936070348226},"median_abs_dev":{"confidence_interval":{"confidence_level":0.95,"lower_bound":0.0020300674577321963,"upper_bound":0.005071535492683396},"point_estimate":0.0033717176303356055,"standard_error":0.0007845445319364875},"slope":{"confidence_interval":{"confidence_level":0.95,"lower_bound":21.0029690504193,"upper_bound":21.00459939729572},"point_estimate":21.003733364547976,"standard_error":0.00041460566524255697},"std_dev":{"confidence_interval":{"confidence_level":0.95,"lower_bound":0.0058333884069348505,"upper_bound":0.018976255111756612},"point_estimate":0.012679081079702293,"standard_error":0.0035564516079026596}}