{"mean":{"confidence_interval":{"confidence_level":0.95,"lower_bound":65.02895346511387,"upper_bound":65.05724381877957},"point_estimate":65.04133429460101,"standard_error":0.007306677654415326},"median":{"confidence_interval":{"confidence_level":0.95,"lower_bound":65.01432676518884,"upper_bound":65.02909710819193},"point_estimate":65.02011393142274,"standard_error":0.003993323386054904},"median_abs_dev":{"confidence_interval":{"confidence_level":0.95,"lower_bound":0.010994234830147482,"upper_bound":0.02740681877622594},"point_estimate":0.018415910983192715,"standard_error":0.004244756341370538},"slope":{"confidence_interval":{"confidence_level":0.95,"lower_bound":65.01598134472519,"upper_bound":65.02364809579994},"point_estimate":65.01971889402748,"standard_error":0.0019536743963621756},"std_dev":{"confidence_interval":{"confidence_level":0.95,"lower_bound":0.03140437482049945,"upper_bound":0.11005138966454214},"point_estimate":0.07328852202661518,"standard_error":0.020742891020983645}}