{"mean":{"confidence_interval":{"confidence_level":0.95,"lower_bound":-0.00014663648586443753,"upper_bound":0.00019087835716045097},"point_estimate":0.000017250237959176573,"standard_error":0.00008546161530290204},"median":{"confidence_interval":{"confidence_level":0.95,"lower_bound":-0.00010194601060442565,"upper_bound":0.00009833603580200467},"point_estimate":2.88701830597482e-6,"standard_error":0.00005009910420212137}}