{"mean":{"confidence_interval":{"confidence_level":0.95,"lower_bound":23.00565785638272,"upper_bound":23.01091170936488},"point_estimate":23.007923993923427,"standard_error":0.0013556965755761926},"median":{"confidence_interval":{"confidence_level":0.95,"lower_bound":23.00290216917943,"upper_bound":23.00594602366086},"point_estimate":23.004017740789244,"standard_error":0.0008136824358819184},"median_abs_dev":{"confidence_interval":{"confidence_level":0.95,"lower_bound":0.0022720817062001335,"upper_bound":0.0056147438696667815},"point_estimate":0.0036362171013209336,"standard_error":0.0008611996115825051},"slope":{"confidence_interval":{"confidence_level":0.95,"lower_bound":23.003222000171753,"upper_bound":23.00470721553306},"point_estimate":23.003946328103805,"standard_error":0.0003786437307028457},"std_dev":{"confidence_interval":{"confidence_level":0.95,"lower_bound":0.005741907256690661,"upper_bound":0.02093472204303556},"point_estimate":0.013660832943239118,"standard_error":0.004283519165263557}}