{"mean":{"confidence_interval":{"confidence_level":0.95,"lower_bound":49.01085533345702,"upper_bound":49.02092626888427},"point_estimate":49.01522596517289,"standard_error":0.002607350092460062},"median":{"confidence_interval":{"confidence_level":0.95,"lower_bound":49.00546548117155,"upper_bound":49.011268741283125},"point_estimate":49.007673212482224,"standard_error":0.0015551095907864038},"median_abs_dev":{"confidence_interval":{"confidence_level":0.95,"lower_bound":0.0042392035997074525,"upper_bound":0.010752521403860994},"point_estimate":0.006935404296856346,"standard_error":0.001637976825691106},"slope":{"confidence_interval":{"confidence_level":0.95,"lower_bound":49.00611479279484,"upper_bound":49.008934820982724},"point_estimate":49.00748218124754,"standard_error":0.0007210636845958464},"std_dev":{"confidence_interval":{"confidence_level":0.95,"lower_bound":0.01128368885329161,"upper_bound":0.04011865124495905},"point_estimate":0.026298026827233794,"standard_error":0.008090011040129616}}