{"mean":{"confidence_interval":{"confidence_level":0.95,"lower_bound":16.003559594140235,"upper_bound":16.006872934050243},"point_estimate":16.00498901245549,"standard_error":0.0008522368020516029},"median":{"confidence_interval":{"confidence_level":0.95,"lower_bound":16.001795883361922,"upper_bound":16.003664696152903},"point_estimate":16.002521314079544,"standard_error":0.0005133220686141719},"median_abs_dev":{"confidence_interval":{"confidence_level":0.95,"lower_bound":0.0014005235429274464,"upper_bound":0.0035200165552352314},"point_estimate":0.002278880265796196,"standard_error":0.0005540556761816281},"slope":{"confidence_interval":{"confidence_level":0.95,"lower_bound":16.00202753413282,"upper_bound":16.00298156756984},"point_estimate":16.002490298368052,"standard_error":0.00024305732543938424},"std_dev":{"confidence_interval":{"confidence_level":0.95,"lower_bound":0.003628661097629823,"upper_bound":0.013150433700610786},"point_estimate":0.008581725897074769,"standard_error":0.0026844539575867853}}