{"mean":{"confidence_interval":{"confidence_level":0.95,"lower_bound":33.00701306844794,"upper_bound":33.0134829570798},"point_estimate":33.00982818272219,"standard_error":0.0016678887520560409},"median":{"confidence_interval":{"confidence_level":0.95,"lower_bound":33.00348936994334,"upper_bound":33.00723581583374},"point_estimate":33.004950197439456,"standard_error":0.0010176658268022212},"median_abs_dev":{"confidence_interval":{"confidence_level":0.95,"lower_bound":0.0027424933806086656,"upper_bound":0.00697243571818723},"point_estimate":0.004556130202778437,"standard_error":0.0010637574372297839},"slope":{"confidence_interval":{"confidence_level":0.95,"lower_bound":33.003988355753755,"upper_bound":33.00586398177215},"point_estimate":33.00489707362201,"standard_error":0.0004802354721723814},"std_dev":{"confidence_interval":{"confidence_level":0.95,"lower_bound":0.007477956507334755,"upper_bound":0.02534717097676516},"point_estimate":0.016742942806984035,"standard_error":0.004931793508645633}}