{"mean":{"confidence_interval":{"confidence_level":0.95,"lower_bound":23.00564094587703,"upper_bound":23.01126264058538},"point_estimate":23.008105557835815,"standard_error":0.0014428117640782544},"median":{"confidence_interval":{"confidence_level":0.95,"lower_bound":23.002819447442263,"upper_bound":23.0058592344773},"point_estimate":23.003763444861754,"standard_error":0.0007625943089058591},"median_abs_dev":{"confidence_interval":{"confidence_level":0.95,"lower_bound":0.0021436475403489533,"upper_bound":0.005422255037709791},"point_estimate":0.0035001695187529985,"standard_error":0.0008234466656274363},"slope":{"confidence_interval":{"confidence_level":0.95,"lower_bound":23.0031075166869,"upper_bound":23.00470239392689},"point_estimate":23.003876362769248,"standard_error":0.00040730077189238576},"std_dev":{"confidence_interval":{"confidence_level":0.95,"lower_bound":0.006231331247841041,"upper_bound":0.021712819119766892},"point_estimate":0.014488494648355863,"standard_error":0.004070490583952277}}