{"mean":{"confidence_interval":{"confidence_level":0.95,"lower_bound":40.00949465214161,"upper_bound":40.021006320026345},"point_estimate":40.01450044382257,"standard_error":0.0029644913796165323},"median":{"confidence_interval":{"confidence_level":0.95,"lower_bound":40.00469114742324,"upper_bound":40.00967221823188},"point_estimate":40.006586093673015,"standard_error":0.0013148913418953802},"median_abs_dev":{"confidence_interval":{"confidence_level":0.95,"lower_bound":0.0035945212167446247,"upper_bound":0.009133995349068596},"point_estimate":0.005979281396251149,"standard_error":0.0013819155875319973},"slope":{"confidence_interval":{"confidence_level":0.95,"lower_bound":40.00517989525495,"upper_bound":40.007592560402756},"point_estimate":40.00635180929242,"standard_error":0.0006156915941635278},"std_dev":{"confidence_interval":{"confidence_level":0.95,"lower_bound":0.010200389407014373,"upper_bound":0.044391889851170034},"point_estimate":0.029814337885516625,"standard_error":0.008783489987384192}}