{"mean":{"confidence_interval":{"confidence_level":0.95,"lower_bound":65.01450077757178,"upper_bound":65.02785279131695},"point_estimate":65.02023601516822,"standard_error":0.0034657925073223114},"median":{"confidence_interval":{"confidence_level":0.95,"lower_bound":65.00742542108716,"upper_bound":65.01541479820628},"point_estimate":65.01047340056928,"standard_error":0.002103477564948396},"median_abs_dev":{"confidence_interval":{"confidence_level":0.95,"lower_bound":0.005812611476469013,"upper_bound":0.014521294144826785},"point_estimate":0.009671969672320872,"standard_error":0.002254586045590216},"slope":{"confidence_interval":{"confidence_level":0.95,"lower_bound":65.0083495138346,"upper_bound":65.01229276852831},"point_estimate":65.0102628904715,"standard_error":0.001008705272385378},"std_dev":{"confidence_interval":{"confidence_level":0.95,"lower_bound":0.014355624187858533,"upper_bound":0.05350552545247701},"point_estimate":0.0347321184690202,"standard_error":0.011049068161962172}}