{"mean":{"confidence_interval":{"confidence_level":0.95,"lower_bound":35.00736550849643,"upper_bound":35.01427599791893},"point_estimate":35.0103458944021,"standard_error":0.0017772454683575056},"median":{"confidence_interval":{"confidence_level":0.95,"lower_bound":35.00368113287305,"upper_bound":35.007617130549555},"point_estimate":35.005168092949845,"standard_error":0.0010666366800155661},"median_abs_dev":{"confidence_interval":{"confidence_level":0.95,"lower_bound":0.0028274559340949394,"upper_bound":0.007377774134980155},"point_estimate":0.004671161411725818,"standard_error":0.0011596232266110286},"slope":{"confidence_interval":{"confidence_level":0.95,"lower_bound":35.00414024109644,"upper_bound":35.00613956387269},"point_estimate":35.00511555437572,"standard_error":0.0005097597002780039},"std_dev":{"confidence_interval":{"confidence_level":0.95,"lower_bound":0.007716693717778949,"upper_bound":0.02719943495335719},"point_estimate":0.017804787061034392,"standard_error":0.005428719697631415}}