{"mean":{"confidence_interval":{"confidence_level":0.95,"lower_bound":66.01229987649431,"upper_bound":66.02369108969832},"point_estimate":66.01721061751951,"standard_error":0.002939786204505274},"median":{"confidence_interval":{"confidence_level":0.95,"lower_bound":66.00628870136754,"upper_bound":66.013442106239},"point_estimate":66.0087060300188,"standard_error":0.0018218835714555054},"median_abs_dev":{"confidence_interval":{"confidence_level":0.95,"lower_bound":0.0049586397367080755,"upper_bound":0.012478967394689575},"point_estimate":0.008192012594519132,"standard_error":0.001926963405413664},"slope":{"confidence_interval":{"confidence_level":0.95,"lower_bound":66.00698010319428,"upper_bound":66.01037308527766},"point_estimate":66.0086194023724,"standard_error":0.000865384425388834},"std_dev":{"confidence_interval":{"confidence_level":0.95,"lower_bound":0.012293404227589346,"upper_bound":0.045287484076105264},"point_estimate":0.029493859519622963,"standard_error":0.009324713357845966}}