{"mean":{"confidence_interval":{"confidence_level":0.95,"lower_bound":46.02579231945129,"upper_bound":46.0497930300429},"point_estimate":46.03614930915696,"standard_error":0.006193325605397127},"median":{"confidence_interval":{"confidence_level":0.95,"lower_bound":46.01320627287184,"upper_bound":46.026833536399636},"point_estimate":46.018282663039486,"standard_error":0.0037029657163995546},"median_abs_dev":{"confidence_interval":{"confidence_level":0.95,"lower_bound":0.010300724332532056,"upper_bound":0.025487879078408566},"point_estimate":0.016739238490707797,"standard_error":0.003911196645697222},"slope":{"confidence_interval":{"confidence_level":0.95,"lower_bound":46.0147052050324,"upper_bound":46.021643470157386},"point_estimate":46.01808723193549,"standard_error":0.0017726404834932008},"std_dev":{"confidence_interval":{"confidence_level":0.95,"lower_bound":0.026334848094913422,"upper_bound":0.09538105434010892},"point_estimate":0.06232465075480169,"standard_error":0.019419966696789526}}