{"mean":{"confidence_interval":{"confidence_level":0.95,"lower_bound":21.004827222104417,"upper_bound":21.00935954741109},"point_estimate":21.006777466440376,"standard_error":0.001168939432105586},"median":{"confidence_interval":{"confidence_level":0.95,"lower_bound":21.002398400760143,"upper_bound":21.005017062814588},"point_estimate":21.003334328413096,"standard_error":0.0006783671467672978},"median_abs_dev":{"confidence_interval":{"confidence_level":0.95,"lower_bound":0.0018568254828069167,"upper_bound":0.004760510205985722},"point_estimate":0.0030622275581492523,"standard_error":0.000737465119721203},"slope":{"confidence_interval":{"confidence_level":0.95,"lower_bound":21.002658616069294,"upper_bound":21.003953506580153},"point_estimate":21.00328401316654,"standard_error":0.0003302951986131151},"std_dev":{"confidence_interval":{"confidence_level":0.95,"lower_bound":0.00499216961914935,"upper_bound":0.01805217586476116},"point_estimate":0.011766235188607975,"standard_error":0.0036673707243866744}}