{"mean":{"confidence_interval":{"confidence_level":0.95,"lower_bound":46.02442656794905,"upper_bound":46.04738626158761},"point_estimate":46.03452980152223,"standard_error":0.005938621374383976},"median":{"confidence_interval":{"confidence_level":0.95,"lower_bound":46.01233884083249,"upper_bound":46.02567388590866},"point_estimate":46.01769973321697,"standard_error":0.003608982907865591},"median_abs_dev":{"confidence_interval":{"confidence_level":0.95,"lower_bound":0.009796335535833759,"upper_bound":0.02359243492662629},"point_estimate":0.016238869257948214,"standard_error":0.00351043778926268},"slope":{"confidence_interval":{"confidence_level":0.95,"lower_bound":46.013937073236164,"upper_bound":46.02032509132711},"point_estimate":46.01707260234148,"standard_error":0.0016281074832035787},"std_dev":{"confidence_interval":{"confidence_level":0.95,"lower_bound":0.026362696252304463,"upper_bound":0.08955980960771039},"point_estimate":0.05981145225205002,"standard_error":0.016763939343297188}}