{"mean":{"confidence_interval":{"confidence_level":0.95,"lower_bound":49.014552633008876,"upper_bound":49.03207023776236},"point_estimate":49.02239499340519,"standard_error":0.004507185216670749},"median":{"confidence_interval":{"confidence_level":0.95,"lower_bound":49.0064163965026,"upper_bound":49.012754611066555},"point_estimate":49.00906850705701,"standard_error":0.0018271652832397406},"median_abs_dev":{"confidence_interval":{"confidence_level":0.95,"lower_bound":0.005272290889539304,"upper_bound":0.012748820095952806},"point_estimate":0.008508178967718659,"standard_error":0.001959393907827849},"slope":{"confidence_interval":{"confidence_level":0.95,"lower_bound":49.00742276898129,"upper_bound":49.01258710747379},"point_estimate":49.009697502925796,"standard_error":0.001319578821516923},"std_dev":{"confidence_interval":{"confidence_level":0.95,"lower_bound":0.02038575398225898,"upper_bound":0.06396989308161301},"point_estimate":0.04535859818934957,"standard_error":0.010868965702318932}}