{"mean":{"confidence_interval":{"confidence_level":0.95,"lower_bound":21.004956787483255,"upper_bound":21.014981461183428},"point_estimate":21.008895626122424,"standard_error":0.0026550607201491416},"median":{"confidence_interval":{"confidence_level":0.95,"lower_bound":21.002523770537334,"upper_bound":21.00518037110295},"point_estimate":21.003580349075783,"standard_error":0.0007170112694473208},"median_abs_dev":{"confidence_interval":{"confidence_level":0.95,"lower_bound":0.0019644125048606407,"upper_bound":0.004853391261138278},"point_estimate":0.0032953304913945734,"standard_error":0.0007414360502071757},"slope":{"confidence_interval":{"confidence_level":0.95,"lower_bound":21.00279795076028,"upper_bound":21.004076027584944},"point_estimate":21.003420394217077,"standard_error":0.00032650379920111416},"std_dev":{"confidence_interval":{"confidence_level":0.95,"lower_bound":0.004880413842937098,"upper_bound":0.04372822144730799},"point_estimate":0.02659903796674828,"standard_error":0.011551242751200105}}