{"mean":{"confidence_interval":{"confidence_level":0.95,"lower_bound":20.00405766405576,"upper_bound":20.00786959332071},"point_estimate":20.005698600336764,"standard_error":0.0009813760120590952},"median":{"confidence_interval":{"confidence_level":0.95,"lower_bound":20.00200933081799,"upper_bound":20.00419998040919},"point_estimate":20.00279343175214,"standard_error":0.0005662461446491578},"median_abs_dev":{"confidence_interval":{"confidence_level":0.95,"lower_bound":0.0015396566406782376,"upper_bound":0.003940730398236339},"point_estimate":0.0025629393009343675,"standard_error":0.0006117417807557542},"slope":{"confidence_interval":{"confidence_level":0.95,"lower_bound":20.002271970798144,"upper_bound":20.00336081876576},"point_estimate":20.002801347083388,"standard_error":0.0002782799801466132},"std_dev":{"confidence_interval":{"confidence_level":0.95,"lower_bound":0.004179269767691275,"upper_bound":0.015116110917439913},"point_estimate":0.009858348088581291,"standard_error":0.0030760530525591715}}