{"mean":{"confidence_interval":{"confidence_level":0.95,"lower_bound":57.013574507458706,"upper_bound":57.0297253961765},"point_estimate":57.02078387401589,"standard_error":0.0041655970279844455},"median":{"confidence_interval":{"confidence_level":0.95,"lower_bound":57.00585478784083,"upper_bound":57.01206998328742},"point_estimate":57.00809292763713,"standard_error":0.0017082311888215655},"median_abs_dev":{"confidence_interval":{"confidence_level":0.95,"lower_bound":0.004575236450057046,"upper_bound":0.01189844414143557},"point_estimate":0.007534922897258373,"standard_error":0.0018957305228941704},"slope":{"confidence_interval":{"confidence_level":0.95,"lower_bound":57.007489698646395,"upper_bound":57.01914770890612},"point_estimate":57.01243260727998,"standard_error":0.003048050653198916},"std_dev":{"confidence_interval":{"confidence_level":0.95,"lower_bound":0.018251177423461988,"upper_bound":0.05903429296619403},"point_estimate":0.04171435222094961,"standard_error":0.010136893050727258}}