{"mean":{"confidence_interval":{"confidence_level":0.95,"lower_bound":47.0237915739684,"upper_bound":47.04563137981519},"point_estimate":47.03317977440906,"standard_error":0.005626845473136326},"median":{"confidence_interval":{"confidence_level":0.95,"lower_bound":47.01202746192678,"upper_bound":47.02520992200831},"point_estimate":47.01696448256766,"standard_error":0.003542943925107937},"median_abs_dev":{"confidence_interval":{"confidence_level":0.95,"lower_bound":0.009487644060135915,"upper_bound":0.024087535241882164},"point_estimate":0.01611943980357248,"standard_error":0.003722058899567806},"slope":{"confidence_interval":{"confidence_level":0.95,"lower_bound":47.013478834440036,"upper_bound":47.02002126988175},"point_estimate":47.01662752600994,"standard_error":0.0016683301752691143},"std_dev":{"confidence_interval":{"confidence_level":0.95,"lower_bound":0.024026259311851147,"upper_bound":0.08663408576029634},"point_estimate":0.05653742371636994,"standard_error":0.017689620778588204}}