{"mean":{"confidence_interval":{"confidence_level":0.95,"lower_bound":31.00643096144533,"upper_bound":31.012441843102632},"point_estimate":31.009032578981554,"standard_error":0.0015490918479507086},"median":{"confidence_interval":{"confidence_level":0.95,"lower_bound":31.003241717334657,"upper_bound":31.00662369017855},"point_estimate":31.00455117950925,"standard_error":0.0009180273978187753},"median_abs_dev":{"confidence_interval":{"confidence_level":0.95,"lower_bound":0.002527778457568239,"upper_bound":0.006275461327830352},"point_estimate":0.004113566514329906,"standard_error":0.0009704316598087336},"slope":{"confidence_interval":{"confidence_level":0.95,"lower_bound":31.003643618685757,"upper_bound":31.00536329645882},"point_estimate":31.004485404331028,"standard_error":0.0004391860192053883},"std_dev":{"confidence_interval":{"confidence_level":0.95,"lower_bound":0.006654855114932074,"upper_bound":0.023856772695788973},"point_estimate":0.015586238226059998,"standard_error":0.004814163730668985}}