{"mean":{"confidence_interval":{"confidence_level":0.95,"lower_bound":43.009187905505755,"upper_bound":43.01779999521589},"point_estimate":43.012912130998735,"standard_error":0.0022071949636505166},"median":{"confidence_interval":{"confidence_level":0.95,"lower_bound":43.00462996301414,"upper_bound":43.009472503050375},"point_estimate":43.0065136993605,"standard_error":0.0013038626366301787},"median_abs_dev":{"confidence_interval":{"confidence_level":0.95,"lower_bound":0.0036084038860110506,"upper_bound":0.008893136354570036},"point_estimate":0.005957105294816198,"standard_error":0.0013659732347564642},"slope":{"confidence_interval":{"confidence_level":0.95,"lower_bound":43.00521870096614,"upper_bound":43.00770463933631},"point_estimate":43.006415585751675,"standard_error":0.0006331636653514892},"std_dev":{"confidence_interval":{"confidence_level":0.95,"lower_bound":0.009860107975470527,"upper_bound":0.03364484025870331},"point_estimate":0.022158493233443786,"standard_error":0.006657647511349273}}