{"mean":{"confidence_interval":{"confidence_level":0.95,"lower_bound":23.005755028263824,"upper_bound":23.017567515222705},"point_estimate":23.010339486919428,"standard_error":0.003136001234850831},"median":{"confidence_interval":{"confidence_level":0.95,"lower_bound":23.002868966476562,"upper_bound":23.006074513736074},"point_estimate":23.004005927265418,"standard_error":0.0008278333332520249},"median_abs_dev":{"confidence_interval":{"confidence_level":0.95,"lower_bound":0.0022051971635525863,"upper_bound":0.005756076851903509},"point_estimate":0.0036871109346154718,"standard_error":0.0008827788402962803},"slope":{"confidence_interval":{"confidence_level":0.95,"lower_bound":23.00324443540178,"upper_bound":23.004830637744},"point_estimate":23.004004967740503,"standard_error":0.0004066029232062406},"std_dev":{"confidence_interval":{"confidence_level":0.95,"lower_bound":0.005686333582140187,"upper_bound":0.05193351508895867},"point_estimate":0.03146417542334627,"standard_error":0.014032239292667009}}