{"mean":{"confidence_interval":{"confidence_level":0.95,"lower_bound":24.005480145773333,"upper_bound":24.010518576289538},"point_estimate":24.00765936742698,"standard_error":0.0013006808132017995},"median":{"confidence_interval":{"confidence_level":0.95,"lower_bound":24.002797251466216,"upper_bound":24.00574172669381},"point_estimate":24.003968323012586,"standard_error":0.0008069007918488453},"median_abs_dev":{"confidence_interval":{"confidence_level":0.95,"lower_bound":0.0022375291572452505,"upper_bound":0.005485372125639821},"point_estimate":0.003633886690416469,"standard_error":0.0008383688503213455},"slope":{"confidence_interval":{"confidence_level":0.95,"lower_bound":24.003137659891525,"upper_bound":24.004566545648714},"point_estimate":24.003834180950946,"standard_error":0.0003645329913738633},"std_dev":{"confidence_interval":{"confidence_level":0.95,"lower_bound":0.005569420412886504,"upper_bound":0.01999914231873319},"point_estimate":0.013065101815984737,"standard_error":0.004069152431757465}}