{"mean":{"confidence_interval":{"confidence_level":0.95,"lower_bound":21.005181151999558,"upper_bound":21.01015591329753},"point_estimate":21.00738074974462,"standard_error":0.001281637781665097},"median":{"confidence_interval":{"confidence_level":0.95,"lower_bound":21.002516374494316,"upper_bound":21.00521034001156},"point_estimate":21.00353284103882,"standard_error":0.0007093560272630327},"median_abs_dev":{"confidence_interval":{"confidence_level":0.95,"lower_bound":0.001935145249608603,"upper_bound":0.004898913378111342},"point_estimate":0.0031931451106678925,"standard_error":0.0007529297698548873},"slope":{"confidence_interval":{"confidence_level":0.95,"lower_bound":21.002869171799603,"upper_bound":21.004685472290017},"point_estimate":21.003690632156342,"standard_error":0.0004642408971004972},"std_dev":{"confidence_interval":{"confidence_level":0.95,"lower_bound":0.005834048257687232,"upper_bound":0.019245666392605696},"point_estimate":0.012903929800013049,"standard_error":0.0035719282560320665}}