{"mean":{"confidence_interval":{"confidence_level":0.95,"lower_bound":23.005534654247082,"upper_bound":23.01046994662985},"point_estimate":23.00766246329027,"standard_error":0.001270533635238169},"median":{"confidence_interval":{"confidence_level":0.95,"lower_bound":23.002942501548684,"upper_bound":23.00585275774933},"point_estimate":23.004243992618296,"standard_error":0.0008609307721360379},"median_abs_dev":{"confidence_interval":{"confidence_level":0.95,"lower_bound":0.002486712933994255,"upper_bound":0.005764540093461335},"point_estimate":0.003965320888894526,"standard_error":0.0008633597555516862},"slope":{"confidence_interval":{"confidence_level":0.95,"lower_bound":23.003199961072404,"upper_bound":23.00466779761035},"point_estimate":23.00391563033118,"standard_error":0.0003730316426015428},"std_dev":{"confidence_interval":{"confidence_level":0.95,"lower_bound":0.0054951608140907495,"upper_bound":0.019452594827429687},"point_estimate":0.012712025847281757,"standard_error":0.003918148092134235}}