{"mean":{"confidence_interval":{"confidence_level":0.95,"lower_bound":51.009924034121205,"upper_bound":51.01913536933573},"point_estimate":51.013882132724326,"standard_error":0.002387712494330315},"median":{"confidence_interval":{"confidence_level":0.95,"lower_bound":51.0050111038787,"upper_bound":51.01042502324876},"point_estimate":51.00699698578619,"standard_error":0.0014077359692887107},"median_abs_dev":{"confidence_interval":{"confidence_level":0.95,"lower_bound":0.0038523138778274336,"upper_bound":0.00996895456116172},"point_estimate":0.006545798798011389,"standard_error":0.001551971950102383},"slope":{"confidence_interval":{"confidence_level":0.95,"lower_bound":51.005617634944564,"upper_bound":51.008443995709655},"point_estimate":51.006976390342764,"standard_error":0.0007213688324594506},"std_dev":{"confidence_interval":{"confidence_level":0.95,"lower_bound":0.009844047876617206,"upper_bound":0.03703345162884188},"point_estimate":0.024022768515462044,"standard_error":0.007668222675007473}}