{"mean":{"confidence_interval":{"confidence_level":0.95,"lower_bound":32.006083566827826,"upper_bound":32.01221376307486},"point_estimate":32.00877034964274,"standard_error":0.0015762037114817023},"median":{"confidence_interval":{"confidence_level":0.95,"lower_bound":32.00300201052937,"upper_bound":32.006221033868094},"point_estimate":32.00408046307477,"standard_error":0.0007710536600819996},"median_abs_dev":{"confidence_interval":{"confidence_level":0.95,"lower_bound":0.0022663801362637613,"upper_bound":0.005764565405679921},"point_estimate":0.0037435079433419654,"standard_error":0.0008498641568880512},"slope":{"confidence_interval":{"confidence_level":0.95,"lower_bound":32.003262606009436,"upper_bound":32.004888535052146},"point_estimate":32.00404220123505,"standard_error":0.0004150094342218324},"std_dev":{"confidence_interval":{"confidence_level":0.95,"lower_bound":0.006737721550557347,"upper_bound":0.02385218250228439},"point_estimate":0.015854037967641267,"standard_error":0.004513416612068651}}