{"mean":{"confidence_interval":{"confidence_level":0.95,"lower_bound":21.004812546619,"upper_bound":21.0093075125442},"point_estimate":21.006776345903123,"standard_error":0.0011607882095094977},"median":{"confidence_interval":{"confidence_level":0.95,"lower_bound":21.002445892027236,"upper_bound":21.005014431917523},"point_estimate":21.003386074193596,"standard_error":0.0006842083820400427},"median_abs_dev":{"confidence_interval":{"confidence_level":0.95,"lower_bound":0.0019232824071925246,"upper_bound":0.004738851730596714},"point_estimate":0.003100221414759269,"standard_error":0.0007375857424801865},"slope":{"confidence_interval":{"confidence_level":0.95,"lower_bound":21.00272491382669,"upper_bound":21.00399830479208},"point_estimate":21.003341511034414,"standard_error":0.0003252994626311435},"std_dev":{"confidence_interval":{"confidence_level":0.95,"lower_bound":0.005038192232547456,"upper_bound":0.01776128514479647},"point_estimate":0.01170242778274123,"standard_error":0.003542568264861514}}