{"mean":{"confidence_interval":{"confidence_level":0.95,"lower_bound":56.027862245204865,"upper_bound":56.05624801564959},"point_estimate":56.040362064394664,"standard_error":0.0072963272513134406},"median":{"confidence_interval":{"confidence_level":0.95,"lower_bound":56.01367554858934,"upper_bound":56.028153300243815},"point_estimate":56.01919966181262,"standard_error":0.0038282105613400763},"median_abs_dev":{"confidence_interval":{"confidence_level":0.95,"lower_bound":0.010486757756505892,"upper_bound":0.026834720521591835},"point_estimate":0.017578824120332768,"standard_error":0.004199956604234249},"slope":{"confidence_interval":{"confidence_level":0.95,"lower_bound":56.015566853852214,"upper_bound":56.02342255090124},"point_estimate":56.019361034919754,"standard_error":0.002009718328241402},"std_dev":{"confidence_interval":{"confidence_level":0.95,"lower_bound":0.030356666814426652,"upper_bound":0.10818982337939276},"point_estimate":0.07332371758470668,"standard_error":0.020072206740909072}}