{"mean":{"confidence_interval":{"confidence_level":0.95,"lower_bound":20.013180736436013,"upper_bound":20.025369457077456},"point_estimate":20.018452921185443,"standard_error":0.003140736262824772},"median":{"confidence_interval":{"confidence_level":0.95,"lower_bound":20.006604844814536,"upper_bound":20.01355731304036},"point_estimate":20.00927281168543,"standard_error":0.0018827814315553759},"median_abs_dev":{"confidence_interval":{"confidence_level":0.95,"lower_bound":0.005164243974821285,"upper_bound":0.013026026995726369},"point_estimate":0.00859311331235401,"standard_error":0.0020503502972099587},"slope":{"confidence_interval":{"confidence_level":0.95,"lower_bound":20.007536879617554,"upper_bound":20.011277419984257},"point_estimate":20.009352538019684,"standard_error":0.0009554313394020283},"std_dev":{"confidence_interval":{"confidence_level":0.95,"lower_bound":0.013478443996701355,"upper_bound":0.048422924509746654},"point_estimate":0.03163874676680325,"standard_error":0.00982091202513669}}