{"mean":{"confidence_interval":{"confidence_level":0.95,"lower_bound":34.00779839038688,"upper_bound":34.01544241882941},"point_estimate":34.011262445335554,"standard_error":0.0019701788536972027},"median":{"confidence_interval":{"confidence_level":0.95,"lower_bound":34.003356629905106,"upper_bound":34.00720832602152},"point_estimate":34.004712509965294,"standard_error":0.0010455269751461639},"median_abs_dev":{"confidence_interval":{"confidence_level":0.95,"lower_bound":0.002577858973746547,"upper_bound":0.006879401145129042},"point_estimate":0.004482748903598594,"standard_error":0.001138714813020368},"slope":{"confidence_interval":{"confidence_level":0.95,"lower_bound":34.003960629442155,"upper_bound":34.005944514086686},"point_estimate":34.00490647153012,"standard_error":0.0005062076490808825},"std_dev":{"confidence_interval":{"confidence_level":0.95,"lower_bound":0.010633667994522568,"upper_bound":0.027734875329574082},"point_estimate":0.019863308785693312,"standard_error":0.004423792140776144}}