{"mean":{"confidence_interval":{"confidence_level":0.95,"lower_bound":31.006364490593263,"upper_bound":31.02837327164507},"point_estimate":31.014182948674005,"standard_error":0.006564116415537884},"median":{"confidence_interval":{"confidence_level":0.95,"lower_bound":31.003319483621762,"upper_bound":31.00670032210109},"point_estimate":31.004709188074525,"standard_error":0.0009286562319307491},"median_abs_dev":{"confidence_interval":{"confidence_level":0.95,"lower_bound":0.002590861337579621,"upper_bound":0.0063863640030171484},"point_estimate":0.0043365540268290904,"standard_error":0.000974222873913986},"slope":{"confidence_interval":{"confidence_level":0.95,"lower_bound":31.003686296659723,"upper_bound":31.005433632962625},"point_estimate":31.004540619206217,"standard_error":0.00044461555175916},"std_dev":{"confidence_interval":{"confidence_level":0.95,"lower_bound":0.006237526156780205,"upper_bound":0.11212715644734138},"point_estimate":0.06577314292203251,"standard_error":0.037115606008262164}}