{"mean":{"confidence_interval":{"confidence_level":0.95,"lower_bound":21.005343445996797,"upper_bound":21.0103128069806},"point_estimate":21.00753194361963,"standard_error":0.0012726575699413642},"median":{"confidence_interval":{"confidence_level":0.95,"lower_bound":21.002478652751424,"upper_bound":21.00515694180898},"point_estimate":21.003606505326147,"standard_error":0.0007674253912413696},"median_abs_dev":{"confidence_interval":{"confidence_level":0.95,"lower_bound":0.0019305030790352994,"upper_bound":0.0051405602235109},"point_estimate":0.003373841728288761,"standard_error":0.0008417105299403114},"slope":{"confidence_interval":{"confidence_level":0.95,"lower_bound":21.00293680127045,"upper_bound":21.004890396678647},"point_estimate":21.00381803926803,"standard_error":0.0004993741277476145},"std_dev":{"confidence_interval":{"confidence_level":0.95,"lower_bound":0.006269500377432129,"upper_bound":0.01886000969705943},"point_estimate":0.012726049015053448,"standard_error":0.0034264098540279756}}