{"mean":{"confidence_interval":{"confidence_level":0.95,"lower_bound":-0.00013799718569005857,"upper_bound":0.00031343467272245117},"point_estimate":0.00007571469328571112,"standard_error":0.00011222244055203985},"median":{"confidence_interval":{"confidence_level":0.95,"lower_bound":-0.00009899404886057614,"upper_bound":0.0001015666484600608},"point_estimate":6.505435172776686e-7,"standard_error":0.00005016960641687435}}