{"mean":{"confidence_interval":{"confidence_level":0.95,"lower_bound":56.012853759776924,"upper_bound":56.024644667529714},"point_estimate":56.01791312426355,"standard_error":0.00304678657325731},"median":{"confidence_interval":{"confidence_level":0.95,"lower_bound":56.00660134806476,"upper_bound":56.013654238283195},"point_estimate":56.009365007671235,"standard_error":0.0018749069485079358},"median_abs_dev":{"confidence_interval":{"confidence_level":0.95,"lower_bound":0.0051663734796255165,"upper_bound":0.012784757112778173},"point_estimate":0.008649977775894414,"standard_error":0.0019601344650072364},"slope":{"confidence_interval":{"confidence_level":0.95,"lower_bound":56.00748636957629,"upper_bound":56.01114991768744},"point_estimate":56.009262329218,"standard_error":0.0009359619508056563},"std_dev":{"confidence_interval":{"confidence_level":0.95,"lower_bound":0.012735508373150102,"upper_bound":0.04724374834000411},"point_estimate":0.03055854983168954,"standard_error":0.009719296103683267}}